address,maxMint
0x0000001f1C5F0D3D5Ec4ADDFf332a9502465cF26,2
0x000000D2ED41EAa14f25Fc3832D87dD8D62A336b,2
0x00000957dcA2Ef6AA1D72F8BCa43B4519B63B657,2
0x00003E81818a2F1e1ffC41DC47D4b1716110B90a,2
0x0000fF16022B3c02f5e59f33955eC671538b0445,2
0x0002937C976286ede8BbC21D2bb35f2a80ac1af3,2
0x0004F864809eF03ABD2c3B1D3742c4451CabE2eF,2
0x00057ecdC9882fA43Dd2d732DDD43479806268a2,2
0x0005bC5D1Eb4e9b3b3D32F09655728F5734EFedd,2
0x0005EAcb6e7c57BC9BD988E613ed9Cc4cda1F386,2
0x000DBb8282f6e1f8945Ba6d94FD1652544944A44,2
0x0010404a49cfECdFFC852F4926B82CF5501e5Fe8,2
0x00179A311d6B239F2d367372b0Dd7799946e6AB6,2
0x001890eb39b44C56b73b40bbEA4adF20cb8a664B,2
0x0020Feae63b97178aF832bE1112255324b71888E,2
0x0023ddffDdD8Dc9B20A7Df575D274827C1323380,2
0x00255c82f6aF614E56f73b74F3F16A5eBEC1Fb0D,2
0x0034715C175F3dC3c07f0F3DBD462d34b1B57649,2
0x0039101dF1187c4adc97B912b8Bf603d6deDB944,2
0x004114D23bDACb07FA006b86A8b6a039B3ba0673,2
0x0042D6a66560fc330016e3e0Ac8650F61836dafD,2
0x0046F17eEfd6FB6DF9FE5f0dadBB2eb99133E31C,2
0x004eC902C941139e177d92ff17614b339655499e,2
0x004effdDADfB097161db5897C1f078D4781060a5,2
0x0053b05B6Ed0c47b4e91FA53894eF3817cAB7629,2
0x0056014B7016A0944Ab677D6Faab0c3CEe5c1e4E,2
0x005611D9B688F25c2c9DdE75AE95Abc3002478CA,2
0x005B55Ac8DE90d65c1d4c844e8AEC3B7B938471F,2
0x006fD9F7547c8b7320eC83EB253F09a69cDd8452,2
0x00751145077c039793ce4bC51BCbFf862a2681f0,2
0x007903C575e453B0A46EEfB1a15Ae2C3B2fBbF45,2
0x007a905EC15a898BD2FFcebb37c9A85b120F3232,2
0x0086cdDFd4982a92958aea12515578b3ab30eB3a,2
0x0092A40D44d331F1b1084215F2e9E66735D25263,2
0x009615E07c525de5b6C9d04A2b2F05F381729dF6,2
0x0098d077aa7c05AcA4aAb0327C28198Fd6C592E9,2
0x00A5ABe53CaC8b9B38E20b39Ed265b7dF1342A7e,2
0x00AA4aB6FE002A58EC8E576b1827eCb9cf524c71,2
0x00b4D49660eef45DD5513F863eb915FB913F6549,2
0x00b62AE5763814bBd1c19EA9E70D8210f26c7Ac7,2
0x00ba47EF9B4b953CE215B7c9a242190Adf8cdD29,2
0x00bc7e7a6B29d8f55b8Af8F62fDa7ED20f2798e5,2
0x00c2aE3D1eB013801176F19899944d11B589049f,2
0x00C47ef3198A2dB24e1FF1d42981117631661b0c,2
0x00cb8f53dAFd4A3dD93d6202aA05a8d2D49c75bD,2
0x00CcF032e0D14CF0cFe5B6A7da205f16d42c342B,2
0x00cFE83402F380Ca9199c93688bE286c3636d722,2
0x00d6d0B348320d1748922c03274489e02d00F3b1,2
0x00Da6603Cfb75e07846906201597DdC2239d728c,2
0x00e169DbF30d8672d3341A6A711582EC8d0a73e9,2
0x00E484DA1156202e9Dd341aD7Ea9c908bB919E96,2
0x00e6B501601C069476aCdB9b8A3C04D8f735AEd0,2
0x00e794BA5ce5C9C5714b5bbb2cBb763310a0D55b,2
0x00e843056dd3fA34441E9a1009b1E354d83068a8,2
0x00edf8e6eee1706bca287d6e9ed23bf767fc4a07,2
0x00F87DF168c5B91b0661d1169d48e664F49E1563,2
0x00f901ccb33361fe8AF99B57756A6ed21079D29e,2
0x00F9E8e826aE23de37C96fDB25cce6102F3D5C0E,2
0x01001fA0B91d3cC5D33b304D4142955bD45Ec71E,2
0x0105E11451a2F78f9Db2F27aeE4FA00Dd612460f,2
0x010ACCF8c7c085770bD531f9Ffb2ba7112aB957B,2
0x010FdF27aFe8fF560fAFfF04df26DBb0A23793B7,2
0x0110ED03B080b2022a691229ae12381e9b222222,2
0x01117E94f863AcafB8F0Db5C05F5Cb58a20E16A8,2
0x011470d6f69ec108c5fd721b3560ca2f13d5f7e8,2
0x0116E6Ee38cB91fbb97ad7BC0ec20fbac937dE6F,2
0x01180F770161351e946f6665befA13beb56898fA,2
0x011850a6771F7eFb6d6Ec12C5020c34A6c4fEF39,2
0x011899A11BBBBd165c7bb17d9fCa0ee17a2d48F2,2
0x012426103464E507929b4397864C1b5f5876443B,2
0x0125405429C5BBab98b45209Cdcfb436D138Bd53,2
0x012ed994df76022637F79fF9E209D7D44a4D1c8e,2
0x01309F3916A147bfABD4C62744B70ea7aC7024F7,2
0x0131f67a5ca6577970F8834cD7F4829F25a9d2d6,2
0x0147A2D38AcC12B88432F49B9A1dAc86f6793220,2
0x014F92A0fD35EFE017d3E6DB83f884Fb951f6828,2
0x01563633b2393D302B5A9B6322C671c6C72B3866,2
0x0162b70d56e45A60d8d53257f115481717EA0145,2
0x016408917243A1448a87Af75FEA127Dd0280b2b4,2
0x0166CE454f3661C15964E4f995367b69C820c7B7,2
0x016C0735811FF098efe5bd5653Bb8c31442B2A43,2
0x0175b01D8ef9b494888D6baBdbC4f6d89F74de65,2
0x01788e63E54d738F0DAC036DE1392284d467897F,2
0x017F73D42e45320e12F164e8d1B109Df18c4056a,2
0x01859354D54a0bd7Ea6234Cd46163a926e74C641,2
0x018E7a50347416bC7570f9672520FA82a5951aeC,2
0x0191151007c6e3D156F2C14f0115716A7d1904f2,2
0x0193efE94e31d6fc171E5094f850A44d58F07d05,2
0x01951Fdd9581F7de3c54c548e4513d8BC66E6F62,2
0x01975a07D85f8Ec242e46241086889F2CfeD9390,2
0x019885bEc6dA31899E66Ff6CfbC0206f33674960,2
0x019ae3430263F42254D22F427f8DCF3f5f7Ba9fF,2
0x019B0EE245fb09aaf92aC93Ca3309832B7974681,2
0x019B581Ce7cf1007d4f84EB783a19652803f339c,2
0x01a18B4ADbc7A0e19fCfbdf63E85EC6F3c9ce9e7,2
0x01a2052d61E4558cACce7D4b2E795e9793E6b0FC,2
0x01a21325dc02f6d246a30827846d8930b6b96130,2
0x01a21e0E34514ec4703Bd50114f72004FafE5aef,2
0x01a3Ee906f482b90287C8f38043a01d58374065d,2
0x01A45E8F826976b6bD7792B35FD0978Ea163d27c,2
0x01b2fafcD3047d745AF41B69F5356403070eB39B,2
0x01b35bd1609f6BD5eE5Ce564a971D4A0AFefCAfB,2
0x01bfd56774E74C6eCA8Ca3da1Eac7648e4EFF44C,2
0x01C1844695bAA813691b9ACc12c8296a3540Bfc3,2
0x01c69581A08264D98B1A88b8d3f8668900eAEdA5,2
0x01c7F4B6076650abfF3a0F536ED4496BE4E9efA0,2
0x01C88DE04Cba24cAeCcaD37f4D5FbdB96B596FE2,2
0x01cc786DcAB13E3D327cca172E8CAEEA321221D0,2
0x01d8978564fDe99FC4609892ac7b605f85600803,2
0x01D9d828ed96C872447938D55972384Fa562a33b,2
0x01DA885c11a9579DeA551023571588D5fb74e949,2
0x01DABE61288e66Bb07efE6C0153905e9E948f07f,2
0x01df3E0a8AD6663e19Bd10f1a6eD1A7cC215Fb87,2
0x01E19f446c08FcFf6d9DAA1883211ef0b47812c2,2
0x01eD2C5556bC14C999489a9a452CC71Cb6A79d78,2
0x01F109Ac6e947715B3C3c506eE60D324D45EdcD3,2
0x01F652A1900328Ec98dEd9187CAa36DcE70d9f41,2
0x01F8b5F1c6e0486526008F24F52AC2345077F01C,2
0x01Fd932D6aD813576f77Fe76097634E3749f9038,2
0x021d97eC8275305fe645503e173626C980513110,2
0x021EC710f2C99cFF5E3804A01267AD021e23D9C7,2
0x0220159B31f41CD6F38034f2A9804e5C091Ed5bc,2
0x0220c2b16Db8F2748edc419b4cAeF88e30464909,2
0x02231F8BdC8565EbD7b838f6C39C6ad87356Fd8F,2
0x022592B93bff1082CE9b56eB753611e45dD2F552,2
0x02287eA24De23D631bA8faDDce22d6F075090782,2
0x022bcd39b9e02eA7D6b935e66aeDc9c6096472e6,2
0x0241dfB8165Dac08d3F78cb931cf46D110f16733,2
0x024AEF1375c1701693b2a0c8e8AD7BaDf0dCe493,2
0x024BF9beC3EbB48b115E6dB792f66f7881520f84,2
0x024CD727af0fc4C1f97E8Ced8eA1cDf6285a973b,2
0x024d70bA9ac15CB927DFe1D1Cb6036730D75B3a8,2
0x0252F92Ee3F4430AC419fC3E9aE31DF718990842,2
0x02545ba796d3818003f104a60a39f838ce4c507F,2
0x025796143E4eBd926f591bA43Fe423dbbC7A5f18,2
0x02644a61D754b28B67E529D62A3ff6A48889c0B6,2
0x026926f9ca5c1419b3aa9494726e0402c23596ec,2
0x027050e062Ab1A7695e2b4Ac3B7efa0D251D3d09,2
0x0272c2c6C3175AaEEcaae271aA4A6FB322742A28,2
0x028427038C45F827c94754eAd2c696C1A764CB0b,2
0x0284Ad33a0450E086C413078BA60Cde9764B3098,2
0x02887E30e3C32F697745984059e1730E91d91290,2
0x028A68B6d3BCF258A8116fB34f6E5ED0F0CfD031,2
0x0291D2f78AcEaa5b6169a8Df798A145dE379B094,2
0x0296Ffd6bf85aA118995ED06608F475Ef133f8dB,2
0x0299c8Fde5392247e060514A3e88D75e49EB6A44,2
0x029ADFaC94e373D890Cd1a387409d2F0e30B362f,2
0x029e13C1dCde8972361C9552Ced69b97596e0E86,2
0x029f0F3596ea2fa3373a2D8c1b9911989b3Ac005,2
0x02A73cD5C9135b68798838407a136B41ddeA3c5E,2
0x02A9Aa8911A68870d0c77F139296476aA9eaA32E,2
0x02AA5A632a3FC65c7CF34C4CC5C9401f941A3b66,2
0x02bB4705470f81538f9b4BD1bcCC8131490101e6,2
0x02Bc2501e14ca7511A6048088214473E0D0D5f62,2
0x02bf190B01291361fee408855db2A87F1D137B0a,2
0x02C2e025b219976C85B70A2E0Cf110c97930E8C9,2
0x02C61041aD011c6125416272867F98AA560cDD94,2
0x02c6B11Bc45fe5e4B4566c40dec7eA11E7854946,2
0x02c749407b8470aDDc5f261153EC0729633cf4a8,2
0x02d62FC180163F3445564B31B1fc85eCD6c3CD1b,2
0x02D73AcC2c609D1FBdF0a1D42E29E406ec8dA2Bf,2
0x02DEF56cC27007111ABd9F926D2DAaE626980447,2
0x02E797524881ed9e188E163914f4ffaeea93eB2F,2
0x02e86B875F75ff8280186e56FdE41C5E1a446A8D,2
0x02EABc3fEe6634E9Cab706eb7Ed2EAe813172565,2
0x02f1e2947a99e299feb8da364e1ab89370ddbed3,2
0x02F24bF9D198bF1a645c5b1643c4b754BfD1d4e6,2
0x02f25C5d8Cef1da3ACD5c651dB0a16B85c18D233,2
0x02Fb3E88E8953F2D860Ab135F9982E75C3Cc5C1c,2
0x02fd702F44e92E1AECEf1Ca31e5Ea6233352FbE0,2
0x02Fff71197f23e83136D4d5668B39abc59e01491,2
0x03026730029e59b9844F33f1BaC4bB05ffE48c58,2
0x030b520255368d54773d62F7ccb6A7f8afE3331F,2
0x0312E9F42a9c71f1f9AC1E478ec4Fb00841d7161,2
0x0316e062b4c37415b342FedC04266f9E7A715078,2
0x031F72dEB03C509af42624ddcD1f63fce5eCb220,2
0x03241149Bf3f193469D0a935667982356690e97A,2
0x0330c267Eab9a1d26e2606772C48106eD29f4987,2
0x033DbA4d784a32164204302027d4Abb1Dd4F8892,2
0x034390F946f7518F30Fa0B15C33772CB7E05CB32,2
0x034c3756fff9b5D39808B77402E328119F9fC575,2
0x035Bd9f9C34c3119433F8895C00FFA556D1d14d2,2
0x035C0995A1E2b93fbF49310636959745573c1A62,2
0x035e754c511279C78c2A24a18223E65Dbf3F150a,2
0x0361eF1bAD9c4F15380E17F0f46b7B8f9fE542B1,2
0x0364368C28c6b3044509e53f04BB6809F4e9e520,2
0x036555017c93d571e65091D9F3C95CC7a5CfAfeD,2
0x03686565c10B560e93bdE85DB606df72F8DF1bC6,2
0x036d78c5e87E0aA07Bf61815d1efFe10C9FD5275,2
0x03705f3D556b28F32582E4b250446238FE847525,2
0x03764e5BEa8cFb78b467e68eb6D552bd8A10dea4,2
0x03879dA9151Af28D8Aa88a407D29473086b03f35,2
0x038Aaa31D75eF5dc0783f9Fde5422A7b928A3111,2
0x0390473E2749AF579ab4615F1E9C8Ec2d8AE4206,2
0x03914660E66B1dFe031FCD5336947949119ef40F,2
0x039b8890B232C58B18bB45EEce925479969B1C92,2
0x039c1359ce91bA217db63E8E0c5bEcB47639A716,2
0x03a025afad1e656b9Df32f2620717875a48e6B1A,2
0x03a94910ee0b2194292f38886dC0b781440e93a5,2
0x03b1E1C45Bc4D33fCe98c5b0d7E41C642Da0E389,2
0x03B4D3Bc92BBDB5cd860E696F022E7e36F9f1B2F,2
0x03b93DC490dB5d6BeeeD75499176E271AcbF5878,2
0x03c7C759069bFC5841435811e6B2140324a83cB2,2
0x03d2A1040f974cb06F0c7F9B862E1607E583035D,2
0x03D662Ac67ef9c1B8c3cca5FCd1c35EB2DA00000,2
0x03d749966Cc5Bb0e89a5276bB9Aaa074aBf59395,2
0x03d8e5302FfFDF25C5c879Df775CF218CFB5FB95,2
0x03E3E8C30217227D0c59421405cCeFAD0c100000,2
0x03e49b12E9D212BA26B4Ee326b1C86ED12Bf0b4A,2
0x03E5DA204Fc5Aa3ECEFF68ef67E0d50789502cD1,2
0x03ea6F123d1eC2E08F3006e1640d54b11778f4Ed,2
0x03f0995E7352fdd38a5aaa02783C7aFb3E557c7E,2
0x03f951BAA9A08901B77D1e3f858D6F3e5B53CFFb,2
0x03fAA4AFC24dAF52c92916aB293326eB985cacB1,2
0x03FB8F117E0c9ff609b3059eC6fA0416f6d974A8,2
0x03FDef14113fFCe886A4B61FA08A0C747E87aA96,2
0x03FEa2AC8E5f303A03aAE27472c7171a9DD77522,2
0x0400A2f8C8D62B9bb74FDeb3196aC86ed9507762,2
0x040F94C17a309e5e9245e7DC198472e1354e4073,2
0x0413c3A0E3E07894d6831570c08eBE8AFdf65742,2
0x0413d4296CD1300dFc5a931D0ACF4F0630Cde08A,2
0x041516b94329b126f9D7276138E11191637bE5eA,2
0x04169557C76D35C98EF7220Bc0Be4deF4e740E78,2
0x0419083205EE939E3e93ac94Ac76b0570220A8C5,2
0x0428EF4923513f73D53FD6c28875574fc7ED0413,2
0x0429166bB3DDb487942f345810340100680d51a9,2
0x0429cA0978aF1e231b657ECD4B514823B7a44444,2
0x0429EFC8AB4FdfD545f8D904e8093cDB8C4CAE49,2
0x0433767f856e0281ABD4343134786AE50bA90E64,2
0x04343cCA9b50C24ab0F37195db72f6efE8711161,2
0x04344Cf59EE5eEa39A3166C280d3A7A0B86370C2,2
0x043eA1350d4DBdc85cD25412A07eb8B32d0432d3,2
0x043F50a2Cb83EA4764Da42856C1C076D68A26EEd,2
0x04408b37c8F73D7b3AB7A3438feB0c8ED5919fBD,2
0x04490fB053a8Ff110bea35F22D955C0092aAE5f8,2
0x044a7BC3DED4Eb5aC32FA116A76A4c220ae4E455,2
0x0452cE04545BFEE64eC03A68D32568551d24F21d,2
0x045775ef38de32129777Df2924797807CC437A4c,2
0x045EF4dC30B5943Ab9309f9dA2E1714FB6e57943,2
0x0460eEeF28Ff368b44a7A139D0AF9424Dd5868b6,2
0x047424e77Cf9F7d593Eb0337917aD0002D7f8A7c,2
0x0476Ecb5484071C6a5422A47EB8A9978dec65eE0,2
0x04782174397c3ed28Ab56b4d0124a572bbeF467c,2
0x047C4d7Af709ae19D3BBbD5F9E10461d2554dA00,2
0x047C81a5f1A06930142BF84a8B2eEAA2f30BdA23,2
0x047d1fd8Fe986dA8Df8B728553c816684f621BC9,2
0x047eA31614FC085cE7B80412FBaB65fD51a8bb7a,2
0x048bA39395E383e006f4159d517F19B6b9374701,2
0x048d3f9F9C78b9807d20aB7A273C459277f4EB6C,2
0x048E8d6d6268eFb326Dd4cf638F6615Fb989c802,2
0x0496c84FD12aBE8F892Fa705B1f2046113404023,2
0x049A3588Cbdaf32462b9A5710fd4AC5E5748d9A7,2
0x04a41046675A040b8D5EB03FEFA29Dd2aeAe0c51,2
0x04ab971d21515a62066C38ca5A7683d3770B9fBE,2
0x04adD7Cde160Bc2A7E74905125790BE01d49ba33,2
0x04aF25Ec41789822a05B737e3fC1F8A5627Fcc89,2
0x04AF8842322e35aa9e1cd9333Ba9774504177Adb,2
0x04aFC59ffD8964AbCBBF1D0cbEF67c736b854C18,2
0x04B14DDF5d7Fb69542c04b7f57F5179FFd9d57bd,2
0x04B214D9C4d59d64A31C228D8Bf4D07e523FEbbE,2
0x04B6F5794d0A6E164d62f87f4adcC820EF93896C,2
0x04c43E2f7a1A22b612d3158990A8d7720055B14E,2
0x04c5879ecef9B21dd80d2c0abDfDBd28fa17f1E9,2
0x04c9aAC8C0cb21aE9386Ec2265476c53a482F171,2
0x04CB6e156b919a845F9cAD60e591a5c50d5a890d,2
0x04CF26d0f1E7203318bb3f2B77Fb19Eb06bfd128,2
0x04d362d2b00DA00CDAf8eef9Cb625afEF3bcE834,2
0x04D84aeB45C77D4E7F8E840f83E0aBDA5D21a362,2
0x04dBD700C790aeeEf8Dd2995302f99Dc6915bf6A,2
0x04DbE20567873a5f85768c7dECbaA2f7DB06c261,2
0x04E03AF93B7678280ed47F615FEDC67de1FB0656,2
0x04e165A7d0377D6fB814880c4A34Ffcd5384c374,2
0x04EC517d889461D81d851D2CaC3740DF7490D493,2
0x04Edc1e0d53F5cF80C95159987681473eb6f10d3,2
0x04F0449fdC4E4424dE46A0807Bc5b854c83C9b80,2
0x04fcbCA5Eb6B969d080f059ff3944a6240c7a901,2
0x05016A8e6638d5e789d38Ba90fd473Cb83164db3,2
0x050a026F568765b78dC85A50f2E8dbF77A7687d4,2
0x050C1C3D2E802dD6208Acee28806CC65f35F9327,2
0x0514Bdbab1dDEA908e4d94826668F15d8eDefa6d,2
0x05159324A176A1A573E7c7f26C20b75e00bf08c5,2
0x05175fd08ad629c576aC5Cac8357Cf5274cC35E6,2
0x0519db005BD0e7c7F9577C8Fdab46A53619B82ec,2
0x05244d033956fFce13dA8331a6Dd1E183d917194,2
0x05257eF1A6b0C71c384e14c305356164B10A533a,2
0x0525f84bA9878c75aeD22AC2EDa6c4369DC0dBf5,2
0x0528dEA606B79EAf2a42961bE7a79F87163f0b42,2
0x0531Fb8E405c517E35BbAB2690CD5A081035010E,2
0x0541F8eebdE363DC2Cf31D50EA2975FddD5D06a1,2
0x05429b1ee26f346DEB872cEef75339D8E7cD41bF,2
0x054945536f993BF991B4e1Df96f49Fd75c09126E,2
0x054DBA6ae7b0Ea332F8f97B2a1079071db1C97f7,2
0x0556f2F94eFd53f2D3F8281dd3b88D6341E4B659,2
0x055a2F5c36df3658E187E491C0524c673dF1E027,2
0x056fa1044214421f3B6A5614F2ce79F7812B05F4,2
0x057291BD078F28687009ec4f17672adf6FE88423,2
0x057587D7f03D8909409d30d51C4dab6169f6d476,2
0x0579c6285A429047D2c1758148a7da25F12811cd,2
0x057EdC47EA5d0eDe6e1E4c014fFf9fd52AD52271,2
0x0581936E1F3e3757ad2b2deF43C9C6a1f3e86945,2
0x058D631049926357C9cB43946a7E89F498A996EE,2
0x058d83Fc1b71D19046B7164b3d751E61C89cBB65,2
0x058FA0106B7d6ADa6E5eDf5f9b0758169F90F07C,2
0x059597640CA0FBc8724E1563dA54faA468064540,2
0x059EE7446eBdAb11ae742D4511dea933e36232B6,2
0x05A0bB1b8783e81E381b58F8953BcDc9d3E547AE,2
0x05a2F0eeF8c2b4c68e5C0b5801D8fCC1b42B6Cb9,2
0x05A4Ff55AcD574D9790e8Fb286bcB0babC6c0368,2
0x05A9d8753b179d354AE8003e5794A15CfA545248,2
0x05AC1D9D02aC93012b8C33e30A290579756d6215,2
0x05AE0eBcc5D116895A713A6805A81dfc33BA16bE,2
0x05b2847b51f1c36bbAf8d61555ccF0624a921E56,2
0x05bb970b2562DD9b1CA4Ea518121814f2f472F03,2
0x05C2180311D253263d1aa8fC08fbC6dEcf2A85FD,2
0x05Cff0AFDcFd9389068aD47FD00Bb4F08b53a152,2
0x05e57cD07d50971B44D7634d8F4E5922515bE259,2
0x05EdA7ED39f85A4A6579d9A5EBCc08c77380FE1E,2
0x05F1794607f6515017C3bc526A8d89A2D4230Ebd,2
0x05F3C3840160ed96722D2aE790cCF369d357363e,2
0x05F7f64420fa4988FA440eA41e8876fEd0217637,2
0x05Ff7c8544fBD6d0a51ebA3c3Ae3cE29642e864e,2
0x06111aCCD27C6CA18dC7Df946B4A97036833Ab65,2
0x06129e2A6B7582ed11851E9C5bDb0Ef55b76C24b,2
0x061C594850b9fAE25cB8F832Cf24E69fB0CfE61c,2
0x061f7DA2187f9B8f5F02171C799E7428cDC5739f,2
0x062be52A92bd0FE0b1335A16fAFB138B003e520C,2
0x063761b4FdeA48679e8ef3a31a56Bb8A1013102C,2
0x0640390CFD85a14C6B84d3021B07a39902A4F65f,2
0x064635e9aD8c770dF4430180f0983AC0C59fC3FC,2
0x064A776358F58fE6b1EfFB838Dd96766b1fb489b,2
0x065424B587BDC138C15D57C02063563355514aE9,2
0x065F250BF9C973ba73187c4f3EC0B1D3BdfBB740,2
0x0661AAda84De60891E14C483Ac414aD039B3cdf6,2
0x06691A22B31b0878b879642527FD7eA038066595,2
0x066fDb4dc75D8D55f75d2d02cde10A92031A64B6,2
0x066FE3aadFa0Aa8B97f444BCAAc942d80286f278,2
0x0671D9D0C22ED0c52e677a2a505d5C52B081285b,2
0x067358fcea320E17453560Ca51fF525A38Dbc420,2
0x0683B43A526aF50e442571A96001005b84Ad56dC,2
0x068959BbA6641FA13015e649Ad4aCBCe1f80Feaa,2
0x068EA5a3ec0d4fF22A6f100A7b2a6Ff12cFeeA47,2
0x06a6b06A7B06dAf67A22cE1cB30435c0864B1892,2
0x06B185f8A34cFE397A14cc136C3d59e6F3772688,2
0x06B3440Cd9D387c08a4A68d4C5ea5fFac6E38BAb,2
0x06bEc1Ae99B981a2e8d961F3b783CED8D97bb7EC,2
0x06c252FBE01e5c4B7790DA9Bab918A444509ED7e,2
0x06C3795947c6819BA7c65aD302989BCC9948b8E3,2
0x06C9F6eC7054Ba093e26f2FF4B947CE25524e20A,2
0x06D238F4bFe793D6a068f4Cd2aA4e346Aa95A6F0,2
0x06E1AB8BaA241b8A527dBC320573305C7eE80528,2
0x06E2f0f809484e7F4F1f42f390Afd38844e2C815,2
0x06E6741DEf5f8c074973a1c8cf5bef933cC86519,2
0x06f844E25622eE91589EeA5fb6bf83A4071a33a1,2
0x06FA1BBfc07bd34b91038Ad4Cb8A9a4e7DB54289,2
0x0700324d90a817277ac7fa91fb518f2c1d5691Bb,2
0x07023c87471184Ea2E837037ed6778999173276a,2
0x07188e1F2a35d9f41062F9331Dfc1461AD983aeC,2
0x07222e1dd159Df2da313d88baAa960650DFA7431,2
0x0722A10ebFaC61c833406F186cD90adDcdBCA53c,2
0x07248A4F824630267794344c8952Eaeba9AB4C21,2
0x072Adc08ef0D776eB59d9E900E2AAd60b9356982,2
0x072B96cF92Aa03f453CcFb114A166D11f88A3414,2
0x07319E15211b8247A83cFd6B157f858900c5Fe2c,2
0x073587790AE03769e38F221cE27475D213cc1CB6,2
0x07478CA73ecdc461cd033d2e6c1b4CEfda82d0b9,2
0x074D920Bf41106a6248a3E8EdFf3A3a78437a761,2
0x07545d5ab6D8a7A8BD356a723E7722dEA898Daee,2
0x075F28f27393fD63b7309225e08f3e5930C6BcF2,2
0x0773da0c080E4158B649BCF3A218F8b68898c76f,2
0x0775Ef54F487C6da771D29BA46C500e99397e7a5,2
0x0778EB4E4dC8946B7263b4A30a61D3e5bF748dca,2
0x077aC19FF94d46F7155Ea660C92ab53bf8868763,2
0x07830Cd8957ad16d508385356143611775ECFAc7,2
0x07856De09e8C0C2427E16b9372EBF4D80257a5cD,2
0x078C1a795E56674cE3E0cDef5BbA886C616B4927,2
0x079049359474d0Ad71406C165d4Dd0041660567a,2
0x079B9956EeE4f2C943c195b64FeA55E83072BA6b,2
0x079E7b4bd6eBdAC4d60214E0d1340C8a19cF9343,2
0x07a4C7ea535982d1081122D871E37185Af099933,2
0x07ada54bcCEe543D35DcD9e0FAa541e3932Ef02a,2
0x07b0E21FF4a623c20a9042AB89c9641deDFCf528,2
0x07B1f9A4C2Af9443Cbf9549534Ed37536499C238,2
0x07B331b9D52e4F747F3850042271D3F6D067D40a,2
0x07B52ebC029eddaf2b42a97CC7eF95467eD0d288,2
0x07bE49F0d9b8864Dec98EfF40BDBeD45632e43B1,2
0x07c0a96F2F70B104f433a0295234e4Ec8Fce6f4B,2
0x07c743384dd536aAB7e7701424EA3bbE0CdeD317,2
0x07C94009Fbac41B2c8b6d43D1c2E0B19a8F7eC00,2
0x07CCe8EFD6eB728cE54d43C21eBc0B78Aa27Aea1,2
0x07d0BDbCF1404c09619ADD28f77c65ECFfd9Aa8b,2
0x07D251dc93aff6695Fa148017cA6335b8f688d71,2
0x07D6a50d7fC451b765924267876A0986319FCfDc,2
0x07da53275190346f7E9b04254e412Bba9c6D6b09,2
0x07dDccCd008DE0cd3bC355dA5cc341f84a5c1A43,2
0x07e55172D4C1B1039a6542c2E76EE3335C9b8Ace,2
0x07e8b5aeC72cB270474bBA332B7872fACd67B312,2
0x07Ea99BBb60608770c6976126A6ccA4C4211D7ec,2
0x07ECAE01B354e7fbc3158b5fd2ACf894CE6B44f7,2
0x07ee13Adbc429d26380A475EdeEd902ED74A132e,2
0x07F2b8f07268c284700292B5a457d6CE39805938,2
0x07F83c4F990e9e805c8fD7441da717EDCf7D58e6,2
0x07F8F6b45b416a7E8a1ba296f4167c7c0A566666,2
0x07Fd44843aBa8a92A6478Dd8b8663b1300012AC1,2
0x0800833a3706db6fBbD846d5d1b9370a79Af8097,2
0x0815106E8f0Ffb800Ed09116615E8DfAf40593c7,2
0x081c2D473B62A2c13CFfF364F30B56EBC29b9060,2
0x0824dD5Cc7E27A1FB400e9E54BAAf3bF8dA793D0,2
0x08267CB203b4Cf1066a81B0F218dDdd8f0E33E1E,2
0x082D41D9B0841Db0a1ec1e1960D7d230ad88670E,2
0x082e0ddbA27DE8Db964A64D54e132c2BD5ab93aa,2
0x083296460d904F17dC7025E8994b0E5bf40d805F,2
0x0834A4E1516e568c625238A4ceD196C60259c72C,2
0x08357f1EBABDa15a4e37BFFE61971911039e71Cd,2
0x08437cc3c4E4969276FfC6E92fCd860FE22B3347,2
0x084Ec1A5B2BfeaB562C19D4f584cD8D6Cba0E674,2
0x084F02C4181438802bb5D2A7Cc693125c377d78c,2
0x08562d2317b0a7b7DfAD681c6914DC1E26c1f4C9,2
0x085CC3B155D544d35a48fc9C5501f331bD168312,2
0x086c6b77caEb11b3a94fdD7B38D01Db7c34E1c5F,2
0x0873B7537f4576bbEff61C967858C5ed526e9B84,2
0x087656472e136327E97779962B550167fBd4d5Ea,2
0x087Ad1797185b9af334BDA274c5C1Dbb42052067,2
0x087aFBc0FB55503Fe54078bC6904a1592297422B,2
0x087b7a65193668F832Dce7074E211D4a15bA10c6,2
0x087cDAE4009Af7974fb808Cd4e01414eBF820AB0,2
0x0880A33C861E93802ef66e3124DD82d35DD390De,2
0x0882c7E98b43D62decc53b3E96d8d258FbaDe323,2
0x0884A36c40ADFD036EAE8B1DAE96A1d4F94306Bc,2
0x088739Db2f81281339d60ff12E82f8fF9A1C78BC,2
0x088B0B989567e3a796c688432C5603699Ed3c22D,2
0x08935db01BA6F34f2f11FbFE33Ad20Fdb072A8E8,2
0x089724C75efda0c4B403833A860d1d5c39cEBA76,2
0x089786580b66E76131D8EF9f7D165D1525338143,2
0x08995Ca3D600f3Fe5FA5dc5ea8428638A07fDF32,2
0x0899a5Ec9cA012FAcbce1dbC65F8f990368D2Ea2,2
0x089B6bCDCb980a8967bf5909033fD1BA674BF9A7,2
0x08a015b7e8003B2FB87d5851934138aE1766CDD9,2
0x08a299D89A85F713ee028fbF40F2d81E01E0C202,2
0x08b0889986819AE00038566aA8F975B86aBE4Ead,2
0x08b46603bf11CcD7B553012eEA38259806C6e105,2
0x08b873aA7f56880f4e5E13E9528562a60859611B,2
0x08C6dB213b76c5F15eb49119Ed39f8e02Fa2c265,2
0x08CA6f5A6F4fd7AB4BD6BB754441e90aF3d12eFf,2
0x08D73d02141B23EC97E0336126B9c8836FEf4454,2
0x08DB90Cee8FaBA59893eA2eEe657e5441Ea9AF6d,2
0x08E4E9547cBd46D60Ceb2f85ABFdc5f9B0292956,2
0x08Ea3e82044eCAA0Bd97a771CBFaCd9A5Cc18F3e,2
0x08ea803194dBF3F12D5b3a0bfA65E6d12ec6b04C,2
0x08FA8922e2909Bdd6147d7faf1601f3075c573B7,2
0x08Fba82d8197a9b796d59d430DFc9312961202b1,2
0x08fEe7A8dB1b649e97961C65e90076d8A295d185,2
0x090CED9Ff769A17F3c1a49C3C3a0FA7b80221B3B,2
0x090eB4A344d313781ED1026ACcb62C7B05C566CA,2
0x091e5780009f074C6eDe9E25409299c51385aE4D,2
0x092D5A901864a92D044F6C14D23f72deB7698181,2
0x092fb6e541526355d019aA1Be69Dd67d40E0F8BD,2
0x093a8C23e6581B363f048F6132807cE45EB03148,2
0x093F9606E9997c489DE723E63C0DE0c0A5C73a8E,2
0x094fcDb032A71Bbd4B59C78A04bd293bB94F6231,2
0x0952C26B66bb23a24C986eE4dd9cdFb78b243fFC,2
0x09552182f27B44A5B2E057c7B3dCef1DA2d60451,2
0x0959F0449Dce8c84dCADe6223685D9220F84702D,2
0x095af6E637942F93638eD77f175df3CA2BaE7987,2
0x095ca29cF6487eF59Ddfd99adc8c248CB13217b3,2
0x095E68Af17de0275f3806C1f8E2109Adf4B092Fd,2
0x096A87a6b5F953BDDc67F3eE55D811b5e4fDB3d7,2
0x096E6667D8542Ba9E1FEf2679E57e32877dc4a08,2
0x096f9D0b527801c7AB8Fc63c6bD2c2Af82dBbA3d,2
0x09720b2A3F1f91D9936bb9178d0e65D1afE6319F,2
0x0975689742417132e437A4881ec5365F78bb652f,2
0x0976ccB6eC8F1ED12EEEe0F948E04F0E853D861a,2
0x0981B2D834cb77912fe0e1Aba44e4C2772adc280,2
0x0983fF74f2d85C93F7e77d39fD3F3C933188997C,2
0x09846C9ED5D569b3c2429b03997Ca9f7bC76393a,2
0x09911bdd231f163317554705C76a4588c298C059,2
0x099427091f703a2Df706441d29A9b2CC738b0199,2
0x09A088d9730adD535B2B288f8815a12274347368,2
0x09ad5033f6DfaeD3396Cc3fD8aDF233FCfe22222,2
0x09Ad99Bb68aA2381b0FfC5E96db4466B8134DE9d,2
0x09aE05EC7F421fa2350Ac2dF08086Bb4A5f2576f,2
0x09b0f729b1f0B219725C8811AB33dBAe5BDb2087,2
0x09B55F547B47e4c2eD52502df918E9705FDCB535,2
0x09B660FeE5B44A499739237189322c2452A29935,2
0x09b8d86cf9684773BA497a79F0DF6Cc3e16f380a,2
0x09c53bEc4c47f7255a6e064b9769afdCBe9e3e6d,2
0x09cae45966724565E31E40882489543a18832eD5,2
0x09D6f23d1cfBDc0E02227E37B3089432194EB2ad,2
0x09d99a81eA9239945Af0d5c9aC13851979cdFc57,2
0x09dA70111f68Af8D241eC9b48CEbB3da3b211866,2
0x09dF8Ed77b2c5E7D86F609cF97A0C9389B2766af,2
0x09EABD1B408Bd52FE0A402Fb9C14D8073090ab23,2
0x0a0019db2C56d1db57c3257632585c00BAD7aE13,2
0x0A08795384851B05A056e684Fe27dBCCa00883CB,2
0x0a09e3Da6cB693eC0013064e1F43b5DCFc9D127c,2
0x0A0Bc1b038d4e25466B3B3EDFb5C8b0c08DA5966,2
0x0a0F7A65e5642DFA9eCa815EBA5334ff71aa7Ab6,2
0x0A16d190d213E8ac142e6F6b215e881758F7f092,2
0x0A178b965b5eD983e941a6301E39F6E0D1cf6C57,2
0x0a1F7240eBe1e2e9E67fb476B1d08195082a2D32,2
0x0a272A6319e3391CBE63B2e3c7e0d31dc55b4A9E,2
0x0a31faA932d8A87C4CF52cFe72730ECB10897231,2
0x0A3570924483D24336Abb44136aB7816854AD444,2
0x0a3b151beeb0ACb8a16CDaD2E186bc6685b821B0,2
0x0a41e8154F52FE3e0A96E3Ab517B819aC4055798,2
0x0A4EBB2B1BC65e47d0194569786a56E5c83F092d,2
0x0A51B906bD9554692a62562Ba004915000A41F62,2
0x0a534043a34a43a78e5585C8Eb95aCc8B3EEEED1,2
0x0a573D7BDcd337324947DB8c6B536A0206099976,2
0x0A591c55351AE0b214F80131266309270634dE88,2
0x0A5ae18bD909362B49A500745361E6321a8A7671,2
0x0a5bb24112B0261aff00b52f31a156b0d5AA8b5A,2
0x0a5E3FC6ce0b12f333538Ec9b9D16bCC2F657ea5,2
0x0A6620FdEdE827abaF127551888816c61A53A9bA,2
0x0a6B4A8AAeeE169D0147468fa7e7708F9A831CDd,2
0x0a78d973f2Dd58603d8376f5D2A059ccbFd82A64,2
0x0a7f988B6cEa3081EBa2896C4f0793c19d2A775E,2
0x0a819F800D273E1bAAF352987175Cc6b07c2FE8C,2
0x0a87E0c48dcBD4fdb4E2864dC109cD92629D1ce1,2
0x0A8B64380e9Dd0D206dd36e54faCc26dB240c43B,2
0x0A8F63C79d45559Cdc329f87Da1C65Dc882De493,2
0x0A9C3cCf75068526854675EC5A7a99948474807B,2
0x0A9Fabd0948DC58B2Ac5158c1Ef95E8744E8d0e2,2
0x0aA8Def8a7e12eA04B1eFeff9d3Bb7473020140c,2
0x0aAB08F8098092504C42CF5b07ea1fe440F95b63,2
0x0aac7C70341Be010B429999265995F85a11D2593,2
0x0aAf12E967BF6a00C863735aAb30031A9aaaC429,2
0x0AB7268beed24ECA12A22D98Bd06f15f3Fce573d,2
0x0Ab8F928ABbb6cb921210335C088F1160332867e,2
0x0aBDbBE2B2Ccd3e9887984EAc652b2b5DD3E8D35,2
0x0aC3a1457646bD7d6bfd3959630cf463fd255b9d,2
0x0AC43071217a24f03EE85B8d73180cD93Be95596,2
0x0Ac4A98521A2Ec369C3F1Db9613b398B34068e4D,2
0x0AC9C0826fd89040790adb645C2bF38234953200,2
0x0ACe27EbA543FCDa9412039b309A321346D395FE,2
0x0AD10a30d017333E345Ada083D5B9f31a19fa68f,2
0x0ADF64E2349aabd202fB2ea340a35A51BD1e6e5E,2
0x0AE368963BBa422D38e4CD75a0D550e22E3Cd003,2
0x0Ae97fb1039Fad83E77db59CA31229DADAe23D92,2
0x0aea13d88e47de8459c1ecccf244ca72f8411226,2
0x0aeCeeAc5Bc35F79569a170e6068948D5a985890,2
0x0AEf0807b6f69A55777d426BaAad95F4695F98Ad,2
0x0afAF9b763EF81Bd33BD82A8e2752730f10Cf075,2
0x0AfC69656c8B860d2f71D9ca02a39D5F7B9e7bD8,2
0x0aFFEE0431721Dc01E6D4C282165051736F9b246,2
0x0b09A9130F2A479C2F6CeAFDaE9D1CC0Ee1E8247,2
0x0b10747093848dB6770994ddc899e0b32548f984,2
0x0b11d1FD84DEC8Bc4c80296306391552716CA9Ee,2
0x0b12A8a077768E036A496bcE6e8A79BC827D29a7,2
0x0b3121608d7F8518132a1a38052A7385484196cd,2
0x0b426ED0fd85C78F1826F10e8c3A31F82781CD42,2
0x0B4478B4031B6Fd2aF8B58873A6193f24D7C5715,2
0x0b44c49cdd1f4fe5A9204f22EC3917E39aeB3F42,2
0x0b478266A243603A0bB8352428fEd063f25cAA35,2
0x0b4C11DBfA7607bB0f56cce4fd63fe8E9cA3c178,2
0x0b50bc3fE888f253d838C2702815Ad2eE02c0EA9,2
0x0B516Edc029eC08075B7d4E0267f6D5015E2C342,2
0x0B5b1F946682fd895af5e1f7A63b51A4e83802Ed,2
0x0B5d52527D3E5F7F387efb40E484C52D2859A235,2
0x0B5dD26f44D36141d97A3bF6841e7bA63C092AF9,2
0x0B62F447A03E3aE1e1B05332364E63A65d3B4895,2
0x0B667C95e0983D9d8D4E03f9b9bBAE9a6B3e6189,2
0x0B7576A64A0F4b4924D55eD328Ede4979446521B,2
0x0b7828f444Bd86CE63c79fD824fB8361ac0CEc1A,2
0x0b79AEf858617ed010fEaa8d3b549e155fC444a2,2
0x0B7ab69c5F1378A074a9a9C0f4C83A35124bc5A8,2
0x0b7bc47C2b617aBcC85779873E34aaDf20eCd60B,2
0x0B7e893fF13f133907750dda65D746f675674a7d,2
0x0b808728c35B93A62bCE56e0075FAAa0e4f3284D,2
0x0B854B7Bb40C48A77E2e5f1B21fFD6b45b6335A4,2
0x0B856c3B6E5093595b4FA4208D21E5fCb3724BDe,2
0x0b870aa917Fd9fe66f8aa7635681130D4bf51386,2
0x0B8ea841c171db4d1dB9F1575D4d4bB0140C80ee,2
0x0B90A59bA334B05dA18A278d98Dc0973117F31eA,2
0x0B90c9A9FDdbD99524F0A3cEacCbF2b81E8945f5,2
0x0B92FCbA7FAB54f2d448584Fcb5a2f841B43cFC7,2
0x0B955540FA2D65B39B2B9516c72D2eFA4359f329,2
0x0B9580C35DB43c1df34096795c7434DCa2069e9c,2
0x0b97c5cC161AFDfA5EF89595d9fDDcB518F59af5,2
0x0b995faded4f98c69bb528626b26fc9507599b7f,2
0x0bad9ED6F1952Ac5Bf34D9A712930babf62C7C47,2
0x0bb41C4f6f55c7b47E93F04Ee74242043DcF1B4b,2
0x0BBC46D9A2F99305a636c83B86AC9Fee1A4943D3,2
0x0Bc25db0De81A60A2e4F7374b69336918B268f4f,2
0x0bc96AC14bcF2d944E6Ce090661E3799Fe941065,2
0x0bCE40874B0162EC80CF4766Ccf5980eA7B44a13,2
0x0BD25AAF269cB40d023bE6c80Ab5c8cD08746935,2
0x0bd54aeE53E9603375C27940d74e7c0923573b2a,2
0x0bD64a5E34172eec2659032d2b4BCCEaAC74d51D,2
0x0BD99fe8140C39FA91C0818D1691B8fE073119D9,2
0x0BE1feA31F96f8DBb2731256E8C74332f83DB4AE,2
0x0be80E29737310212046c72415C21d5622C08E38,2
0x0BeDa5116cD204c428379b5D852DADc04F3Bc384,2
0x0bEe0B7d855E4D4c450587BC244317414166CdBa,2
0x0bfE7f3EFcDfe8d0aacF54170d86a83d30956284,2
0x0C08A5193a42E22D154f927BB93050B8b2CEb16a,2
0x0C0dFCC5Bd85b52F463BB0D172F94765A173DdC5,2
0x0c0E101708143430affA0F96F529C7E8f729b116,2
0x0C10AD586d05A16C10dEf4213a0Bf6494803ebB1,2
0x0c16D08CDD114f9830D3CBB1045DF4e8dA6bae8C,2
0x0C16d6ffeC14a9A78a45D92F20b4535272fbb2Bc,2
0x0C212a93a98D079fb72ca7365d4E35214058Ae57,2
0x0C246fB1431975B5d5b1c8a56CB811901B664E4A,2
0x0C25650BBa5076D51c9d23F34fB39b5e11111111,2
0x0c34f771FF60c9f293C3802a5442F1BE9B497049,2
0x0C3649B1216fE014aE7471347EA468D49429b8C1,2
0x0c3d363987134DBb285A18c4A782F11E7f454bdb,2
0x0C41637A39e598Be3872fAC4e5b65c8C7AC323E5,2
0x0c43E25043657cBbb6805aD00965A198DFC584F8,2
0x0C4E48267eD7eA66F94780304a7C9b6365B4Fb19,2
0x0c4fc4cd0d1F1Abc75EFF6C8133271fAd5bB3B7E,2
0x0C52639697c213cB68f5aE34f3596328d76135F2,2
0x0C5A3468F9C68A71c4D27675984f26B59dBC2f97,2
0x0C5b65B0D4Aa0e9F46D0b46A12F227E11BF30F0C,2
0x0C5fe9e2205929E5cC8c6634c9d52fE0f7dE7b13,2
0x0C623035e12718AC6e38feF18f886b916b60f28C,2
0x0c6Eb1f5e60358995EeEB7A582F2839F24bBFa09,2
0x0C708FB3558f80b040634853E43013d12206d932,2
0x0C70FE3BfC0Ae7010149D1e4626041bbF74C3519,2
0x0c7108dA11C63cc23afd516088e28F46A72272dd,2
0x0c76E346f2B902d7587130Ec28bB12920402Bce4,2
0x0C7E5FA7e9C0cD66Cd9D2E5e7024632892f8eEB3,2
0x0C7eA77F3E909B54BDF18e24e0434364b24acE00,2
0x0c7F408061CC78C2a49c0C699112E9aE8E87FB2c,2
0x0c8177850804A75F13b3C8cC89Ac40E329624207,2
0x0c8186Be8fE418742c8aEcb5Cc1f497bcf315C31,2
0x0C884fde1AC0CC46C4242B63Ee8CC1294eb2E667,2
0x0C952F5854fF788b420DCA067bcb62A640CCE66c,2
0x0C98dB2DA51cE635C217be6DF49860a0d966B890,2
0x0C9Bd758922dCd05Cb8aF32f592b34cF8FFf5CAb,2
0x0c9f5D112728213c6ADA38365d4e41c190F50e60,2
0x0Ca20bB767A53881cA599D8BD1de944Cf85a7779,2
0x0caeA9a5c99b4A2c6E7c96429C0dBFD744632a04,2
0x0CaF99F443eB5462427561067dbf3FEe53e5fD1f,2
0x0CB2897Ee5265B6Da41491FD2f839979203a24F4,2
0x0cb596ef1a1F974890FAAB87162E139c5E94a752,2
0x0CcAEB6c8EbAe51Ebe6e0D4042C81D1c55157Dd5,2
0x0CD44869d92B5ba4b3Ee7e02B5AB7c29244f4509,2
0x0CD9B1A2E6Cdf4e96cb16cBA4B686B170d72F50F,2
0x0CDC9BDED6b23909d2998d37c0a1F8D00cF73fBD,2
0x0CE9e41ADE3da967c6042cE871732a2De0F579FA,2
0x0ceA01fC60a25cA16D4395B18c3e8788a9874976,2
0x0CEcDB754E2eA37fcF1bf0E8057A0295a131cF85,2
0x0Cef7feff37208e1295aC6537445a9B5BC566FD5,2
0x0cf543a32fe4ab4fCb376e06b0abD3543277dE39,2
0x0CF669Fc92960FB55666dd6E8002643dcF145d5B,2
0x0Cfa5dAddFc851E59c07E7aD078ED98a24949308,2
0x0d007da657E9917948EDF328dDDB1b6f221B134f,2
0x0D0928664892c8C477fDabAD7CBaDF45de222f4B,2
0x0d0AE779b2fd12B7d316357374d3563B0DB030b5,2
0x0D0eA2348AeFD50Cb09382CFFA7Ff5063B551cbE,2
0x0d10c340B79bF0534DbC1BCd746B2E8aE6454E65,2
0x0d14A88E33bAd531bd1f907f2f424643583e441b,2
0x0d187D008fe8cd3aC38d4AC90f63B41330A5D953,2
0x0D1c41d60EF876b3244c9Db50EA5C196CED8e07E,2
0x0D1Ceb688613F6EF132A444282bE168D1ed37410,2
0x0D22770992B1D2EA1446FcEfE275932139587a5e,2
0x0d29A30bd16B88C73B2D4d765422E034382b5443,2
0x0d3B074B2e077165F2c411088C03453157afAa89,2
0x0d3Dd7a2ca343964de85Ea32c34013B016A1146F,2
0x0D434c8179d7B8F8AD4608e95296E7CBA7c40134,2
0x0d4Ed9B283f3264a9254Bbd4B477De3BcBF96ad8,2
0x0d522E9Da8A5060f175047ECeAdF46abC57d7Ae7,2
0x0d53AB1eDe05039F6B91B753Ddca767Cf9a2fAd9,2
0x0d56Eb924c31a42219C3Ca915D019AD8174e1441,2
0x0d5937d7D7805393CbeaB126838941a55509d46B,2
0x0d5C89d15023b2F6e68CC8d383Ab43D6538089b7,2
0x0d5dA38C9Ec77C50c1aad5e58341338882299E82,2
0x0D5Fd68f15fb305342F8f327F5AC1fac771D70E0,2
0x0d643F771f3f351c2c31dc1f3279B8ED6790ab95,2
0x0D6e7BF0142AE225B273A73983116668c6254DBE,2
0x0D70d36A4976792EdB25Ec50e55aE3B3A142984d,2
0x0d767d03e639919AaB1F1e9a124adFabd11483a7,2
0x0d8D6c105629E472691f9a970a6F70899195B5e0,2
0x0d943CFC85CD33230dC06b9CBD42CC2c8d6427C0,2
0x0d9A53Fd31015B26EB11764aAb3f39C5619EF889,2
0x0dA492cD26580D9bf9EFb2A57E511ad9C8704895,2
0x0dAbab2841F659Ba0270Cf3392Da3c0495744ed3,2
0x0daD2e4a9EfD6a02ac81600C0EbfDDAE7B4A5948,2
0x0dae44dB22ed05DbD17BA6EcBE4BdEB87b72eaaC,2
0x0Dae5Fd6Cea74f5534EB2A5519C92ade06F58E17,2
0x0dAf1164DCcf459BcA8F002ca83C9440CF08fFeE,2
0x0db0960e1E358875c5A39A2422425A8513dd77AE,2
0x0db516776CE46cA34F54879871d3a2d3805E3fB2,2
0x0dBd64b95E6e7B6303b04A1704e95e9efC780219,2
0x0DC07Cda4a228fA655B9e8B3158F0a4960288Bf9,2
0x0dC19cfE2A547F8b76400fc1feF29ea628569d50,2
0x0Dc1Dd32B1300818C977Ce5A36A464A5c0c14550,2
0x0ddC06117Fe969a7A7552DE16E1aa67e4A2129A7,2
0x0dDdA990FD1C252Ca3e3a1D8D5835FAF8aBC3579,2
0x0de58943b61e4E10146B8B7a2406f168ed61361D,2
0x0dFDA7aDa001599c6070d147Ed2232AbEC748bf2,2
0x0e05BFA823ec907038B5b17eE69d95D08170Df22,2
0x0e0e4A5f087FfC897ADe063F2d19B6FE9125471b,2
0x0e18e09c30a468F4fFcFd61e0Ea01d059815b04b,2
0x0E1bF2B85d0EE9eb3fb530eC9931635eF1305323,2
0x0E21065E151e882AAdD6e1729a090d03aF80D25c,2
0x0e280452726F1E9FE5edAcE7b5342299005883cB,2
0x0E2c54C3B938589d1F6E4e7a9897Ec22B983e433,2
0x0e2DE3424d22165174406c6b71F08b1d1087f256,2
0x0E34bD4A086336F5A431a82eE643Bb5208F526Fe,2
0x0e3a3563a1f2931DD0c089e4aAE69dDb0F642E3F,2
0x0e3B6588520b3924Cf00c71bD5A0763395272a01,2
0x0E3c03c42B18e9cB4fA3c9D6E734c3C1Eb4a0eE4,2
0x0e42d7887e4Dfd681Fe295BeC85729C0420E0ae0,2
0x0E42D8fCF5166D332ce8df3b65c5e20468fb7359,2
0x0e4Abc5824dba16c4D490B90d6Be7b430851Dbe5,2
0x0E553E060665FB9C4AdD8FE858A5805Cff05242d,2
0x0e60ed62b3FF6763d396c20aB567aa3196ff7450,2
0x0e72d60A74454b7bd58d56290039681B7900F169,2
0x0e74538BA35C06bc106A7592663bcE6a93EE2d2E,2
0x0E75B8940924eC72a1Af97e0f83ce24a1449EafE,2
0x0E778CFc568cc0Af752c4e649d35f949db3ACD80,2
0x0E7b5445Fcf94319dad616a136ef38dA65B255Cd,2
0x0e7cb8931F8c86d5462479d2D93E5BAE5A322222,2
0x0e867aF6E3Aa2A0789bc250D5855aDDF320Cf5C6,2
0x0E87fEDc3724cBC03F1e4AF322Cab51C6Bfc3015,2
0x0e8a3BeB78BC4d37A4d0171a67De80b59D6B9B7c,2
0x0e8d919a8c9edee948b88e7cD381d3ED5caCD4EB,2
0x0e93768F3189191569cF654a970648EE4FeDAfCE,2
0x0E9557b51BA57629137471D27698d6e04eb28e62,2
0x0E9aDcD0CA41BacFc949dD0aba6819d6f7dc1DA2,2
0x0E9BEEe0eebd1e1b1E49E2d6011Cfd0b59bb79C3,2
0x0ea392128c2ecEC0Bfdd390f4a47A72cF7132593,2
0x0Ea97b26D732F53200512C36A493bA288C15Ad60,2
0x0eB20ce7fF0D1B7C95f61f7217158eB8fE3ECB1F,2
0x0eBA8FaBb4f75F64191fa614603525A4C7613f4C,2
0x0EBeFDFBEf2be273ad497714Cf089DE14d80bfD8,2
0x0eC025b73b78eDD8730B1dC420632362227E47e9,2
0x0EC2834621917943667DBa72199e807d663db3C9,2
0x0EC8b8Ae2Fb5E749C57BeC863CB67365e11670CE,2
0x0EcD499e4b8022CC4F6e44599f5B4b92091d8fB7,2
0x0ED39b4c8ca3F0faf74c780e8EC128314Ee7f514,2
0x0EE1e64cD1D127E730985Aa5dc8ba3C1A7633824,2
0x0eec70678a2e67a0aECacBEA56d2426713C78562,2
0x0eF0f43d4EF433f52DBFa937B2F5A4dFf2d3644F,2
0x0ef2411342cDf6Bd294e33D985Da0FBB18c3d976,2
0x0EF2639cdafD25A8ecB09e8bcfd9d237D002aD8F,2
0x0EF4C0324C5715B0809116bCa5e3A27Bd5dF1250,2
0x0ef4db30F76bcbD1eE7DDBb056e699B69Dfb8eaE,2
0x0F04BA74ba108153Aa793994441aef35D3786ED2,2
0x0f06A03D40C35bfA688780938282d87e5e2eA31C,2
0x0f11796c594c7BDAcf600bbD46F10d2aEd2A37b5,2
0x0F11D9df629d99095B772D57Ae4478ba528F968a,2
0x0f1261899269D1798cB06f297d5c4b937208F2a7,2
0x0f14a7172b5Bb15297B777b483585239DDdD42BB,2
0x0F18651F20af3BF7332e9DbcbA181fF0E022CE36,2
0x0f1ebbc6254FDf17e91fD43f2d99E4Ef641024D1,2
0x0F207cdeF573a0b7aeC7b851D71E178a745b9cd4,2
0x0f2e3E67cB000993d07E60261748963d3F4BD6d9,2
0x0f2Fa6A16923926391429D95bbbe53A0c25081f6,2
0x0f31b471Aa454AfCD3D5a1bF215Af65DC4A2DFC4,2
0x0f3430417f21637DFda49Af9B0a310D799B3807d,2
0x0F38397EaFe3f7689ff0dF553213277a5aDC90d6,2
0x0F3A1230c960566A30Eb528817339FD3a1bfAaDd,2
0x0f420FCC13b621BD7C872BB569FA45506550569a,2
0x0F4261A02FDc7A9Ec02B2D985c1685Ef3C3B9e6F,2
0x0f44b49Aa6b0823fD98E10b04860508be676Ae2D,2
0x0f4529682A8A4c8DE966EF415b6E67dced82084D,2
0x0F45Fc04446e8F44e8D0b79523459d548e855555,2
0x0F5994afdF8C01351A37e501Cd28A961D76Da66e,2
0x0f5cA944298d88E89ab4684271Af63e09EdAb004,2
0x0F62C4c016608b4aF21e247F8D1Ca034461f04ed,2
0x0f669500C378e94554cfB706852bF1D9870BEf12,2
0x0f79413d095BCFAE83424cEB8522A20f846cE659,2
0x0F7a5aC69921E92a408d4bd03c53F56cDD503eAF,2
0x0f85d001Da01B4A7924587C31296d459ba6E46eA,2
0x0F86195139623746F759Ad117ba6c0F82148778d,2
0x0f8B710E1F8B92A9EdE438F596356b5583434cb9,2
0x0F8e28e80A32582FAC87CFC3106953a59C9ef4Ec,2
0x0F9168571a70496a4d25180d96343FEDf7C02744,2
0x0f917d3E87055BE1cD4f14b76E528dF59183410c,2
0x0f9530F2332d3a47B6500eA7A066170D34653Ba5,2
0x0F98932172165a00475eeC4B36A6bffa5F3DEA7B,2
0x0F9D8efA7F6bBC1008b3101E1a6713a24f5B659b,2
0x0fa3082a4F1fC07628a61ca72De92d393b6c3294,2
0x0Fa7a858058Fc0B9EaC62284e345D0a5DE1ecc91,2
0x0FAf7671C0261439F1D55353d73d1a2f9c8f5fc3,2
0x0fB0fd84628aF54005B7BdcA204121ED72695D48,2
0x0fBa27E24d928281A127cf935BB58a3c9CFe52BE,2
0x0fbcEa9678f7EDdB7a9703C1CdB76A19C65a99C2,2
0x0FC5D946f4B357fccBab713dcA6581f9d618D24a,2
0x0FCD0f6C046Bc7CCb754C373090Aae9888BdF887,2
0x0FcEe1B779C499f4Bb20d15032eE2110E26d3269,2
0x0fE8417A1855F1FFeF66fd847A3d4beB0B5ff8A8,2
0x0feE7947FF40eAF14674D9DD91661794E4Da52b8,2
0x0FeeB9bf5F9baC24e6110bfF8bE5aBA4a9CbF555,2
0x0FEF8Bf307fD4327A57289ba8fF68551fbCFe063,2
0x0Ff3b6689A895785C51C2C2a2541B3eEDdaD4ff0,2
0x0FF5b4c62bEA78432b431193abfF73C27aB3c564,2
0x0FF8e0eae8232fD273a0Ccc1896beF8115BF64F4,2
0x0ffD13C11fFd3e4C6430f3b4671111FB67356815,2
0x100508580878210BE70120080808e0082E37a00f,2
0x1005F1a93d7A1a96453e546507F0415CC9af91B5,2
0x1005Fbf6Ff95dF199813d173c9325286052c26cf,2
0x100B980081Ea9Ed4E45D0D1f8d657b8E6D1398e8,2
0x100d0d59B8824d24A03A45E0F8ED8d3056237901,2
0x100E1e187a049977565B91b86c192487beB8Df5C,2
0x101413F6D2AfAC0a8D067fd9B5055B6F12045517,2
0x1014A66402Ff5b51d86a527da1dbe96343Bd9D95,2
0x101ABC4cb20f4E7fAA207594EF3a85450C76E693,2
0x1023C591442BA52af8322a1912fF0CD412B35F40,2
0x10242554BA9a1bF398d7230374411d4545bf38de,2
0x102c4772609a62c09262001BBf8CF962F258f5D8,2
0x104071582Ea4921EAD4b7a6A45650FB8D81E0479,2
0x1045712566b10a3E0A5b74DB5025544E96140894,2
0x104A1322e79903a9F97eE4aF6523EEe3e6938522,2
0x104acD39567397aF7D0d8E9f36e79916Cca2f777,2
0x104D362b1c08FB664627e02B336a696e727ac7b8,2
0x1057F7D872982801251ae4249c9dD273dBB6AeD4,2
0x1058a39864FeEcB7c2485DDA2A9Cd76b8ED150b9,2
0x105F1DbAD16505C6eC30Fd0Dd3C82e7B637Afb67,2
0x106628aE0B011D4142A16Fcb69838BAF6d4569CF,2
0x10679863367906A7786dE1dBf71272E7174A91Cb,2
0x106D2F431b07D1531F2a9e1054E3Fd2cA81a3ad9,2
0x10758c9ea81AdEeC258a9EB963b1E1917E7af1D4,2
0x107E72675d5E9FFdD046f0Aac3F9E87744Df63A0,2
0x1083846230a901Fcde2467C6744dCca5990dCB00,2
0x108C5678CEc44d48e2E4d0D37AB7be6C184E0460,2
0x1093A7394Afb514646Bb4866a414df304c39945e,2
0x10944F987F878E6105a04798AF9663d377E73eA0,2
0x1099b854E622603f016C25b2378B7d2A4a506D4A,2
0x1099Dee69872ABCc57397072782f111d8aFB7e9d,2
0x10a348dDb0ae269eA73d9E01451eecd0a6164A28,2
0x10Ad2644A59EAc659C7300D369A441C9e44a2210,2
0x10AdB76C4c4Cea3dd4badCcF1069e61e8326ce8D,2
0x10AE7B822959750097Ab2bD6CE8c82B2bE719502,2
0x10B2f13F74055A5E72Fb9559CF51C94Fd19Ad405,2
0x10b7501F22Cb80f31549ff41A27668A22D25e900,2
0x10B8a4e4655c1649F07E4Be4Af48Baa51EC22b95,2
0x10bcA29a88bc4F3B434294002814fed3657777d5,2
0x10BEF18758BC9a497dAf53833aBcf87a22e1bC5F,2
0x10C17805ae4A7b53944c14698DfdD61E47203C87,2
0x10cB78034a2Bd29752B4Bc317e2c512BD1F66Fee,2
0x10cCF16d5337042840C0ce9598f1592D47E27983,2
0x10d3e40AEB8f01050B47Ff606c9d19c013C7E938,2
0x10D918695BE28507068080BbB214d2081dA357ef,2
0x10db34a0266944BB80419B43d480fa848a45661B,2
0x10e7b9e2CD1dbfd4b9D2ffbAb83E53b47701E8bF,2
0x10EC407c925A95FC2Bf145Bc671A733D1fBa347E,2
0x10ed506d6B75ab9EB5409588B9006D82b1f9714e,2
0x10eDaf4C59CB1e7EE2B9fB5406BdFcd5FEd0E33b,2
0x10ff60ba6b0F3EC5Fa637Fbfe2E129D8E7B1Cd04,2
0x11051028D584640D9c9c079bc9bea2BacF416327,2
0x110b883d50fA140c199Af896C7a49A913824C069,2
0x1112320611a4f81d1589F47f6B64F35E7231EB7a,2
0x11147A4074F0E4A51De747255932eE5419f2ffCc,2
0x111DB55b2375d9EA4Dc2362BaC698da3a3144458,2
0x1126156D9d43700Cc211945C44789bF054EcF8B4,2
0x11268b7b1Ff187eDC31ebB07E51BF034842C61B3,2
0x112f7a0f7128b04E39976Be31A3eb852Aba3ED35,2
0x113854231b427ECa23ab646A5AcA3fBF98022717,2
0x11391eBb11b8F13d41e43c6B664e1E1B9579CE01,2
0x113Fa71018f3ED36F70F7Ac5B46A8dcAC49E14D7,2
0x114248998FCfd3c2c7f56216F3Ab0DF9fa1E5e80,2
0x114Ba6B3652dC0F033152ca6dDBaA661C8b2fE26,2
0x114F57C2b5661C00e094b3f0bb93A9CA284C2624,2
0x1159a385cCE026b392985f947621C06De5BcC9D7,2
0x115F5686FC8d10163D5784D5bc64282D210888D4,2
0x117666Ca1e398f5fAcd20aD95812547d6A294188,2
0x117Dd907F15c6ec006f13Dee69e08c113176D52B,2
0x1183654d84C64Dc65Fc4fDc146AF6817FDa67Bc1,2
0x1198A5528E850019F2cAe9D3445e7a7290d60Ffd,2
0x1198Cc7E9941Be63704EDfd3f59dC2BC990Cd850,2
0x119cD0d4E3f48cB1B4384B576605bB388dd23eA0,2
0x11A09C280e5CE9fA480630e5edC384fC745f10Ac,2
0x11A2d8eC0D8f66d3f9e2630Cd61F6848687bD467,2
0x11AF70BfD088F671BaC685Da7f1340012606219e,2
0x11B15B9eb2d6E0E75C4AB20d761440855D2f2F51,2
0x11b243825d07bE8643AF355a528ba0F2a2C97564,2
0x11B38cB24Bb5BBc451A518aC11bf670Fa5Af43Eb,2
0x11B61d7ff9D65769054957A58046742E6071E271,2
0x11bc9e166F1f1Df9cbFb95737aA1ac5beeE87592,2
0x11C5CdD7560B13EE631fF067f72BfB22a7dA7d2E,2
0x11C8678069c46B74C62A8a94B21784DFb771b8d3,2
0x11c8Ea7669D1Ad9921F53F488fE09D67b9F7ed04,2
0x11cD53d6776A02c8fb13B3453B7B4FBBb18f90df,2
0x11E5A9C80472A7A7495ab582E10203844Aa0B373,2
0x11e844bbF22154492afa188fea05a0E735A7a070,2
0x11eD207793301fa1073936d1f16C4b97b28751C9,2
0x11f3c8b6228A189aE27364B5B3fC6953F3B72288,2
0x11fC56C26c584805C0aebCCA9b9D5dE55CD6ca13,2
0x11fE4fCf3BEf22bd2a063095DcA65882F25aab5f,2
0x11FEA954B57d910B0dcFBFbC52892b04BEC31905,2
0x11Ff274A6B4EDE2Eef22056144b069CAeaCd6bad,2
0x12008Fd251589103F4e2b3ab9fD8Cc441C5B5370,2
0x120363fA021d02484016bDF19Bd85b5800215545,2
0x1209510784320867b1380277a67a00Fd2865659f,2
0x120c3dab87e2a61AdcDb186d13EF5Ad30E305008,2
0x1219B612B0fFB947e2Fe883f73187962c41eA771,2
0x121dEfC0f249cc66Ab0522b8346c09790eC65999,2
0x1227cff6194FD3A595c6C79a76dB9CCe39d74ea6,2
0x12372b0ee93caFe88D00ec53da94CA73B5FD767e,2
0x12491bCEf95ca93E1f17dF9c50eaF15b6c94C8f1,2
0x124Fb955862709E30740028cB86C477221842B14,2
0x125759002488dA3cba7ba2C3E4cf9DBBF44372ab,2
0x1259cEe018619bC5A32F4009715e330634FAbCD5,2
0x12666cC41e3D8beA39448787f6FA4Ba4c2FCb9C9,2
0x126c54c8c16e39B372E35922C61D5C1cd69a5160,2
0x127731ed07A658314A5E2B64ccb5789481bA54f4,2
0x127d27713aB64494D1b7BEC0B2d6223cC0c66fE6,2
0x127ec578A199EB6BF2C2315F2479ca613D482A74,2
0x1284Bd3fF6aCd36CfD797220C23F5Da4e5c0A34B,2
0x1285e82E892eef9163FfADa47143247e5FdeFD1f,2
0x1287a9a82117c9702AaB753Cba8d5cabFa5D923A,2
0x1288cf0bb9f2C353DF45D4C378C23414346E1D96,2
0x128B23321A056241Edb48c605249297802FF6d7D,2
0x1290B768B0D8C140f1a9B485e5aF374921D9Ac21,2
0x12911446b43940Ad0E60F1355105Da35DA97Feec,2
0x12A5086483399c739dB06E7f558d6AE5651Af86A,2
0x12Ab47c5B38d400d926E1Dd7Eb976501087E6B3d,2
0x12ac0b11CA9E3Ec52E3BD8f91ae5e1B1BC7BDf10,2
0x12AD254146BE4B056dB5BF68D335b4C243a12E07,2
0x12B3F1844bb9140d8811980C0CF60746C71b895B,2
0x12b57Dd52f0aA225304f92b200691D3F153b0437,2
0x12c38Edb56f27Cfdef4A106C17b4C2417F28EFDD,2
0x12d1A4f3567B68476787Ac6a952962985CB49E87,2
0x12DaE90be80CeFB3E5512E9d6277C2f0269F6A4a,2
0x12F91E757ad83c82255996c5522ec183cbD6Ac1c,2
0x12fc4e9E232Fa0ce51565c7A2f5e97c6810Db00B,2
0x12FD4bF066685D7a89A031d03602400fB04702A4,2
0x130Ac8D009beE8eee7582eC38E3faC28a772cFaE,2
0x13132aeb7c076D4623Fd05fF7435CbD913befED9,2
0x1315f0335071552801e9F15cA468Fca53575efc2,2
0x1317Ea30E98a643fe356F01F5Bc33Cd0756044CB,2
0x131E9F5c070B2BFd6C6a00b18458E4968C5d7DaD,2
0x1322C4E6Fe5112a2823E738aEacaB1994EF150F9,2
0x132425b240E5F492458077030710F4F968d22879,2
0x1326191A385d899a9DCCbBb4295542D0E9Ce5C2a,2
0x132d0106ABb2642B6A893951f9996C9387829614,2
0x132E4CE7ec9186a501b6E116bB14c1085fd0cFAF,2
0x132e6C9879A5a0A941866a00f9ba672fbd0AED9F,2
0x132fC1d43341A4129F1A3811DCF50853b0e19F45,2
0x133a24df0cee811fB6512BAEB6e5aaA43Fc36589,2
0x1341df844780b66AF4ccC98Ae0F34be87eABe1d5,2
0x13422A877C8232e9D64d84813daa6c118fB58eC2,2
0x134309c4cf57BfA43EF66bF20bD0EEcCDEb2D80c,2
0x1350085cC9457DE220406ac6c117c2e47BE0FDe7,2
0x1364B33721dF08e788d73Ae23029BE3410C88D38,2
0x13653D88800cBd6195A3E5079cb978a68A6970EC,2
0x136e409d3C13DbF044d8eCa5e6c22cb0a7915500,2
0x1375a353d83e8184149c0E7a787A1F0830c37789,2
0x1375d6bC6FcE4B2877392B35fe154c8A906c1489,2
0x1378C663f8d3528C3CdB956d3DDBC5847A09fff1,2
0x1379cd72F35C82719abD38c3ce759C44F8FFDD1C,2
0x138a7Af072c4004A63C38A255eca7Fb283bd19C4,2
0x139011a409aC44343a3d90406b610415F3276EdD,2
0x13Ac68FDa00aD6616336522B435fC91312Aa9A90,2
0x13aFD42a157761C0405b7A726Eceb6bD14075638,2
0x13B14473b8159eD4CcfA9f4f5cA2b140Cb003a54,2
0x13B46bE411bAE93bEBd44a1cB3bfAD718CDE0d20,2
0x13B7E02fecd2EF56fB493231B647f1257d0e851D,2
0x13b82Bace65e44ED91796f0d069b7841187a5959,2
0x13cEEF014F3e9BAfdF42cbe7585e0eF7B11faE75,2
0x13D8287BEb85c5df1055b384cFd722daD4FE4056,2
0x13d8317e6Fed1C7B34fB528868f6B8bcbE5fF99e,2
0x13E1039d18c922aBb4c6fE390C0191529ba5e785,2
0x13E2B15a146A2000BDFfE847185e6a0d527B2c6d,2
0x13EfeaC397cb4D5e7EEE2AF263ae800D49b5C148,2
0x13fdf630F148D09e912fad27Bbd78dD6b03d011e,2
0x13fF9f0B3782c64cA7F7e15C2008DcdD158F59fc,2
0x140531668E8aa8A666d75baB3e4da74AaF40aB0F,2
0x140Df9497A2aa33EEF0a4c54A112A23CB938a0C0,2
0x1418E60a1b96B7EE2F935E416575051a11f97336,2
0x142396bE11d6FAc1155Edfcc611C0Cc4fE2c12F2,2
0x142900e075F93d19251E2BeD4E976d671df6A1F7,2
0x142D7c84fC91cEba96A064f9609327c5EfaCd546,2
0x1431c713f3c911949a7E85F435eCb6F43cC5B912,2
0x14331C9441B62A255A5fA8400adF678174C39F99,2
0x143566Fc0D9D9672e2caC9A2d44AD526A7A22234,2
0x1436779831dc8cC34Ec65FE7E3e38fd80860A1d0,2
0x143d6574dd0DCfCCF0080A631242810e519e962f,2
0x143Eb0e3951B2567aC11FEDaB2b4242b40230a18,2
0x1446c80774e6d1D5E5C06Fd253DD156520c77C7a,2
0x1449D1F1AA41c373d3D2b887C32c729911c6f859,2
0x1457eC26fc392F0aBC5adf527514B3b52bcbDbd1,2
0x145e9873f093b3b2D2e5c03A2b04B673e0985F48,2
0x1462499229A9860BFE4bE6E8be4956A492478C4f,2
0x1462Bf1B9Fc4FA4C7C2dFE9470a99635D98e116E,2
0x1468846d5Af29fc871f0060524b434B8014A8eF3,2
0x146D363F819955ED1967cfDfbcD3485Dbf4Cfe5f,2
0x1472Cfb4a6616b3d3bbaACd1e65abE3c55b8C9C9,2
0x147a39A364ddb8C51b4ab3AED621CE44b9d0aeE0,2
0x147C1Cb61FC1d9dE2CaF58Dd63c86b9EC3EcEe77,2
0x147f138fc56629622c77f0D6c126925D55E79fF2,2
0x1480D160Ac5EBB2edF6Ae2ff7fac872db3B8F4bb,2
0x14882c3e15B8De157e16cEDd7a042349d68bA410,2
0x148902aa7dF1fc8dcabBa452c1B507592e48dba3,2
0x1489475e2AAe99BaC84bCBB34d95031b45beeD98,2
0x148Ff8c581be8A7F3536F28bDFD7C84dd109ba91,2
0x149c51eD6974D2F77966f2b17c4674117dA8F29B,2
0x149Eca4e192eFe9dE041894EBb509F77034dfb8c,2
0x149f9e04321D1242F0C87A453DD52Af4966c4bA4,2
0x14aDb4215D94bAF4C72435204e33FB48a129a4bA,2
0x14b3b691653A3F4BB74f05220C8Ca6c00c50B7B1,2
0x14b77C4e132D6B1f084614D4DD5E6d22d1ebA540,2
0x14ba7Dee651fc0BfDddf75dcaBF0976d10578103,2
0x14c0BF50D585f3417Bf79851acF1769191F67606,2
0x14C0C6ba4CEfb6a643E1DF63d414c0AE8A0Eb38F,2
0x14cE0A61Adf222fBad5628233B1AaA31dc5661c9,2
0x14e0b288e41FB58f95B0E492c1eF692f8BcE0B29,2
0x14E1f498B14C9796Edb16b381B4e0aA397B4Ac0C,2
0x14e30DfB56e5603E4718Fed8a4cA56FE797a1530,2
0x14E6345ECb9a99d381c902e131E8F174e6f83DdC,2
0x14e72E18d2a53902d91D43459831DC7C8A37a6fE,2
0x14e86017388b286A231aD7EfD4Cd488EDccEfC63,2
0x14E897583Db5fb9dc09cAEc568aa5472D414bc5C,2
0x14F20e3b478Bb7af2cb897bbb45ab4ED6e0b6e88,2
0x14FB3873cE538877900C4F985553a9aE74D0D6b7,2
0x15001A844836bfccDEf9f0Fe326481C29052f8ec,2
0x15004f4820BE7E13E50bF881Fd51d2EE9dC37B38,2
0x1501C814D4B3FB6d9F2815C42aEdEFcE62672E68,2
0x150486750DACad13e9c905F3B1cD759B40a934d0,2
0x1505b817Df7aA80253c4AE24fE6534b003D96B19,2
0x1508622685A8D18f514612e6be4f44B691826c4a,2
0x150c1aB192A6B597e16063F4427160dc6340D54A,2
0x1518b126fC0ac13c17675e1501629F9887e39514,2
0x1522c627472cE025dF05d9630Fa51779683Ba698,2
0x1523E4531755a5E670177Bd404b681570ec9ECC3,2
0x152EDa22519c509372eb2e9415b89D39dc75365F,2
0x15332ad273bA14e3B1829CB7620E3835cF95E0D6,2
0x15356912016E5cf2eF7d017B7d218d17B41dB498,2
0x15396f1D1A34464aBa307f3fDaf08bc2D9BF4C16,2
0x15431e4997F9638D643736bd9043Ce5564F0338e,2
0x15473Bf2E45A1132EE4bC7B7402EaA8Fa9c7cc26,2
0x1547f22411E7a73D7C53b352450c9f6120753f70,2
0x154b61e6F6Db15d4012B9eA321B7edc99B8D3C1E,2
0x154c39dFD6e5095062175f1178A96c6871D214de,2
0x155d211fE018de378d94ddB13A67Ad9c36492967,2
0x155ffb48b23881B0a8f3791Dc8BA96827D7a05B9,2
0x1561fe36E1Ff39f0ab3F425a8dC55Ee183a93D65,2
0x156668D884ea434CDc13c96B2C5B80d9f59FFdd5,2
0x15693eD53A931dAECe25bc0664Fbe4d9b3af49B7,2
0x156A33E968f744862b21f56181e29b625dD249AE,2
0x1579f0a98bf477Ddd09dc228Ea701FDdEC7D0310,2
0x15848c6f03195e84e6A142Ae4B4d56531150FF3d,2
0x1592221ff5c0397a563d58D7F3E6c95dd444b2CD,2
0x1595567847B7Aa35002F61108eabEF3b058Ca03A,2
0x15A44E5b6155f35ABc7A0af5f4Ef5b716AcE362C,2
0x15Abba18217E0074F08E556c55D7B4e8d288784E,2
0x15Ac186170B1A24B751BA4c778F6756350DF1938,2
0x15add8AD657fDbF4F2b3874266Bd889572AEb26B,2
0x15C6a76136B597C7896dCA6dA7B3319DAfFc987e,2
0x15d125f0229A8CC253B502E9B4Be45063AAEE89e,2
0x15da0c67cC853745AA4288C84241546268ecc9dD,2
0x15Dd3625eC959D936052d82EDA370dB05EceeFdd,2
0x15DD590AEDB68577c74Ed23413876Be45071C74a,2
0x15dDc76271ED66Bfe30012a3745715Cae7B0b8f3,2
0x15E13E131c9fF03DDe8620DA3E52B42342309D6A,2
0x15e36420e0C8A75264916EA341642F4ACD4Db83e,2
0x15e726499752f095Ef4d33baE7bFAFE661EceBEf,2
0x15e91f45DF1090B2e8b3f5a14b4c67f77a8736b9,2
0x15eAfc29816B34FB8B15dc6727a26DE4c4CB2df0,2
0x15eB55c8EbdFEf88cdFD44eea381faD7d0731384,2
0x15eC2b43ce4F9F079b06dF4b7bBF70D419f1dd55,2
0x15EC484c32eD55A9c169A1e4F5a7c67Ad737E593,2
0x15Ef6BA8f819106eb7cdd38B3e327367F56dc2BA,2
0x15f465F13EC63A254D6C0AAf4b559D7BD682bc75,2
0x15f559eD41a45a0155643E3E6C4F630607Fb7170,2
0x15F930ec7C5d2D51Bbff0b1Dc6AD9332773B5Fe4,2
0x15FB84F8D278a643A60678454a167D0305984eA2,2
0x160394FcBC4B0687bc310Db498DDeD0f2DB5C45B,2
0x1611B96Ad7fAd538C146545F42673b1061F971A4,2
0x16160F715BD3b27cDB60113dfc20AF7A76213917,2
0x16178109aE38eD286e2e8B1A41e5ad978959887e,2
0x161D957083F0c9988D3543795562f05a8be3adc4,2
0x1621033A4695E31BDbA3b27CA20F6eF96EBBAd17,2
0x1625269a2c32fF021C9c672682efc8250cD3060A,2
0x16259e074554E96a64A3F0E40d4Fd9e2D82900dC,2
0x162AF4FD4D2F2d3a721AeeE22e3Cbb640F23735a,2
0x162E18c5F5102e8a2dC23E9555C7C158cB640785,2
0x162e525440804Df85442B7DeE5da5C75F440A2Ae,2
0x162F8F864635Be1d7dDF4e3C547defA0bD8B158c,2
0x1636F7607441Cb48c82011564B1A90c1Fc2c5D82,2
0x1637E7F6b57eD1bbF6eB56eE27C15495e327eD91,2
0x163A9f0048A64b5bfFcA3A67D3084717BCa22094,2
0x163e2dEd77cE16a2d76FCB4E0d6a6c6e208f9f09,2
0x16412800927bDB8b99f7E92C7a7510d5bC010838,2
0x164585a5f25E117b1CAcfD8395Cc5237CA0784fe,2
0x1648C13a8Ed3ffb194B2c033497a5E82E543cb82,2
0x1649413D548330dAb2c7aD58714e30d03ed7E196,2
0x164C318adFF106C59e20105B6757A2c8224CC301,2
0x164Df68E8EAd7dCFDa62452F0F16f120be4C2d93,2
0x1655826Cc4a321686a3F24335FDb2208B81f3a7C,2
0x165873EB85814f8D34d78184b2DB65F48aBFdA89,2
0x165C2478440046b7C2c2f9B610fB9cBb414A91b0,2
0x165c2d2E55151dd01Cd5Fb28B31c6794F1cd6426,2
0x165D0D1D1e7a74bC148Ff1c5310F5b617FE76F8F,2
0x166174d5866495Ae7C11ea65558f19E13D1d3FC8,2
0x16631973077CF96EE68d151C751D4c20f23d1a9b,2
0x1667dc51A9018b1fE4D5dFFe56fEA0DE4064A113,2
0x1669A3a545CDFa81FeC18ccd2fa637a89708A356,2
0x166c4eF089B5f996822710A949dC7997A071A8b5,2
0x167c14263AFD7fe4485bc38A1A4B11DDB099AfDb,2
0x167d974Af135b7a17d5b0201DA3F8A8FA1A60cE8,2
0x167f374c3cf31c116CD6cc641594CD332550d19E,2
0x16825261f0466FF1c69eB7c0fAa1CB268E3a5310,2
0x1684427375f4b67a03b15721F9269D3A79217e96,2
0x1689479B118470eE6401FDa07340F89EE4De17B5,2
0x168cbBB6ae9e90400f6D190629b4Baaa6Bf1C20f,2
0x168dF0ED03de67699cF34091c1D9f22623C45cc7,2
0x168E2F3f01900C1C86C82710C4bC27E2DC8ee07d,2
0x168f0Bf6127ad02FE368c8DA2Fa9aB1cB539a261,2
0x16976197e4CA28ff0636dA682AEA8Ee600599daE,2
0x169E893f920865b73aebE6B1335251Fa72E8eF24,2
0x16A0edf95c600B9FF5982F79284bFf3a5Cf2D7F7,2
0x16A1dD45A97780885EB74EF058C1688029362243,2
0x16a87Df137427346807d2BBEc6e22a1cC6c4EF45,2
0x16aaEB29ebEDE95147B1bBB40C94bb2aa89E5d95,2
0x16AB446C8112812C2092E99215ba521c029526D3,2
0x16AB5ea25f3D9b07D47C79016Cefaa0379a37808,2
0x16AD81285cC81f046005891f250Fc39580397946,2
0x16b14Bd4A7Aa15Aa859d35FDA05a8feac485732C,2
0x16B83c6346AF6e876586683B15B9EbcE3A2032Ec,2
0x16c1cfB14e2977a7D378763d4873c271F843cB1b,2
0x16C6Fc22e7330acEa84a8e00018ccb909da993c1,2
0x16D45348f0dC1Ea24ac0ef4e9F127F2e3168e0ba,2
0x16D4710724f5dB46321C69d9f74c637D2595bDA8,2
0x16D8C0483C9c4490c6914F282E9C056305947e79,2
0x16d8cfbA3d6124301CA462F29CfD001f38B645bB,2
0x16dA78d3C0297c3C4B9F729586E839b613B27033,2
0x16DFBA19db43Aa6CB8eB111CE98465Bbb1e39756,2
0x16E6393738797600c36332De61101214B70E5330,2
0x16E7a5C39b5cbb39e1b4A771FEB33B0e49F3F62C,2
0x16ee8dF6D763A4501E0bD9795A5c0B3eb89eBF13,2
0x16F5EF133d0D15B196A778d22BF1ec56f8f37C05,2
0x16F76b39c435049F9B78a95B963045f7feFBb86F,2
0x1701b4bE3F9F0302F14f5E45F7e707ca23937CF4,2
0x1701E56c1610d9f16A6f033313E6E5762aFe0089,2
0x17025bafE7Cdcd7B82c5371651345A2b9ede0eF4,2
0x17085202dC682FdcfA66114E9Bd945A05f72C24F,2
0x170DE19aF14b23c32390376eb20d8D6FDA1Bcc71,2
0x171E659ABa00c78e0e08c2C5E9c6B58c81199f16,2
0x172162a00f2e075BfAE0d701Ee137bf4266882c4,2
0x1729AACfB83ceF47e806265D9495beDfBc1531Fd,2
0x172cF03697B8b18C1C4479DFD917033C9ff76d7a,2
0x173EEc4DCAe9f4f293B4ac533440B6055d00c3aa,2
0x174125fAe37cD69De6ab21201e67561cff79b5CB,2
0x1745A7215Ed98069BaBc559499D38BB8EA4165e9,2
0x1745d9f29e7878D85C18F1F4b839fbEf7d4bBfaF,2
0x1747618845A44e0201fAeB200D2b8AfFB66C41eF,2
0x174ecd3AFbB8E964Fe09eA399E726141fCc4abD2,2
0x1754653284356dDFd8189eE97C4F2C580BEC4197,2
0x175B5CC8f0637cf031A28B638D900A321163d950,2
0x175e28cFd7C889D94338fef034e8eA414aeEf521,2
0x176987A76d999BF117377aaaA6c2E54c44FCF6f7,2
0x1769eA5701310C456e04AE726F724cc3fAd54eC6,2
0x176C400b4fda2d346835606D0A8087eE252D9bA6,2
0x1776CFdcFFC21CD51B35d1EFAf5B3db4848dA1D7,2
0x17777Bd41Bb7522129bE61AE17F7a64d41a15Cba,2
0x177821CbE97b3eB0a20de1FD534bC7160cBCd76e,2
0x1781AFDf20577972e9453D2dB861C5A540BE04fe,2
0x1794FD7510B1E3C6a2E193c2C1E6d74ff2C47572,2
0x17957Fe9F8d939fb69011513D4878dBad579810F,2
0x179ce27A482a1EC49Ebda8d90413835609faB162,2
0x179Dc6C6D0F442713d074890c88afC327D3027B1,2
0x17a0D51A3F3163EAA05925FB7a7654Bba91a70aF,2
0x17A22320470B5b0E6E5633A01a9979497Dbe53ad,2
0x17A43CE406b872782d7F3e3A7bb2e4dF9E3C2cB0,2
0x17a9285D6C400a59BC68D6dd0A971d7b4767b90d,2
0x17b5b5270c2536002b822733F687e5b914ABEEb8,2
0x17Ce637f49fA1025431262eaC2CbC3bc9df6D4b8,2
0x17d3f482683023C4dff081D3ac506B491edCEB6b,2
0x17E02c761BD2585dE860091fcaE3B25d030ae935,2
0x17E1a98285351D294fB9085A1f1C1d631e98e2E1,2
0x17E738D9056cf0926fFDB0fF15dA4FE64661c867,2
0x17e738fCd761362C498fca0bf2479Cb9f0Fef53e,2
0x17e9E0D951e9a52A697180119b90CE682E24C66f,2
0x17eB41Cc719d2B7406aCEA9BDB1Dcf63Ecd8067f,2
0x17f005B1522F11D3ED13781DD6BD87dbea10d4Bf,2
0x17F343182B42D6488FC54B6ae73ac5DA5Ad4E326,2
0x17f6e12dcFEC5959FCf80367e0786329283f021E,2
0x180906A0eF400E4747EAC35D4E02ffa18979e328,2
0x180D4A7c54bAdB851AaC45Cdd612A13e666a9Ff6,2
0x180f536cE787939b153d43d8d2CDb904BAB0a5e4,2
0x1817d0D664429c2430B103F5b6fC10dF6AEFe41E,2
0x181e1f95eA3e0A13ff489fcae2177a0Cdf203CE4,2
0x18207a2AADb70fA771c8d71FB107861E6E379DBf,2
0x1829a38fEAe3c109b12684021CF5af37f55D5c47,2
0x182bEEb17988956c450938FC54D938CdeD4f87EE,2
0x183120585AaEfD430ED6E481F175EFbF7d7A37cD,2
0x183a2D3cA2c1Efa7C986385569073B731B0c5001,2
0x18490Fc1E48A8c2a917b340fCA8DDEf5Af0Dd0fa,2
0x18598696568D6dF92D4Ec3136533a8993E80932c,2
0x1861801167b2f49c2419c719123a23faff0a4391,2
0x18634e705155d2D88EE49B023B05bb2648b38e58,2
0x187696a67564765Ace71B11b366AeF44c3c492bA,2
0x1877682134Ad809876c2b89Bb8cF5fF3F3c7b733,2
0x1879111fCe6B43AFa4c5B4e5aC923D7a71c82785,2
0x187925A31D64dF8f12f59cdF2ef99794F779Bdbe,2
0x187d9F79aDdbE3482205899D813eE374Afe0c690,2
0x187Eaba8040AE199a8A1D35B206b63f7537130DC,2
0x187F5053263BDB2a2a89adbe0C486cEd21437d67,2
0x1880e957AeED49A7f15600986515cb0D11025eA1,2
0x18878448ef6a88aD62d286347C2D9C64Cb103bcD,2
0x1890cd430B3485a38f4A6bED752712E5AD40DccB,2
0x18a00708974f0A7Df7082e0039C225a56A316B66,2
0x18A02192a9a9e3b5Da4Cf8D6985D0C530AA25057,2
0x18A070E9eF5fCfe5be1d03224162c82B3E906FaC,2
0x18B8B10B14dC06C812c2f86a4C3C9e87Ca34E3F6,2
0x18BEc08B99423D00b09cD8cDE6b696fb11c540aE,2
0x18bef96884f6dA221F9208DdAc987438A8b6f296,2
0x18C74520A37af6CbB102a93Cf884fa195a24B834,2
0x18C97B0F7482D8c2a33a6727Dc149e7EA8A80F32,2
0x18cb73aD774EF695eFC7a8bd70571E57D1a40A92,2
0x18ce6fDfb37b288659AE9D7E3Da592CE280bF91f,2
0x18Cf1a9366A238dDb3A786ad0C71f76c36B96967,2
0x18D29a71f1cF1B63304c37A5174994382CaBf1cf,2
0x18E4508aE09a93a24006b7e36d2833659AC6602c,2
0x18EBf7b2034A4b2F094af13D77159678CbF58F6E,2
0x18f6487519ccb9D7b6d024D5741057c3EcfA4532,2
0x18fA5E4D58130C6b9737D48317138F525C4F1fF9,2
0x1900918D37CF6fa7fc4cc8463fA0DFBEb88DEeDC,2
0x19076007e39493EE18bB2F72993Ee765106DA955,2
0x19079348fA670876b7924ec5F0C91236d91389b5,2
0x190ffDB6b0CC73d32EDf8b4139567c0c12D83B48,2
0x1911027cC292254e7c6ad1A5125024c470E2D18f,2
0x1913E5877e5c2D9a07177d26824C4a501eBEf2Ba,2
0x1924110f18D3Cda1F4582b2EEC605A46Af811BCA,2
0x192534172E5C9B11a08EAfe5cE8f118Ea43d594b,2
0x192cC09e1cF082c5EE0E89283d585dCB6a3c668b,2
0x193aD6a4eb998e53315221DD35230C4327A269f6,2
0x193e271936F63f85Be407c3126Ccfb65AaF142A3,2
0x193e2bA34dAe18042711Fe3dF5AC4C339af12A95,2
0x194A71dcf3da80A543d1f2e59487F5CBe4E50036,2
0x1951CA3Dfe6e51E391CFDe736B7948917439a36C,2
0x1952C0b6DB817deA6753e457f8F410C3776fA49f,2
0x195795Ed981E7038A6b19E4Bfd28b321210B7445,2
0x195F11BaF68FA556f1ba291f973fc5BA86828444,2
0x196704AD5e0F11B636Ef6f4b6B1196Eb825Fe3fB,2
0x196716B931a63a074875298af2fB3F7e82Df5346,2
0x196AB3E637219eA9D2efDEc0523006Af0C1fc8f1,2
0x1973fB662dE2ab391baE7F5F15cae84AF6167Ac0,2
0x19748446A67B690EF1DD13Ee61A615E9028BC6E0,2
0x197492c2618cbBe062D3B1Eb2b3c089981227e13,2
0x19784FEc783b8169266af8A45b6bB702b5e18761,2
0x197e448f844E7D844b81756632aD8D54dA46dCED,2
0x1980138E5e7220297186e4c4a470E0bCce3b9d65,2
0x19886f2E2e8CfCC153988B82a8A74df1845c09a1,2
0x19970375D31df21493722558D115882c066E5932,2
0x199a30051660F16cFFD0a6bb1A60c55815c85062,2
0x199C69EcD9E8568BF1Fd2A5cDE4e672eAfF2D2C9,2
0x199c7F0C4fdfa143327C01417a0D5271BD5fd5CE,2
0x199F0270957662E95DBf144D8f4ccE59c80b0EB8,2
0x19A40E873971d63fB522bdfF7612406781a026A1,2
0x19a413f43aa36D8344e808D250cD34Df280D119e,2
0x19aDC486Cd84a5a342D54676BEa8A16767cC74DE,2
0x19c89a0d57b6e8dbf5a781d3d91782597ad78c4f,2
0x19cC461724c6A21d9a4501e57f96CD1583D4f450,2
0x19dBbEb47F38025844F82B1B4f10Ff2dC371fF0C,2
0x19e77B70456FF12F1A7455D7521Be3a5bC0a2915,2
0x19e8B4f71dbBfB7192Ae066147001EaA700FCdF5,2
0x19e914e4Bf7f3fa502BF55221004D05555928a5b,2
0x19Ea060b41087C8b1b35a7bF58eF114cc48a9e8D,2
0x19eA1e6DD9D30ab0B55D014A88Bf6FC19048587e,2
0x19ec1ea3f12749496Da4675D15014f2D99156d1A,2
0x19F4CDaBbf16e8C42211bB712A490dDFfc179793,2
0x19F6d139E96206a8319A9D312ffe98a706d732f2,2
0x19feAf32733E55a20EFA82c2B7b01b8E4d3C6F4D,2
0x1a006cD18577436Af3840054e57F5F646586250f,2
0x1a02B0E7D51CCCDeB4B9EBEDbCa5607872dac5FE,2
0x1A0630F022413cDfBBD6b292F966061E5251dFd1,2
0x1a0Ed7742d79826CC15aDCccB4001ed3C176b16A,2
0x1a221e6E5C5C6C395e6bfe0acd2a2D435667Bf62,2
0x1A223f1b510100Fa8ceE4538469E394E60a0b7B1,2
0x1a27f827ea0C3D50a0E53d071B50981653Ab52e5,2
0x1A2c0f3dF6999A876b8199db71879eD8130Cc93B,2
0x1A361Fbe3730c2E2c37202f57871F8D84516EE54,2
0x1a3943c55195654Aac79C510d2860726C33614Cd,2
0x1A4f646C2e4Fc3Ad29D5782b306B9cb7463EE794,2
0x1A50Febe4Cd9273f104E40862cC7eE4990554A7e,2
0x1A53b8B97d76CB27E9c1Fb9a8087661E2D4842ba,2
0x1A54A821c47b223773D373f8BdD8D0Bf1d835115,2
0x1a5948Ff600a3d5dd1bDf5796FEB262A74Ad14c0,2
0x1A61bDf957245b93B85335CC5fd2D317893F2D00,2
0x1a647f98C3529De86FAaa8a97c7a1E63dCA714C0,2
0x1A6AfE7Fe445c2501053a55Df9015AF69581e0e0,2
0x1A6dEe61FE27F06cd14378E53be71679dB3B62b4,2
0x1A74F677822b81206D1F64ada0355af6D2E739f8,2
0x1a751188343Bee997fF2132F5454e0B5da477705,2
0x1a78DF0614C293dbdec6354720F061a6f0F752F7,2
0x1a7bCE8B34D5e487be4b3750a651Eb0a05809f41,2
0x1a7d31823225D28e3e0A258B2AbC3C818463d422,2
0x1a7e84F4F4eaEefD34EbB30f00865e33f82EdF48,2
0x1a81af1aFa341d6617dbfb130BfF02d69E18D3C2,2
0x1a8709782Cf8A62f2BEeB20C74D4f8fEb5401448,2
0x1a99D38cA3b8cC99E1AC31aB8e7e23E2b8018a6E,2
0x1A9dEEC61b8C21804256ffF95971c0C4C3D7f548,2
0x1a9e6BC93D7C4F0F4C224Ad555659425892Ac92B,2
0x1aA4C1da5A8a52c6c8926167b8CECf4A371DC8Df,2
0x1AA780bB10425b86BCf05Ecbb7953F9A93729ed9,2
0x1Ab04A0b8fDF82280D98c60c7F4034C5FE34522F,2
0x1ab228647239AFa5aF349a70171e2FB811091839,2
0x1ab6ad1a13a679Ab61FAc7513CBcE79c6D5F018D,2
0x1AC005E581133718A34DE1FCD3C30f083Bef8c50,2
0x1aC217D61C002cAa32e1D46DadBBf3dC8F07E792,2
0x1ac609187Bc768DBA3Ef9C1ebA561385507A994e,2
0x1Ac6C963795276a20f03dEB2a6098422a473e6df,2
0x1aC92a85986c33a3721BC8A7Fbda05357485942e,2
0x1acbbB19eA9a12787e343083eddbc61D7dd5D64d,2
0x1acc780FB0B55bc05D05BB5b0881a22B45282639,2
0x1acf7741D279C7Ebc63feba140e2139a9D069023,2
0x1ad1d880b80252E88bC3D61CE6bc5E950388eE7a,2
0x1AdCa47d3a3FB416B667151806F7fD452deEe9c0,2
0x1Ade1AE7702026F7B49e97B3271961dA14AFF9ED,2
0x1AE55c0005758d43fB804F297921434Bb0D41545,2
0x1aFa21bEf41B61b198b1782D4F806E163C8F291D,2
0x1Aff095C6891Dbf8994Ac7A5bB3d9D960D0F448d,2
0x1b0355EcFa46149bE4Eb519d98C3E1B98614702E,2
0x1b088388688110BcB9D58545F682Fa0064597B55,2
0x1B0D7e5B43cAF3d5418d6512078B846C881fEcFa,2
0x1b1119FE49472ea02cAB69Df5D5ac29D4B1D4eA0,2
0x1b122727939bf90151bAD36C8F0eDCcc13E34186,2
0x1b153c3AFF7c5Cc4a0E6BfE4063eCA342b8A5750,2
0x1B1A6D61E78581a99Ad744c14971aAF17d581409,2
0x1B21a740260D037b591ee0e65a1b3C9A989383F5,2
0x1b2601C417Dcdf034fC688B912C4aAA52F146742,2
0x1b2bCC8CDE282B2110593c0cE087bE81e73973Fe,2
0x1B2ECFe2b77fAB9a518Ccc22bd704505a794DeE9,2
0x1b3010c3ba3c693143fF4976C1e156546E036713,2
0x1b31fD314b095e97F119819560c98DEe9F7fcC21,2
0x1b3203BbecDe865f9D7b729326478e2c6b528A77,2
0x1b3419D2b25b217077AF72039eeD3e0e73aF4Fb3,2
0x1b351980AF99Fb53fBA9fa7E5c41Cf6925878328,2
0x1B358f948d89c5B1830D81E6A178926ddcA3d09c,2
0x1B35e7E2774E557fbbc5fC631d3AFCa4017cB5E8,2
0x1b4342343f0f4C31A620404c24cf5ed35042c8EE,2
0x1b4CAdF1f27D4b6BB03f827f92f851BD4cC71f9f,2
0x1b4eCb52Bf6aC9b3CEA4F55CC9Cb1c2b953C3CF9,2
0x1b50517500A0c5215D7b69E8Dfb02d7984739579,2
0x1b54fD7b47d0F555678148a2C4a00b5AdD2b282E,2
0x1B5D80be529D1c4e67DE53C26eBA89419A1b454b,2
0x1b5dC5B7453447a33485A1f8AD6bb875757DCeeF,2
0x1b614CEaA6Ba96C061e1E624EeCF09146D5F86Df,2
0x1B7d1c39900aDb1eE203B7dF7D4969BB31Acd2f8,2
0x1B81ff7286ca4B2C1aa68D140de39A47d2a1cA49,2
0x1B83041deE7c13e27d81ad5C409FE04159681127,2
0x1B840719cEfE28Fc809c586cC65B670F21a2512B,2
0x1B84feF9b323e22D388D83753A8E0F1D20E23F71,2
0x1b8F51dAf97Dc013F15fE79E445608fD432052d0,2
0x1BA626f828e6beE01826a4Dc3eE9F4a822cbC2Cd,2
0x1bA69b8cFac3a855B58FBc359484d74A29E35Cc7,2
0x1ba738884e1200E5a34cF80d017439f67f266Cb3,2
0x1bAA6219b899E59213d3b0B90fb62f7e97Bb21F6,2
0x1BB10E8435FB4cbef4538A7F6812534E7DBC74b2,2
0x1BbbCaE53AbC8f7736c3a4D2F9fE112C2129751c,2
0x1BbF879De0A92F3807e68bDe0bd125d6d0D183cB,2
0x1BBf962861FCdF638603B3EFD64ba8b5288aE44f,2
0x1bc0f46d883a9c11a5037deBbC6f5b7694da9a75,2
0x1bC51175b2a693FbDCFc7A38eFf7E1F6BED173C1,2
0x1BCAe4fBdCCB2aD253521A3Ff00313317775d1Eb,2
0x1Bd20d6105F56248Ed4327Db773c84FE4499A027,2
0x1bdfaFbA2eE05f0F3B99DA4Db42479c079D1CA1d,2
0x1Be1f42C9E845AFf610673b5A707fEB91008DE2A,2
0x1bE40D85f1a6AA9Cd34D3DD5AC3208458259dCb5,2
0x1Be55Aeb3B9B72a18217f8C42B2cB56f6ca90Cef,2
0x1BEAe654cDA8aCf5c0DD98991C150E43E9EEfEf1,2
0x1beE4F4a120D43Edc24b5ac0F3F4B1023028B7D9,2
0x1Bf2c69b457014069aDeb3E4063a9910dfD0db50,2
0x1bF3f87C19e5d7C075440356E544e208D09c0C3C,2
0x1bfa9C26356F0dd710C6c0CEA2F131DF5D6bd53e,2
0x1BFb3d405B58810001190e5e7FC529417a12b2A1,2
0x1C07885D9821d0c3141d6c612Ed07A1239b71f17,2
0x1C09Fe318978d1a4F9436Ac3C5999BA0Cbb5e9C1,2
0x1c1718b52bc525a792259925186E83cf792d4835,2
0x1c29Fed7470938f31d21eaCcB89Ecea1D779684F,2
0x1C3046F0cabbe1D82f3B78f3B7747CA12Cc271Fc,2
0x1c3BEcc3000eC36300b260cdB19a67E02D35059A,2
0x1C3bED59B09f56c778b4bbA3c3A82e5E8d60eBfC,2
0x1C3C6BE0F414A026A011DfEF28FE8710F3F190DE,2
0x1C3Cfe376760A6bC2580b3410f3D71cA20b591Df,2
0x1c404e9f21188e5EC1D5b1Ce8DBB93A9c2A42794,2
0x1c4Ae64191145f42801660479Bf08D5EA5021E95,2
0x1C585a942e2baE3300F785f04f17b10d7C6AbC4b,2
0x1c58F7852E12396bB9a1C9098F8df583E1101f37,2
0x1C5Eb404d24468917FB3ffa4a5B38EAAB3C1e815,2
0x1c65983C30A6A47886dbd6Af6C69dFB6CE6589DD,2
0x1c68B24dD4eC4e150179f842fb6E5231e05A6bCF,2
0x1C6A9bD5d36AA54faF2Fe896EE0F8390D714959E,2
0x1c7CC7f07BbE2f32f714a059b0096775CcfFDFE3,2
0x1C82B594e7Ca0Ba0AC6211c571Dea1AF8Ed77FAc,2
0x1C8791Bcfd60F700Ea59aE417Fb80D02eE444444,2
0x1C8922A902214Db5A7b8744B2a5Ca09e32C46aDE,2
0x1c8d9Cd8c69D003076708163deE2C1e7205884E4,2
0x1c8F7E914cbF52499A94B735B17AAda51f9dce1f,2
0x1C926F8C7824aF9a6135FDBA68a300b144D76F22,2
0x1C92FbA161795EB70A984e904B1A545c4849a898,2
0x1C9f9AC2a7A3773BB9e2C2FC365c75A412dDee96,2
0x1cA31155A111E2924F1027c02B5E5d375afB5d7F,2
0x1cA85E92dBF37ad7255488578783710D15f8E9Bd,2
0x1cb239D2A46B63683E96ACC330Ac1B598dbf1BD6,2
0x1cB327916926Ab59b624080FC1B829E89E544BA5,2
0x1cb66FC8891E1758964c891BC17a9a8CdD25E7B0,2
0x1CB81611D2254978A47C4b5d57b21Ab59237Cf86,2
0x1CBD934Eaf49FE310Ba4E27606029c9dEF0168E3,2
0x1Cc074CA55aD7068f88E823F26f4455FA9353E73,2
0x1cc0cf8aC511c6271E58e0DC7b361AAA7E4D08FF,2
0x1CC16A91691407B04F25cC5fF8Af047b0eE3bB32,2
0x1Cc3144Cfe8c508F7632d2B9C754aa9585b6D6E3,2
0x1CC907b04A489fd38EeCc4956A792252a2c71CEe,2
0x1cC972Ff969689873f8010bDD0Cf3dC30618397E,2
0x1ccC73e7B8FA5dB02040Aec0049d42CeE4661CC5,2
0x1cCd4FE35BdE55147F0fb17DadC8Dd3702705cd9,2
0x1Cd54e4eE62375FFE09F146ceC614569aB658500,2
0x1cdd31D25ae3B591626687d771A2fbc5a9153904,2
0x1Ce307ab2dE302d42d774caE2f8Aa9F7377a85E3,2
0x1CE8E1954Ebe27bfD2b21fe15C74106A0a59D42A,2
0x1CF073D278FDfa5Bb2259B865019aa1AFdF52e05,2
0x1CF274a674A29fFe2425c1111b64B4d181744CE2,2
0x1CF82438699503567fa12D41ce80E92Ca0a8aEF7,2
0x1cfB2949EBc0B46641B9C6a350dE164C73CB003F,2
0x1d0064B7e18BC12Ca330C79415e8035ef948f2Bb,2
0x1d1115Bc1A41020fB568f949e91755235eD704C5,2
0x1D188C419aeA5a6934d199AC21D6B51428b8D7c3,2
0x1d25783CCF372772a9F4248Acd6ca93d5F142DEb,2
0x1D2e9ade41E897F90C70B894A1255cDBAFfa41C6,2
0x1D30660305c2b02B43EB91e5306eb23e2c1618E0,2
0x1D32be8a89535d642C92537b077bFEFAe8D763b0,2
0x1d3E9Fc1D8A3937Deb4Dd7Ac71d92c3c93867426,2
0x1D4741F75f6C8F38EE0f526A3C51D2E339a53aBB,2
0x1D48A54b06E34da443E2Ca14Faeb378A8c45965b,2
0x1D5131E79E9D2cc9D4B03E63Eb473D40eEaFa198,2
0x1D6A2A3035bf341c6EA61ae69D84D386f01fc090,2
0x1d7491C6d980486e6eF13c01df3aBb352d8D476d,2
0x1d870829F47369a71f8917AB843E4908FaDDfa04,2
0x1d885c2F39b2A267E6cad001C02d857a782A55D5,2
0x1d8a9d69fab87ff986f3781d6ef9e766ee9f40ee,2
0x1d8BEbC58299De6A82e8cf1F8Cf21b66A7707035,2
0x1d935f516D5008Ff3153ab789258Bf5d8cF604f5,2
0x1Da8A8639095935fda8C68fB5da6bAec08b79Ed1,2
0x1DAf3590471C7A4870E2BAb4AdF090655d0f5121,2
0x1dbF00bc3f40F551d79422a96367A6F58Ae59412,2
0x1Dc3D68922c6885A37FdAFD793163c8F2D61cF8b,2
0x1Dc7AF8739C02B757aC9b3ba92Ab561dE7E3aF25,2
0x1dC7C95a310FDF37DD361Ce8b5f01119ada884d3,2
0x1DCAEaeb9e1Ad38E50cc612D9316c7E01dAe1C38,2
0x1Dd0b6950b161d5345e9E013b8e93EB6d45ee470,2
0x1dD284a0af66eB792A28f17BEa7Ba27208238503,2
0x1dd47E8d9d7A676EaA592C26bf5C3c8cb07a194c,2
0x1DD5c3C570a3218e0A118519BCd72c68C306deac,2
0x1DDb5Ff9ed657db2CCA401e10733e4FcDF3C6Daa,2
0x1DE27924C51B69C4D21d15CE976f2F61D1FFf1C7,2
0x1dE8E13aE66FeA0363D072a478463189b70c6e2c,2
0x1dF5D4CA568DAf9Bc091bbD0d31b6DfE6310311e,2
0x1E05638473248629f253aFC877fd74D20E7519E9,2
0x1e06FDB842256f9CCe789d7c12E3c2b51B8D9f8a,2
0x1e07c233341012327Ba02455a1DEDC45f2B499D6,2
0x1e09d2437aFE070F1eAb224ABDf79e9A870883D6,2
0x1E0FC5065FF8aDFBd5b23B67323d9992b7dC2DC7,2
0x1e1B61F561D1E9FF94B46C355d94fc76BF371685,2
0x1E21648274691D789D08edB4a31c95BC1662c220,2
0x1E2347941A5Fd7DCf6957A1c94afeA0DFC68cF74,2
0x1e29433AEcC2Db7e6f51D1d5AA75370d71133333,2
0x1E2b7B3fE8509E5D29503ddAeAd249eEcA45A6ED,2
0x1E2CA98F79751FF5dc7032D655377029a37D4B1D,2
0x1E2d6D87d2B6151Ed2Cb64AC8266696F4d58F02f,2
0x1E394153e61216e6862b6095dac3a04858709B42,2
0x1e3A08d9370dfE4164B743081024727096D69871,2
0x1e3f9157d1f71eab51366dc14dafba86631c7ea5,2
0x1e3fCE126E8e03a53F2A3061b2Ef55AE97980Ea7,2
0x1e45A4913efa32c85EB40F808B81eB639aBe2d49,2
0x1E48C2F130A95d75B01D1caF4cec7C49C5EB2aAb,2
0x1E4920bB008cCA714727ec42C934B95b791Bd053,2
0x1E50B3E898Bd7B5dD68aa1F1FFEA732906dEe06B,2
0x1e5487d6912c9e40d1F1BE033E778f39297b1e38,2
0x1e54b50358131bB834be2342204527D35fDB9256,2
0x1e573c9B4762fc038aA6852Cba7265203EA17C1F,2
0x1e66D398082F11b8A4d35bd1294A9fD8eB4dC777,2
0x1e6aE9AC48836e649Ca8427Bc016314DfB1d6108,2
0x1E71ed7B2C1c4CB0f47809501d894Fd83CfbeAe8,2
0x1e745cBffD0FAe136A63a133eFF6c43BA94Ff59F,2
0x1e76Eb45E7522299D43431D06E9A866B09A57008,2
0x1E81B7e35ab9255Ea073AA6c15F4b9DDA10F93B3,2
0x1e82A4197fc7C0F6cfc1BEf7d0cB4FC1C8e2b13e,2
0x1e86fa0E17EB94c2D7e4D390bC33383d329a3320,2
0x1E87f99a6B8023eE280Cf6b25E4194d978CccCcC,2
0x1E88204a2E80456485b0DD1720fbd4078E182E3b,2
0x1e8895155424879c51f280C7d515aC0386ad71A0,2
0x1e89dF004e155381c35DA08741748c8A18A78fcC,2
0x1e8b28CE9Fc251350ac4253BA5e58816950C6397,2
0x1E8cBBBfB827785ecC23dd0426A8907c7CDCcA3a,2
0x1e91C8371C5640dfB99a7d5d9F6A96e628721d59,2
0x1e957a10796552CbD7d5C31439a5e8345dB569A4,2
0x1EA7796C6d008Ce8439C79DE476B237f475336DB,2
0x1ea9DB025f75a5819c056ab248813c39E2c13715,2
0x1ebB140319d6C3b6f7C7797da75376c2eB2A4EFe,2
0x1Ec1db0B048E1Bc699d5bEdafa6c606bCD65f205,2
0x1Ec1dE86d4947d44B185F2a83ac539258830a3d6,2
0x1EC56dB430f4357f00bD065EA902Da5118F5F9Da,2
0x1Ec794181D10228988BA6236B13A1A4fFC7cB140,2
0x1EcC15820f2D55Ac0A0F8cF51f830F136d05C350,2
0x1Ed01F8B34acb1749846395Ed4A443BCb583585b,2
0x1ED4a7446556ed14593e15CDBA22B1BBA158Cf8c,2
0x1eD7e645Cf1cbA7c55B0A68d6ba8363a360be165,2
0x1Ed87B92fc0e462F784fc0fA921eD406005EC8d0,2
0x1EDa48f82D1249240b05BC365e6485eD12692701,2
0x1ee312b2DC5Eeec5EfFDD0968C7c7c8f46aC1669,2
0x1eE3C4a376D697e116c1fE534b0f22aE0EeB6D52,2
0x1eE4aEC751AB97A6f1f60b87c48e52387Eee91de,2
0x1eeBF0B57FD0b0676484773F18340AbddFCD01d0,2
0x1EED082B298A6Ac10F1c3347873345730d20E826,2
0x1EF09Dd3A42821af634709D27139f67D7C1baAd6,2
0x1Ef628277760c9Db3B20eb625EFC02fef3a318cA,2
0x1eFaBC36470601B521D17dC7079F43e4a2f30E70,2
0x1efb3038DE631CfcE0C0A231952c6B90d5D9cFE5,2
0x1EfE9DAF0e2c0e61B946066bCDa0296E20e7A7d9,2
0x1f01D99a90AD0C752e7765de29c386a169BD9E37,2
0x1F069C9589e45360c3f7a7BfFC0d2c7fa7c85A1C,2
0x1F079e606373f4e91E1B931C3467CAc6E6bAfd15,2
0x1F12d4Ff4AE516b997472c1DbA89f2E3a35d4dE2,2
0x1F12d605FfFbDa570EDDbe2Aa78114A8778E54DA,2
0x1f15eCFe6bBAb57f630f3bC9a5b12ABE1016001D,2
0x1f1bD80De7404E5CB613B8aBb70dE5fDbF15C25C,2
0x1F1Fd066530F3E7c834acf533a568e0AF849BD89,2
0x1F2076b6709Fd362DFC654B734Bec7bCE3Af9236,2
0x1F215F203Fe9D837c2244BDCf7DC0234F50e311a,2
0x1f2aE9179D2a3D6e801cc52F2796c2d4d4c6e436,2
0x1f31e7c112Bc5820e5e9114c1aC3Ed2CDE937b7C,2
0x1F38fA918C8E565F3065Fca9882723fbc2C92c38,2
0x1f3eedd9f0f7CEb0a7f413e1Ade40Fe187c83fa0,2
0x1f407F9A66bCCfF4650eEEA146Afde6C6f86353c,2
0x1F4843bB55d533a2F0a9058040796C77558d5B0D,2
0x1F4Ed144d2CFEbe5076f432d5d4517A86EE8bF5D,2
0x1f4F81De2834be74Ee1C90f9c5f8C936D1565511,2
0x1F519c2636675B50183D54891eD67F3FC2AF04c8,2
0x1f5791D8433570aeEd4a308BC36f0F1eb9C44202,2
0x1f5Ae096D040324a15B0d33bF02B69DC9403C748,2
0x1f5bbEf0722b6188B87b29DFf530d6cfb5A46967,2
0x1f5FA0fCf048e453ef2A1F1485A8bE1388162915,2
0x1F6862aF74E2b96A4EA5369a54aE5C66B466438B,2
0x1F687ff00Fa6B0ce7825e9f90Ee4f05b5B8EcEE6,2
0x1f69e976F1BB17AAA5AC7A775C4B9f21AeC17acd,2
0x1f6Da1819836588AdFCAF80a429d5dC0673D4CeD,2
0x1f7da2f06Ee851Cc41Ef78cD89DcA8B0BcCDE733,2
0x1F8f8E9C33a0fE4B78904488E8419b385278B9A3,2
0x1F97E0005339FaA82632CBFa7C1A5bA1ba699781,2
0x1f98D4b1bCB6203eddE4a81D49a58275CE43bD80,2
0x1F99D1Bc5dCD5A87c6bCB40655A7438F99B6B601,2
0x1F9E539D76eCc21830fa6a7CdeA4cf3946927A04,2
0x1fA045649d76353c27551B89D140C8d1E8d6004D,2
0x1FA0EB1d382b4146bB1beE75482fc9Ebb59c13F7,2
0x1FA83251E3773011b4Ede627b1F16824C8fb8F2e,2
0x1fbE7b6152843F072daaec35DB10C28BEc8a6dCC,2
0x1fcbBFD101f6E6fD4E367B248f0909CE99c5AE53,2
0x1fd230423888473d1bd2047d0d330f785228cFcD,2
0x1Fe66866C4A30b050c8ecD2440976cd6e324BF2b,2
0x1Fe96Aa2dbb4329C16F65032B29BCAc21E68e426,2
0x1Fe9CD78018bD1D0dA6f9AC9298c5471F43cF056,2
0x1FeB0451454Bc350De28833Ce45c22E072D6280b,2
0x1FeB79a739b96a5d51578FB999CE8Fd723b490a9,2
0x1FEF500586a301D843A8049b6FEFB920b4888513,2
0x1fEfd2d64af4d97E5f2De6f96237e6afe29E25f4,2
0x1ff1D585a3eeb3AcCAc5332c9cdA8Bf1945B9DF5,2
0x1fF1D8Afd786195120032B1DEfBB41af34911d74,2
0x1ff7D51105B6537eAb4A311Eeb10C5Ccb924A5B7,2
0x1ff97a0a488189474A724B83F070F6519b242F06,2
0x1FFAC23775abbe0dAD8f8e6878fC65E9C035c68E,2
0x1FFee3dB7D6135595e2d50aF515b5f137751f5C9,2
0x200933951e70A0934Ada6314E258a023787B32E3,2
0x200A105754869b24B2cBdFb3D0a79ccf6746e393,2
0x200Dd00bCE3885605b3fffb08b9C8D9f77b1F4fE,2
0x200F6036B6ab254E333b6Cc801669887345f547F,2
0x200FF4c4BB5744Ff7fe4aa45B9f026321566D9Ae,2
0x20170D12272400927fa82b181FbEc23Ca8fd4Bcc,2
0x2018aD2553d0bbFE7d8311f11f765bedf0D0D31B,2
0x201d9eED4bd25A5f53b2728D7a13B3aAAb3DB08d,2
0x2020a0B928a758F57a91fEfdaed3802ecF173DdE,2
0x20241979c784291EdB8da2ABdCfC0DcdaFbA0286,2
0x2025210d0a374337576FDe112fC7C36Bb62c38F9,2
0x20278AEEb68BD2d6197907A568905eeA2B429532,2
0x202F03fB4BAcec724409A0455846D51Fd890A5E7,2
0x20313BF6f3071fAe1F44E23f1aED6950030BD1Db,2
0x20335C504A4f0D8Db934e9f77a67b55E6AE8e1e1,2
0x2038e24BD5D0E7e5eFC11c4a099c674598F5591A,2
0x204283101cB7E1cba11eF2B076140517B4fE7A61,2
0x2044a618FccCCbCB1C16e588dfb792c6c3e2cdED,2
0x2045217B090191240f0440723D16BA48BC54f3b7,2
0x204823d2995230EC1660512013c96D6F06beE3F8,2
0x20482Cf45e87103672D5622a0c55421b560c60e3,2
0x20493187aE744A485Bc5C9Aa1e83e014fC57918a,2
0x204D24f9098837C2D882f646Cc49118CA7B7d99D,2
0x2052051A0474fB0B98283b3F38C13b0B0B6a3677,2
0x2053658b79551EF3F3e6BBb8E9fB16E47698e57D,2
0x205724892fBC342Ef24262d8171d58f9d6BF953E,2
0x20604D82F03806ee7B5Fe367b3121CF522FaE4f5,2
0x2063F22Cd528c4BA7350bA5A0A0375cbC9a97F60,2
0x206474310412b0cBa6647eF04920458EFCf0ed94,2
0x2067e508dE75202654AB13E5F0B6c12d01C26a45,2
0x2071946399641f3A845CDC1aB2397fD006d1642a,2
0x2075b154915925Ef6947bCc62FC2b436938B0A44,2
0x2079aFacBCdcEfD9a19B11195B5aC2Bcc9ab9Bfb,2
0x207a95Fd2a19e36CA3cAa7fcf1452cBBaCB431F7,2
0x20920551C8156b94B40f45D207bE0c774D27b2aF,2
0x2096666B7b45898a64EF192615c104D6D2a43c4C,2
0x20A767afF18528E942f464Af697e70e633427dea,2
0x20A9dE82b5667Bd9acBaa494772c3d1EA2003d66,2
0x20Aa2544b3788d4a8004d73E0Cc142DB876850b6,2
0x20aafa6a46D40C3641D7077eD6503503dc8D23c5,2
0x20af31c5E977E839758D60D79DA737DA8141BAb4,2
0x20b4DEc756430c0833da38d781c3A18dab6f7664,2
0x20b5CeFFf491A44eC355e103F82c124259c84Cec,2
0x20bD94E6377Ce5d04d32AAF67ecD49256bbC84ec,2
0x20c22D5346FC0FC7251601dB43Aaf25CBaA181D9,2
0x20C3310dE35783e43B819B57e37ae415b6Ddec51,2
0x20c67F828ecF41B78B2831736c598A0f50668F88,2
0x20D4ecb85465F79B1BeBEEa2594C761ADBac692A,2
0x20Dd73F38962e217922796AfDaB2ce1c161dfa14,2
0x20e0cbFC8c3f0b91b4dF53524b998aBeFccaAe30,2
0x20e258215c020e34220d712208739b7872b85e32,2
0x20E2B15BC9136327d98256C04cf9462321a370D7,2
0x20E8eE984Fd2EaFB6f48Edf6491e38db01D7DfC7,2
0x20EaD57887778c6233f32e8cA9d6708c9fE4Fc9b,2
0x20Eb157deECFd73AE4C9339e8907b834c3B0aEF1,2
0x20f7CdEA36273151D3A6CaFD6cDe2E0d05D94919,2
0x20fd33b723d13e823820e0e01b30a519fc1a73b3,2
0x20Ff4fFa59e5E7B9aE2Ff05e28f457Bc36bE13cd,2
0x20fF5BA5dFd172DE62a9CC5cBacf207520f31f62,2
0x21014eDCDEbB6d588C2fE4fd4ed7beBf2D0FC1F2,2
0x2102Dcd7778222D127D8536082F62270578aaAaE,2
0x210426297DC2c5c8c8Cfa219b6926c86a07228ef,2
0x2104Ba56f3Ff5cE4B8Fc66891DE8C14442fa1ba0,2
0x2104dD5ef0f0512B05838E2E3fDBeb91780ea5F3,2
0x21068043176512352986b7F8A71b07f49a7aAfe1,2
0x210dC308fC95Ea12AD1692c6783bD6D366a6A04b,2
0x210f0bdCd4E7C4A6efb3A9aC9e3CCa3677582850,2
0x210F141A81289180c36ab9999FC8534a81fBA8B0,2
0x2110c2091B28151aCc1B443f38AD91C2EE208803,2
0x21129F3F58C7010E065f5a15C17047daA6812585,2
0x213617029f577e6eb6e16f74e6C2C3FBf0615Eb3,2
0x21376F9Ea9b75358f3ce6138edec1515998CF930,2
0x2139045437e7439bA77983e3EC6E02adBd1184D2,2
0x2141382ffe7f74C36cf16fA0379CE338C07bd302,2
0x214499684b3cc20832d2Ad5FE05C65eDAE7FE9Be,2
0x21485137Ec9147e9B24a4E6D42B6156C84D29999,2
0x2148F74529B88c93B500b3293CE2c971EF4a80b0,2
0x214fc4e1f35CBee2ebdfFD09BB94868c54d6b956,2
0x215d6D1F84704B04E39704A98B7c4803b41C7Cdc,2
0x21626B330c1d2B57A3323F0eA62b9CC70385eC3a,2
0x216279eDd969D15d47c6fD2961115c146bf6fF48,2
0x2162D53ca6De99bED197A0B58046891b3A7Bc287,2
0x216aDAB0271161bcBfb2D0278F9652a268396B77,2
0x216c041b7173AD1fe72dd137e284A5fA4cF57416,2
0x216E6479AaD3E26fcA05a0921d3d7eB88071Bada,2
0x2175F2a2E71889b663D337914457F43357d6805A,2
0x21783bCa537A143C04DD971cf9E4CD70EB7A711e,2
0x2178A4c448e459552451DeE35DDcc616a6049Ff1,2
0x217A38128c53ABE2eDE6b5388EC0b3B9fDd7298D,2
0x217fD155De53363E005b7d7DF4F0f123536Ebce6,2
0x218838EdF94d600cb4aACf73f15f2C60EDEb210a,2
0x218Ba94D6A0978706aE55F6b82F7B89464dCE96c,2
0x218ffAB85B1857872c34e10557a731a54C91492C,2
0x2191610dA520C55051533D872CcbB5485274F7E9,2
0x219217b1cb4F0411dA4e97E599822E2Cb8F83B33,2
0x219b9686B77bF6BF4E584670359189607b34c0af,2
0x219EF52aFc269Fab4C98bA3F4363B1667c3637F0,2
0x21a2a85A9c8779411B3b35d08297d873e72Ae9fb,2
0x21B052502547a2F6843cC5ed21931a06A51FD538,2
0x21b32a4A7A3C4af670d9bC904404F40bcF168190,2
0x21bc4137bA5c58e896Baab5C9085d043a49b7EaB,2
0x21bcA401c280c8492a1Ca15D554382EeCB92F2f3,2
0x21c991f5E4548a0D82dF16effE1d907F1B53ab54,2
0x21CbEC63976589a021CdCe6D017C4f417C5d1a5F,2
0x21CCb3FC73C9Df0fdbbFf598072523264482303c,2
0x21D2C31a59BE56D7BD35cc228f707Ac2e19C5f2d,2
0x21d867Ee09294A951C5B7a9e6D310aBcBD3D8358,2
0x21dAdDe91e02F3963d42739b578Fbe4bc6aa29fB,2
0x21e3936F535EfF50352e023D2C605F65040b18d8,2
0x21eb5fA42B8474928b1D913a999c15F1011a6Ea5,2
0x21eB6b7a61eb03e4e49D5361A6048C46D68A8e95,2
0x21eCE7AbB5AeFE9039bcf1a51C324061aA8Af8D0,2
0x21eE8009897144cB08Aa603BcE48e9edaae00A1a,2
0x21f2ee0F265D469097bb37E062f918F49D0092de,2
0x21fe2a909ECF3856514F265d73a5F4fe4bbFcEFE,2
0x2201Cc6a1a72f609045163769445Adea88d7EF3b,2
0x220eF40423D4067CBa09e3CEe3422e816fB24Bd7,2
0x22231bD78d920Af1CE5C929bC4FCC925ce7BCee1,2
0x22325af1C67d1c177897dCdF8fcddFe290D0Bef3,2
0x223363b848DA0272a08781d08F7678530D7238db,2
0x2236004C2E176e3317e7cbbE3E207d0CDe371241,2
0x22363a27920cE769E396f59D63BB8744bd677b23,2
0x2237C6d2d6486291f43645DfCCEBda85F56018e1,2
0x2251152087b5Fd3e5d003Cc4aa580fC0cF88eaa5,2
0x22538268173E9D5b40482499E81e5e1e91d3e83D,2
0x225DafE993a13747fEC63d723a247194cabC9C06,2
0x226D88733526dA190b221e1A6b98706f7CcCb1A3,2
0x2272d165FF959498375C54dCEb1bc61821208C2c,2
0x227614a62E9f7679853E2C87d40660402d162aDa,2
0x227761c3f54ECA1A6863a345bfeCb93781E4A185,2
0x227E173950A9c61b4c0d6541f202D0eb9C846f36,2
0x22823d8D25ef69ECD09051aD197003FFB81cB90d,2
0x228371f09602cbeE09C4Ca15ad129264E7Cae831,2
0x2294009A329F71478eEdF9A94d21955A040671A8,2
0x2297575fbFca3B1deB8D4d50415e7B0FCDb16C30,2
0x229BD07F1Ca2aCd87edf29ae4bb7e56F26032fE9,2
0x22A1ae5c76479D6Dd761ba088c230C7493C41d9E,2
0x22b4ba13D369583011ed58074596ADF061673131,2
0x22b889a6840cAE10ab3a15cE86d09638F3172fBF,2
0x22C0B697303BdC6bDEC75BE8428E1B72d38D5dDF,2
0x22cbde853A50Db5a036E5D62B1c82490465557c0,2
0x22cde774fb1589eEcd33E738730b15B88671484b,2
0x22D94EAbfC4be715D6f76e44134B2C397977784D,2
0x22DFF26cB5fd9b158793056c019762ac7142529E,2
0x22E52bad67425ea1C6A6878790215DAB792ebf9b,2
0x22f33CDE103d66ec660a44fda7fC2915dCb7E35B,2
0x22FbD7d8449620F72aC39B81271767B24E769334,2
0x2306Be3d4F7769f78202F4731F1B8aEE11A22929,2
0x230bA15Ac0c521F311d4E77548796fC59050735E,2
0x2310dA9A053EE821086eb150025f67dB0313ADa3,2
0x2313625848DEc0bf2d558e2C7AeAe8e377a67446,2
0x231502534d0138419c586Fc594aAEbBD848E7990,2
0x231915f0531D9a004915AA51B0F8a3c3aE7E35aa,2
0x231bb902c5A9E92CB8ed8d89Cc8A85A57636B23D,2
0x231E09c345f149c2967aDbB54D91CDC62DAeD0fC,2
0x231ed33e9da3E790BDA2F780D1645B9782aCe48a,2
0x23251152287E4ADA75b5E0c44Cf422A04C4D8b52,2
0x23331F5472F454d47A38a2e45A86c57255dD6510,2
0x23399D6eAbf6e41bA24b10Ea8d988a7ABc982f9d,2
0x233A0eb74ddbED85Bd7e9B6179adDcE2AfF7069E,2
0x2346bD0c104d292a4B84085579010E03409158f3,2
0x234890Bb60245eE6ebAf801e0812E37767005f54,2
0x234ccC40dD8b44b4a46b0cA6897832Aba6424bBb,2
0x234e510aA9d4be0De896eCc92f559Df5793E42c3,2
0x2350A1A7b54C392C8fB05989C3d569E0B0e8930A,2
0x23631b12402FE1B2404fcCFAB01557269B0DF108,2
0x2372141F8952291ed092E2141f257D8F9d576111,2
0x2374AEB8DEd643473FE51D6ebb5B9927bC690edE,2
0x2375956e25de0667ab028097A562CadcFFf6B505,2
0x2386491b64A37DA61b94fe0139bcf829300C473D,2
0x238F04E383C04Bc5096124Dc56eed3C8Cf9E360d,2
0x23941Ce2A5B8C266827497F1447f5DE8FAC29dA2,2
0x239D3946746D8F9Dba503bf81FbCCd373B0c472F,2
0x239E9e51a7A881221c4Cec228e1D093b5a434Dc8,2
0x23a3c2d8d7d66Ba740EC8ea8AA1cE00F1408134d,2
0x23Ac5aAab6b9AcCDB81302941961Ecfb660B490c,2
0x23B12C8A8b60e492eaD7019bE310FC621E91dE62,2
0x23B3270dB44Eac9A168E064a15BE48Bc0311feDf,2
0x23b8f0a83f53348f87E2528504445444E7Ce5656,2
0x23BA59282CE2E3884744883288222F982D602510,2
0x23Bd20aC678B956071977AAD06070c4f358da4bb,2
0x23CB5f48fa3F4502232F3442637f90E8e3355701,2
0x23cCF377E9662EA6130eb92e4B2940cA76d1BAf1,2
0x23d2C9eB478d399458065f5A55Bebc8221353A9d,2
0x23D88a201cF0C803D140FCb861f389d40d55bAA2,2
0x23E385D9888C58dfA0F0d30Bf84A06b6730deeef,2
0x23e71e25FbACcfa5969f5ba8380B516d6f03925F,2
0x23e8E30CA8E2b32274EBDd24422D17F5Ac3A4eB3,2
0x23efAa2c1464AFC530533DCa07e3e7D1328b106E,2
0x23F5beddCD0D0b020c915b9e01171971Ff2BDba6,2
0x23FcF8D02b1B515ca40EC908463626C1759c2756,2
0x23Fe66b71B612544EDCbC29cdF885606349622ae,2
0x2400113Ae4322c51BF8e56674657A6d2a49A048D,2
0x240094c3Cb679D2bE820E84B594843D50C3F6E88,2
0x24013542966c2CC490d56C151814F1479ec3973D,2
0x2408E3aCCd020A11a8Ceb0802C8060FE9983fb15,2
0x2408eF8aBc6F5803D40e4BD446a189a7adC9588A,2
0x240E061687e86306A0C38a7A5D3ADEe07F05482A,2
0x2410b70D496088f944e2B9685aCce8E113880A9c,2
0x24143517413d2ba3264aCdbdf2c5A067E12A4185,2
0x242065C5b95fe5A3d829bAdEaC0fDE77BC6DEd84,2
0x24257Db469B0048c9ce90841d9d61013DC071790,2
0x242eD663D68f9e391Fb3d93e976Eb9f641cdEB22,2
0x242eFf6aCbdDa6c93D791526E71B01bF7dd405D7,2
0x24343124DE3E666A2912aEf3f46A896EF25B3018,2
0x2435d2D8A446450EadB4eBAA6d6A18e581b094D8,2
0x24369bCE96ED96196694a69f76DE1832c669D422,2
0x243d6be56EA9d4f0C2eeb08505aF73451EAdAC06,2
0x243E86Fde46B6e90E3C943b50a1c1b82482c483C,2
0x2442e9e495D88c7e4733447d4C731444C55B2436,2
0x244a38c2276D19C5f9BEB211E564615c4D104A8b,2
0x244c0F8278f95F49b295ae0613Aa941269C8a0fa,2
0x244cF6a00d5c6b74679dE424ab02FD7E9A85E3A6,2
0x244f3C602f6524ac201026f6dC414099541319A3,2
0x245119a0E70c003DA9060327Ff203fC96b98FeA9,2
0x24513244A263A4f2f2361AD399F49704fc24Dc44,2
0x2457203D1197d211728df9cF82657E0F107c0d07,2
0x245A5CE14fc91Ea4047B94E71F82806E642424Ff,2
0x246354EF55714F8230463C579d8bCd91bb57b71d,2
0x24674D60F76B0fc0843aDc6Daa90d944262dB854,2
0x246Ba8A0d1Ba0f1870ab7433f8Ec1cBeD2F3C06E,2
0x24798265E0def23602e5A6bb75Ff986B2c874751,2
0x247c8f80376d97518e25573b699b51803bb4ED17,2
0x2487E611fF876C101DD2B31758102953F4760Af5,2
0x2488B33674fB57a99D538166D0eD1644cD3690DA,2
0x248b6Be896eEE97B90DA149C6D632E1881543e65,2
0x24906699a134C93eDbED7F813765B3673196a411,2
0x249722C1eaaB52D8401ae407b29D5f16DFBB26c3,2
0x249A1B925E48D3DD31823A9Ae76341229f298038,2
0x249dde3173D6efB545a01977Be57eBb514BcE5ef,2
0x24A77F76fe0CF427f26A9E49F33f7E9287217250,2
0x24ABe938973f20f86C47E5748eF5FE08014f5795,2
0x24b4c8b945fa51BaF2dc4C1279984E4f275B426E,2
0x24b6cd8336196fEe5A10bFfeFAaDB0282b7271E7,2
0x24b93AF382715235A65e540840f0cF76f68BE0f7,2
0x24cC3F43C4b0E580cdbE1F4600D463e5691Ab392,2
0x24CdD1615c5b40A5692f94dBA40eC653b3309727,2
0x24d1349889F96886f9aC8dD75077E655E0f61c4A,2
0x24DA5e4417429f6caC34c1A09d65EBb4d6682864,2
0x24DA847f12E97D347D507Fa91808404E5923d007,2
0x24db1c818A12cBb97F4655511Fd8b945692054Cf,2
0x24DdCa6F36a7706f3EDE7004b49c39fE089BCd26,2
0x24e16a89dFc3e86D70D739B229749D28126fF57E,2
0x24E1e3466c321d493275d45CA7A2c981E52BAaCc,2
0x24f0D8125Fc519820460E9d88e300038AAA800c2,2
0x24f16B7866307cd7D3786D3a76F426ae7E72b79F,2
0x24f408bBf4cEE1A0919a6E16EBdaDDC6617Fedd0,2
0x24f4172058A2FD2717319678A50c58D222690A52,2
0x24F5623bE41701f2Fefb03CE37daB9e7Ae6CC30C,2
0x24F8c7A193f11567E2971F6C48dd58Ea1EC36F42,2
0x2504407012559909eB9Ea18273D2617D0c658243,2
0x2507f2147Fc87de5c3e6929Ae98E67Bba0669DAe,2
0x250DC85178fB6859e9eE02c925d46AAb946a55E7,2
0x25152eF79C671b8b5bc567b5229DC2d878599999,2
0x2515659c48369592D0a47d32135AA87782051ba4,2
0x2518EFF8Aa131FF538E5A8E4d7e534D6985d0d3E,2
0x25230583865AA2B372359944F4b78bBca2cC0787,2
0x2523f9Cc444e8ed4e26EE123Ba709E22cB2B60Bb,2
0x25255a36287c9DF4B2363Fd9F998CEEc7F12BEf0,2
0x25294c2E0dA97bE0a39127146f180C47FEc81A50,2
0x252f8Fae19d657B448FFBA293aa061a4Fe395587,2
0x2530c2f432d2b4c5a5203c466ea4cca7da3ddcd0,2
0x253942eb53D2e685fc4E9E63fA3D439aeF860599,2
0x253a360c71D8DeB978b38B0677Dd7B68889118b3,2
0x253a82059D1479003C30ae71ab938ca4365366C9,2
0x253B7770BBe4bD1Bf4D545C8581348d8c2b4F262,2
0x253C0F2A44B7d1AE16A664f49cC80143bAdFC3b6,2
0x253d32965d2e39e46dd7a2FD052FEA1aa189c163,2
0x253E11e1Cd3907205d2d55EE9Ac054b0b9089eFA,2
0x253ecAE3E5828e31AB54203130dd07838E33b1AB,2
0x253ecD2a42743677eEd787B341D766659c60E4d3,2
0x254319C30F26559cc1eaeC30ebe934F4913a4067,2
0x254533Cd17E49f70fB6b04786B04a1916EBe1F4D,2
0x255610F8D98c765326C545D0ef268996F7Cc7EF1,2
0x25594DEA0Ad99459fCBAc3CfA0B5f7ebFB4f47A0,2
0x2563A415655D9a81b8eB45Dc83673c0ACCe59c19,2
0x256829971D548c54cbDeCe168dBcC1ee6d4aefFb,2
0x256d3353C52828e675D83d0259dcBe720F4AF7AE,2
0x2574b77B5954eAb274246E24a104138648BFF219,2
0x257e17CCdC57F4Ad24D352110799454CFf074980,2
0x257e4f3221fDA6dBA76cd2E737dd73e0095eB324,2
0x2582df4EA2d151f97D2785A0851b5e20A32ee965,2
0x25856C81Ac23A6bc983735f7cb31929908f52651,2
0x258B5848A775aCD70eb5eB7bC7DF89a31663586B,2
0x258C1216235C07dEA68E127EF3D2cBCB969C47b1,2
0x2595528B3a63c7ce7570E1E79b2431b9A2911111,2
0x2595F04195Be4d82092580a6D5A23cC848D0dbE7,2
0x25971867623340eEF2f49504cfD140075A55076A,2
0x259b9c4CFEaDaeF8A5b842710a777364988415B3,2
0x259DB9C0c433CF34B7527F3ffB099C8Ab60C1000,2
0x25a08D6c68183a371fD6015a28ad9a0aA57a9c57,2
0x25a425Fc7dB8016DfE85Aa2267ea2EADB5a11111,2
0x25A577A021ca9F2376D6487d99AB759C3c60a696,2
0x25b0DC0e6246D25e402f2a02c8318F6Fe3f090Dc,2
0x25B198B9740ABdCc2BE0ACec3E2ACCf92C7B21f4,2
0x25B4D9fF6CD94cdf0F4a6Dd34fD37f9c13F3C7c3,2
0x25c11D545c347007cd23b6207edeee331119eBEB,2
0x25C15aA63832bf86542647511347a9753F852722,2
0x25C256F6437dE6e9Ba2C0DeD33B87D99bd9dE8db,2
0x25c877F0F96161edF037C2fb0553911acc5386AB,2
0x25D1b0e71C1f0c0e1f99888c6ff9a01A22cbB70f,2
0x25d314f577238e5cD152A56c21910526F7290CAE,2
0x25D336eaec4a658e3502c4620C790aB2F896e08d,2
0x25Db243CB7708e2a25B09dE51f9B9420e016d5f7,2
0x25dc22F302b77780b2894Af4889dfDBd998f6C2A,2
0x25DF4483994bF7096c283A3B7Ff0ccfdA1B88888,2
0x25e0a64D77C66148784341Bb98ad7927c02C7926,2
0x25e2A352478B83dC0DE5d74beC53A8f13d4062B6,2
0x25e3851b3b4E3692104F2ACB026BcfC3344AFa91,2
0x25eb511071e66705eEAccBc7e35F0B15fD96e0bb,2
0x25F3BDBAe370d38037C0DB0D75b0f808b41f3661,2
0x25F51E35B60692c581b1586F1a709B55356BA42b,2
0x25F89C7874A0bb3473aFEE0FA1d822F37AaBc098,2
0x2600C1AF21B82B90AE4D1eaAe7F6c9A569F4d2b8,2
0x2601E43b44886F476b9e5BCfE96E8486252e7c38,2
0x26079eA09f9c6cf1AbdB250bd19fA18AB4a0cC69,2
0x260A3E784E5540d89b32504997361cE2D5395024,2
0x260e7AbaEC02f14a9824991ac915F6cd4537cE0d,2
0x26137FE00c772F40bD568eeea4dE1cB0613FCddb,2
0x261812F2b755A272d6705f080eD63F02573adEB8,2
0x261D2e5289AC0e1B8C2852940aF882C1AF0D3E79,2
0x2623f7Bf2425D456669a0614a490cfa8f20D6C7A,2
0x262538808B29bFA8f41cf3716B7582fE1e180f64,2
0x2625b4da309819cB8b5eb8aeE13c86ad0e097Ef6,2
0x2628040E7296117256D5879e2f1409752C122975,2
0x26281dc4a26f3bF414AE2e7c54E5D1Cc341fBe25,2
0x262d97AE956b2e595af40f30523ab16ede0585C2,2
0x2634014D37ffB5472704c79570bb1fA68564E9Ba,2
0x2636713E3B52514Db7a0808cCCF6D13F844F3c5b,2
0x26376dE15ADd4ff7093d3b0E31D1383a77c5AAFc,2
0x26430dA9E753d2cB614DDf5efceCd4A2181504AD,2
0x2643E55efA235648c5F67Fb3d128C1814124c719,2
0x26495b51A0057d140C16a224D7611BD7986B64b2,2
0x2649E24863Bd29e6C1B3FDA416E75CaA1609145b,2
0x26543697322763322aBBEeb008F34A285d23B6a1,2
0x2656524dd160B974acD984b087e59dC664dE278a,2
0x265f5A9b3181Ef516D755cb890a24A98e7d641Ce,2
0x26687B2F6531251FbC21254B6acBebeE508Cff6B,2
0x266B0faD82DAeAFBcFDF95B3c71B8c43dc5C3039,2
0x266Cd98074e4e2234C62b5a700A5A6Cc1CEE4Bb3,2
0x266D0A29164428eEbF248B0235cf9d984EFE7A45,2
0x266eE152cf011964aa4399bB568709199Da82063,2
0x26713f39167001E25bcE88CE97Fdf76d5a6FB9Ea,2
0x2671847297e4957ceab0137d83d550f11d39159e,2
0x267DcbDda5d38EFbF66567AbFE1C311f5100571d,2
0x2684CF357662604d1EaFBEEbC2bF9Eec9d9A6272,2
0x26861211E4f7089bcF6251773d4C7496E6a560e2,2
0x268D4eDCC0584E49b7FDeD0715eA1554EDFAa039,2
0x269502E7eE2ba8269f019B50985a2A290E32362b,2
0x269e3FE90E6167eE8Aa2F385F900a0A89d0bC6E5,2
0x26AC24fC7722dEA3996296e5437E9dae398806ab,2
0x26B06692e55042FdDCdAa04A671eE2069c01d5De,2
0x26BaCa8eDF14E0117B5222EFC1B1398C512E3a98,2
0x26C1ed5C15BC4485ee639C1A7DAfa248BA6B822e,2
0x26CA79bCD24FC3530AC8fEe7f5a1b1BAE4FED3F9,2
0x26D5c2bD940389859151f9e65C22Ef478d4cc203,2
0x26d72eA8fC4991ac02AdD066A9c9273B508691da,2
0x26D7B4fe67f4601643304b5023b3CAF3A72E8504,2
0x26D99E50b103D25e62a88C36081D0cb9Ce381DEc,2
0x26dD4199269bec9457F84ADb029dB917A910c711,2
0x26E08e61DF2F0474D517502c6202af2e328DCB0E,2
0x26E15e0fD5a44C79F495e338fc5d0aF75cD04912,2
0x26E52D9A87E7449891717EB766479A2A2Ee6e416,2
0x26f5242d398728D9e542D8fDfB63E64eD8aB8eAb,2
0x26f950133D9f0C208f2F46EF2379363597Cc6438,2
0x2700bF3a5582E70f9F8Ae2db302c60ceeE5C7F2f,2
0x2701163130800bb8E51f61a4beB8AD4D791054ec,2
0x270bB8747826231Ba0591800Eb3e0E56662A16EA,2
0x2714aceB4B989CA6c57Cf428239F70D8f5f04311,2
0x2719a21a01bffCE2Df13B962c9d8EF0497ce44a3,2
0x272298BE96DDD3b25Bc030a7B10299753117de0c,2
0x272aA51f947e06bda968d52eBf6D2Cc4107f2010,2
0x27342De01762Dc4723c9b68Af81E0E428742b99C,2
0x2735C94B0ed35A76c1E085632D93512f514BfDab,2
0x273D2FD99f5eEA30CcbEBA4BE6ffE24edCe15e1d,2
0x274062704b39096865eb042195d1203d38E2F180,2
0x2741c9161DC80b28b3EBb1618ad28404E2C91448,2
0x2743095C633935fFCf01b789e3B1bfe8591B56CC,2
0x27507696028A08256bFaE9f8EaFc8d8f0A59cA62,2
0x275a8eB93884Fa06529C3A7037bdE17FdC02A361,2
0x275AC0915Ce6D653979D0bfc040b02Da24Dea27E,2
0x275c838990c5c74ea5aBc331199D42121A3e648a,2
0x27616a8BcA840C248db47761991d089c873427E6,2
0x276b2F3eb77e7816d1e57f21c1CFA6A5a0eCd1E9,2
0x276F02740DBdd1D18B8D116754089562d64e0107,2
0x277f5499b1dB94e215f24db590334cd488DF7d44,2
0x278511A082A47fb019dC9971ec7F18f4d32E0Ff9,2
0x2785e6Fe08b73eeD20BA58C5310C211769bf844f,2
0x27882e5578a421bF8766d6ad378A5742FE1DDce4,2
0x278bd2943B6FD604E81E211af7037e337080690C,2
0x278db4E008b385b5aBA89D96C9Cf7416A3878c94,2
0x278E2490514E9812459B1c479740B7964c319417,2
0x2792Cb4DBFf6296C766eE05675B5a41f98AC1199,2
0x279827cad905b0a14D9b6d300a90BC8CbC005dF3,2
0x27a48a9d4080537F40dd1Af7B63f7A6E9D34c5e1,2
0x27a5b1663D81453D0c1974B3098b247BdBfA1E0A,2
0x27AB2E4666aE2949ce78953772939f81b695cc8e,2
0x27ac4cf0a19dCF155d7DB33A809ca84E7f084D9e,2
0x27ACe2849D6E1bE10A3F0274d279c7788646B55e,2
0x27AD15Bb8EAa29c76da0cc67e16F809D492DfedE,2
0x27B7CB74F4ac86f21cd7B018E48C507A04A40569,2
0x27B97F58459F3a27b4D77E549b06CC36F773B033,2
0x27BaE795CCa1E131A4f2Bbf37A2110Cad248776d,2
0x27c3Af08a82188aF1512C93e7821a64f960Ae853,2
0x27C725CB322bf44112E1272DC7fF9Dd344F0a182,2
0x27cE35221C2B29E7Dea40d7AFD3adef76526C975,2
0x27D0D8b8C70509D3Fe05D2E77474a99ac2CC23D7,2
0x27D4bcAB8f355484625E98026F9340d403D77A09,2
0x27d9358C788c1e5D9D59EcB7193F6D1c7305dA45,2
0x27dA6F24Cd437BC0A00469E19aD8342b7f2e50E3,2
0x27Da941e6c36Fa05B42588Ee698A8b3E2abF4dA6,2
0x27DF6135E1bda7098aee3E839e7DF29025FE9944,2
0x27e15aBC9644c11bdaD575748F7839e6783ACdD5,2
0x27E2f7E727859cf5326ff27aaa5e23648a10a254,2
0x27E39097291Eb45642CFd29C803Fa752bCf1EF41,2
0x27Ec37f465E1755036cC854aa96Dd304F82213e6,2
0x27f06b26F2CF4E4cF7806A8629FFB9d28B594ce4,2
0x27F1fAeCBd3f0d11f630161Fa785D81DF32Ce627,2
0x27F4ba5FA0E58DdfCBE60C8b2eaAF463d6dA669B,2
0x27fa3975548b58351e990e8856c9C4fb9c80e2d1,2
0x27ffAF4CE7BBf91912Ed5996C59475a86e2eA062,2
0x280b484555f6589f69Ba4e0480060476d48FC804,2
0x280C53815B3C12B77B25F6dB1b56EeAa39C1059c,2
0x28160Da6adCe72118d49b8707225517f16e5b998,2
0x281b68691f2785e068E7965CD468A5dB2eD34656,2
0x2820749D1BF969efA71C39e8C386ca063F04b99F,2
0x2820930e1f7BBf5aF46602b37941eE51a31e6CD9,2
0x28255e1cf60bb63a7717EdcB78B8d5d8Aa09A6F5,2
0x2826A366510446B73aFC2A1997F1104Dc3A3FEdF,2
0x282e9233fd2B89834910d37eD61a5b6c9F077869,2
0x28335c964C95cbFb61685E8a49DCCC421A7e11f3,2
0x283B91bCE72168997BA5Fb597cA8A0Ec333d7893,2
0x28409379A9Fa961801BD7B22028A4C4825Ca634B,2
0x28473085Ba4aa761Eb541914F50A75Dd685cD47b,2
0x2848ad7B002DeEcC8bAbE80947cAdEa92a921DB1,2
0x285695009860f910f78401345ff353BA6d0cfE58,2
0x285adb531F697C62B7098Fd7DC113f9a4bCe7bA3,2
0x286b151c80FBcFBf6FDE4Ece1058167f9ac384DB,2
0x2874Dc337f5821B5Fa832bBc305107DC4a57608e,2
0x287d9ab74BC66E96131CCaE57d28C6Bc826BdCD6,2
0x287fcF7A977Ae274eF86B97E6f29F4B21A52FDf5,2
0x2884A3B72b62141327d9d0561c06375712b98136,2
0x288D0a09F7CD59Ee93EB4A540d30FD91c179ec73,2
0x288eD4efC8FBD1E42a06FE083EA942d20c90B336,2
0x2890aC44bd5960A6BFAeDC9800d221eADaa3093b,2
0x2896F620F68458605DA128c3f89c1B2b9130bc9C,2
0x28a11b00e409eEF13DD6596bcA34c9781546E4Ab,2
0x28A35D2A0057fb687FA7e7C6caBb551f086f42E8,2
0x28A5c62f21d19eBC8F4C4893e44cCfCe48a2608A,2
0x28a62f5c002401683d63Be20f53768f5C1c6E2cF,2
0x28ab630eB56FA9CdFd89E602d19BFe65eeA2e7C5,2
0x28aC01eBF289292783cFAAD9Bbf2c7fE2666dfBd,2
0x28AcB06eC7066849aEAF369a177e6Ce7f0fFe2C9,2
0x28beBBBf890Da864C0Db39e278B868493eB7c8e6,2
0x28c3f8ada503937dE6D464989C1b3f3611BC2943,2
0x28d604a4205549Ea2510d03f2aDDc673DEd2187f,2
0x28d8fb0775A6361072Bc19afc7C3173ca52432ee,2
0x28DaA02d32a0a513D471a4441b729306ceA462E7,2
0x28DBDF586aF5dF30b2bE07ebd5ABC589dd3AB1B7,2
0x28E01881B4CF61B12c436bEBAbefC4c88b756624,2
0x28e03f622020767c4b0E90176B4E3ed0E3433CfD,2
0x28E14356aF544eEA4211137969C225797A021Ed5,2
0x28ED0f882eCBFd0eB6D734a57a1fa7FBC3430783,2
0x28f1DD1c0322Ab37FC92445c80CDE829ad69A2aD,2
0x28F4a9a2E747ec2cb1b4E235a55DFF5bE2EF48D6,2
0x28fdD1742E56ac9c9817e93fe6819c1548b22e7A,2
0x28fE8ef2Def1f5E6Fca4cF2e41936Ef6CB77A007,2
0x29077b185f093283AaFB98CB6389685d08D96425,2
0x29150DCE0f80b12C5Df4DcA63Bf27462304a8DA0,2
0x29150de094FB7f4Fa9854a9902a8d954c9AC18E1,2
0x292359e12965B8843501e4AdACb9fBbB5AFDAa0B,2
0x29249F54013950101e3FF1d42F2085Fca93d9d14,2
0x2925cDc0DdFFA7FD229CEBA7027C7A69875a84f3,2
0x29269f665F9bb47D8A79bc9318033D59c3553f1f,2
0x2926E5B74fbC4D6699F085B0AC37259986349649,2
0x292c1B45C186f02F3d70f0f9f56dF9145b272a27,2
0x292DEc9DBe85f574854b04eB24973d2dc3eEe72F,2
0x29301D614695a69723388F4DF941c56954727c97,2
0x29316B30f44805D27c78DC1Ab9e0Ff767E4A55B5,2
0x293C2C51663305A1Ff50a6889c25639feD3F75bA,2
0x293cf58eb2271716DA00149A985632B80C4499B1,2
0x2941c6cE9e45ABEDE799Ce3bF24AEBE17F983d3B,2
0x294402C4bc6a8F70f1d5cf62Cd6b0e9f35962C10,2
0x2946bD76Fa8767FcBaE7533c50D919350EE5685C,2
0x294Ac245fbD224a818FB458D76E96171Fc697d71,2
0x29515CFc0187f88463d6C0cEFfdBc7cc92222dFe,2
0x2957A26deeF2b5C3C487563fEadb0A296273a7A7,2
0x2959C4f54b980f51E22f2FDe251A6EBdD84129B7,2
0x295Aec438b95a3D302C2E061f0B65933e61e9FeF,2
0x295AecB8b09285E958F4fB64a2FEd65EFf99a6C0,2
0x2963E753A80cDd6AAb97ac55f8ab927626640D4d,2
0x2964306d8336fd28AEf2838E848CA177ADaa62F3,2
0x29725754fb73EAf02d15CfFd5ca9bbAaC56e6F8e,2
0x297C02d11c53e9a65a40F019Efbd8aa60dEC92BA,2
0x297E125c563383b8fb1Ae105c8a4ED7E1cC647DF,2
0x2982385b0E5E51dd5e7be2d5CDC1512a866a2504,2
0x2987Ad5B33009c16f9e826355C71dc21C0B61a78,2
0x298aa23Aa27ad876049BEbE681148E704795E900,2
0x29916229F3DFe8B3cE4CD854dbCeBc1C952c43bD,2
0x299D5200417b4a65ac324c3E455cf34fe9229AFe,2
0x29a8372056C6593Eb65B83aC268aAd44E79Fce1b,2
0x29ae342F15FBa492dC2Af4C42EAB690b920d1d32,2
0x29B0AcdDf85ce66BE2205e44176303ED11EcEc99,2
0x29BC972C421af0f70c67C67A9B5CadaeFE17A824,2
0x29c4f658B5cb5FBb7B50A13b68Df8002cac223D4,2
0x29C66F54Fe449041555D510AFd0c1657Fb3624e4,2
0x29c707eF718Bed99DF9A7044b20E8CD179B46bc1,2
0x29D128abA6746496b654f2d6D8CCf52f0Bb6fB71,2
0x29d780777E80be20a0544eFe2F3a19F8cFE8aA41,2
0x29D7e3A195EA3915ae7B1f359E2C5b351E351A02,2
0x29D8D23f2Ea7984C25ee60F487182ff553BED7E4,2
0x29e1dFE55ae0Ab953D424f62A0625149BC39b068,2
0x29FEeAd5514C020DC2e603943D017E4512fcDA7e,2
0x2a07048cBa0f1D6f5c937AE2f5615a2118d98E72,2
0x2a0e1de3035bb8e837ec74e96934897ff36f766b,2
0x2a0e4ef6C7693Ad911Ee2d3A289f2707296F633b,2
0x2a0E8B5810089cEa18C440938f528495d0aB3b23,2
0x2a1192404f878ABE61417defc2561cB39354EBd1,2
0x2A11a99B017AEc5979e6eb54e35fb52adD518044,2
0x2a138E24CF857F189826600463c05d0cAc5aeeDE,2
0x2a17dbE734542291B9745B7e6075a91c74D9b8A5,2
0x2A1f6FeA36163D5c8dB6fba6fa4708078BFa8d70,2
0x2a265DaC6102aE578dB974E06d57cE2D7EA6DF73,2
0x2A3238e4370409796F00e31497607B67F5263d31,2
0x2A336B2a190A926036c31F67E74fcFA8FD861d38,2
0x2A37dee235876438dF436e63d4648899E0E6e77a,2
0x2a41FCcBD4A35a63Fc8f1b068D4b34965997A640,2
0x2a433e2411145b582409E295702aA076AB81161c,2
0x2A44991eEa3c1d7f9d22596534bE50F5e073AC52,2
0x2A44D8a73e0bc4fcA9543bb12e5ABa06A22B30ff,2
0x2a45802B36404D290f54388084C2d1bF1e465B70,2
0x2A48B53e39b3Ae55bd91c6dC3375383AE30Ba6cb,2
0x2A4B674230875D7D80fD758bA49aa1B09b3A902E,2
0x2a58A38a0E0cE707b17dD75cb592dd0d024802c8,2
0x2A5936f4d1061f87b8945b9D694E2730CC30d8F7,2
0x2a59B154EbDA8E39fF6C438163D284fa2D7F4bd2,2
0x2A5a004215316aCA9B27523c598364C622Af6141,2
0x2A5c3D3a06216c7F8151771F3d2cFbff1D701285,2
0x2a5dE1D0AD752088AC8479D9174ea61751a21bF3,2
0x2A5F203EDDC9842481F4f6BeB039616E3b736553,2
0x2a62475Aa7395f65c6219fbb9c503da48da4f75A,2
0x2a654A3508513E4a3890d75E47962821F2B7D09d,2
0x2A684B7b3AD93bfDef64621A1ee173bfaB1E200D,2
0x2A6E6F405cc9773015C9d542bb132F64D04615aa,2
0x2a7ec5E14F42B67776a004083A56aEc8be48BA2d,2
0x2a8040c4622d5a6b23d41fB735c52d0442A5B56C,2
0x2a8A8C9D2AE7F8ED556C546FeDf649dA8E9147c5,2
0x2A90c8BA96D0f0FC8e869C36017Ce094097fb261,2
0x2a9585Da40dE004d6Ff0f5F12cfe726BD2f98B52,2
0x2A967AB031ecD90AD2B4E1b6C4436A29F7A5F33e,2
0x2A9961aA2B35A992026304A7B92Fba073a85eE91,2
0x2aa2b55eAc9A0C50A49755979c80e8129AD17c66,2
0x2aa4412e30164A6A6AC5181D3Da2ca2273858077,2
0x2aaD632D6Cc3242b45090a097489f5B4CE77A5c0,2
0x2aB41d2b3aF2D9849BD0d74c2b3f8d2be0a19Bf7,2
0x2aB9ABD58443A9054B23712B2Bf57C89a4223dcA,2
0x2abf59547B818F9dd8B4f9553d3C291545299348,2
0x2AC3dC14A891BB1E00a6e77ffe31943d4faad27f,2
0x2ac993c82F3ce2e977e2f2D1Ed732Da9028dFA44,2
0x2accE8f34282CE4C46d430D4E5Bef54a25F48AFa,2
0x2ad4510F4FeBc4386E9732D79E08c4A15d5e1758,2
0x2aD5BBa6DD4Ed3A8D03C48d7e3313C3B3a1Ac095,2
0x2ae697BED122e910fbc8AEbb90a4b863E951a8dB,2
0x2ae75e36F950b7eD11C4F17Ba4c4a6f7C9764D89,2
0x2ae98b4fe8dB7012f440553adE4236D8ea20dc90,2
0x2AEE27cA2D08213bC334d0993260E7A630F9c285,2
0x2af7699255C21668848cf92f6399e88576AA733d,2
0x2aFBDf31aaE1f867A41fEE55e3573E3F136abD80,2
0x2afFBe82bedD27C8FF5aE995a3027f079d3eF70D,2
0x2b007F9ee118AFfBB45eEE9d0000Dbfadb5f897D,2
0x2B00f369aC3e5d8B4f2f30c040Ec03F34Ab4fc84,2
0x2B052474FDcEFf960aaB0A285d54F8e92c654181,2
0x2B062E868df35D6B9749e3d9062Ab2313B3C1a5f,2
0x2b092632A2B717E10f93D52ba9f4Cd3e152cAdE3,2
0x2b09753d36758d5Ff98cc19458C5DD70FEA21c1f,2
0x2b0CcEff77FFFa423C517Fed72f6aDB488b34233,2
0x2b0D7C5F4eDAeC336285B6031588818C6F43bB04,2
0x2B0DF1fFE3A8C33DE0666a164127d8f970668074,2
0x2b0e39Ed0CbFAe0F9F097Abfac70bFA469509E73,2
0x2B133C5Dc4a1FE2Ef68d72adc5AA04e1a01B96a3,2
0x2B1edaC1D63Fb086bc358598b1A5F175C9A0541E,2
0x2B2331fa0Ee514D4d858a12cf505aB4d91194692,2
0x2b294993e7345192A97d17A7169BB212B35833Db,2
0x2B2A9CD8BCeaf092552BAd89e19901CAaD9dD2CF,2
0x2B2F547F7375a3A2055c31Bf87a8d4898a02671e,2
0x2B2F7d9A1CF697219f77C2551b1911524Cb0957f,2
0x2b3909e6dF1Ca9b2F2771891AfF249f029339C14,2
0x2B399ae50C89eE610088717F6e22639B87D79309,2
0x2B3ccb55a404c0E99ADD7E3041F76883E22E5E72,2
0x2B435e4eD7079ca855d19C1f905d5D12aCE9B01a,2
0x2B4DfA9E368340242666D9acB2A865d78fA22951,2
0x2B5541D9E72112AE421D9b15F50Cc4aEBA735258,2
0x2B659fe4EB5C30878e2943762A87648872f40751,2
0x2b65C63Ef5Bb5c0fC40c87D4485A78fe438D406b,2
0x2b676A63Cdd8Bf251982464F5f8F296e8C0D2425,2
0x2B6D280EaA0b52021b1ab997589F341673D34413,2
0x2b6deA17F10BCFCFe07fC071C599fb13110966A9,2
0x2B6e558bc8fab4F2f0Cf7f1122211999eb2fd7D7,2
0x2B6F0cDCaFeC4B6C93b43309dc30D21f575da0E3,2
0x2b71d1a0e0Cc6f763c0d5c7E88755207Bc8D82E0,2
0x2B7f43e7E614BB1e462493566b0E8Ff694b6f5E5,2
0x2B7fCB368D4e1BAeE905C26bCeEbBfd49a890A08,2
0x2B860C0fB87798Bd153Dc3c3C5c9c49B082Fb2f9,2
0x2b8855282Cf5FB65A84808238b2861ff62252D6F,2
0x2B9A389E1203cAe419B2068b3Ad74A18AfF4808B,2
0x2ba6dFB787f0755Fd4d8A5FE39aC6Aa4440ED51B,2
0x2bA92a12d1c25861A887ed25A1476034e53F1AC2,2
0x2bb814EBe3F11a285BebcAA61941A105f818C3f4,2
0x2Bb9fCe1D9141E699923086E0605586C5c8Cb79e,2
0x2BBAD01F50EAE735F95050b62E3a7d0c4Cf8f6Ca,2
0x2bbF5b02Ddd1E0DC62BAd98C20AdDC8d4052A055,2
0x2bc6A42dA9DD8Fa1f43b83C669a94e17Dc474F53,2
0x2BC80Ca9150a852AaA3F79e4B9Faaddb815aF579,2
0x2BcC24bB3f511d33e6E2826d3A14Ae77fbe52Ec9,2
0x2bdDbBc0BF0B9ce6126515c538f060277b3E4723,2
0x2Be0c09bE4A458ffa609c86c5c7BeE0cB3cA34cd,2
0x2Be3ddBa7E985724D737B67E33629F0873a1Fb5B,2
0x2BE90797972CCAC13defEed7dC58663B12598448,2
0x2Bf0a0bf59BF07a787CFc088457878918e7E23D7,2
0x2bfbBa484Cb1d40119943Ba85f68E51E79981850,2
0x2bFc8d5683fBEAB2192eb225855E66b6040A0b26,2
0x2BfE555Ca85Cf3cc106865A22E8578C53d807901,2
0x2C0eef0175632a4191D305f26b0246C8928EB704,2
0x2C124eA1B082b3dA79dA9572A1BFC33B5EAa8Ad2,2
0x2c12C288aAbCDa92167b237Eb7C94Ec1346eE4E9,2
0x2C196513a5a72E9400845182b111558ad5c46fF5,2
0x2c1f4dF355e7d244B860621b4f428ad1Fd975BB0,2
0x2C2575F14AFA0E5D8317f2163325155aF66A462d,2
0x2c28CB9115Ae6Dd8710bEbE8ADBb10e932912653,2
0x2C295D9FC25bfaf5600690741207f2F9c9009b04,2
0x2C2a7D7F74A1E31Af17837957112C9dc769293da,2
0x2c2cD2298d3b1F5bCe37f4E49B169DA45746b49E,2
0x2C40671b84044242a121e4750D5Fe8798A92A7e2,2
0x2C40A25C65AA98608650b5c1F64FAC4685E1B6f6,2
0x2C4109E0F6aA46986c66DDCd66c6c7c80CEbB4d7,2
0x2c419C8b207b10B39673482d83cAa3e11f3604C5,2
0x2c432330C9E3789754d8E25417c575859C7c74c7,2
0x2C441bd535aDcf638C03537a274d1Ba66Ea3b6dB,2
0x2c44586DD63e5b70BE47F20e7c83b1c2d45c3100,2
0x2C5391579b2c91DFE36d4C65FEeDAa96DF765e44,2
0x2c5a13503cBA82c341f5a7622015c8C60dA0a7d7,2
0x2c5B3EEfdBc52871028cCB36a6b0af35664A0dED,2
0x2c5e88bdd7F14015d8C5d109e7Cd52aE5f7b0fc1,2
0x2C62C807386AC7CF6057892d6e50AeF57D55918B,2
0x2C6a1AF53B628Efd12F2044785D8B7c755a69Eb2,2
0x2C6B8C19dd7174F6e0cc56424210F19EeFe62f94,2
0x2C6Cd79fF709c416186E3561da8A143cFA000000,2
0x2C6E78F1c14791AB340046713C9aB75F502988EB,2
0x2C71C9B4c3Fb7BE8E9467e4C6D1652C4f9F1a2B8,2
0x2C7376dc4b64ea8A155Fe27F73024648C4648682,2
0x2c7AB7512c4B368E1ee937156bfaA57FE8A1A1f2,2
0x2c7c642e21CB7DF5da1eD6C50DA93d5Cb0605f4D,2
0x2c827916C99783c66d30ADbF402f4a9C587058f8,2
0x2c867c50655C4581e3a12f70011EB13e799A0890,2
0x2C8B5f6E7CFbaA12226Eb288Eb75624016cD1727,2
0x2c8ef323238F2E4d39EED06Cf315E5848a74746E,2
0x2C8F694393fB8503202005B9d63AFdEC94f263De,2
0x2c8FaaDE83C1Bc3a3C2bdA51E095DA070Ad8f899,2
0x2c96411B7152FE3b93Cbaf9065905586f37D3fab,2
0x2ca3cEe6d1231A8699c131FeCbF9e708D9876486,2
0x2Ca59323820e6b7565Ee2d0c15f7F6b836093b0B,2
0x2CA5edDe5E7Be5a57960d1a04ED5f7b5f5407323,2
0x2cA78a013ED3E37450A6d5836e9d131526487d3F,2
0x2cA848DdF0Da1323723f680204a342D5D5fC3F82,2
0x2cb06dfc7422dC296B0553ee75277a40Df36f970,2
0x2Cb296048F52424Eb3f5BedFf035f7C4d6Dd9396,2
0x2cb307e35471e18BE667E4b6d7cCd8553179DF67,2
0x2CBbc1b9373dbdA5037e0B812d8Cd96740fFF074,2
0x2cBf30c2d99f69a1E46c440d7fe9826448aDb08f,2
0x2CCB98CFE71f58b960Cd67aD8D725D44d83E2F2E,2
0x2cD0083fF52a539e38e4134C857B44f320beec59,2
0x2CdFCc925Cad161565a0dBA4bAc89C63b78fF22C,2
0x2Ce1EE1ADC44ED369a0F95763F48666DEbFe2371,2
0x2cF45d401BC8DB4eD29B9aAfaFBD166C70fE0249,2
0x2cF958109B078Af13de9c15D2b2BBddc5acE4ad2,2
0x2D04Ab305CaFeFfc1577c2D5b2445c30F5E9e7B2,2
0x2D07389477C2C477df4934c545E8892C990B7C98,2
0x2d07f381597d8C2C5c68ddf245bF25404232c594,2
0x2D0d2419203e95691C32FFF342478bD5937a01EA,2
0x2D1b9eE5537F56b02e995595E0b24b4cb7eA2408,2
0x2D1e68865139afCe2787D236FA3b913C0111522F,2
0x2d232BBa8bDad06fdF270Fa7CEebeF446fd2fC94,2
0x2D2643efCb3d3852DAb12016eBAaA8836a5ab699,2
0x2D2929992427bC1495871Ffc6d35E0acFe6dc363,2
0x2d2cF53eCb95a4B0044372adA348D264Da76FB0b,2
0x2D2eA3f66456F8b61A4db4b05bCA841c678b6563,2
0x2d3162890E0a81bB0F4A1F65E8878D20853f6216,2
0x2d37Cb3d6207C71332F096c1Ff6B1411d48DF613,2
0x2D3c3306382a5535A32e45147056FBce4cc4fC5E,2
0x2D3fd9EE49189959368448A5cBc63213121D66b5,2
0x2d40a68d0ff646Dbef8239D8B1d57c8545DE0170,2
0x2D49aEf2Cf5973a8Fd9DaBa1A403337Eb3dC047c,2
0x2d52A5999fD5B14E1D4F44c9B89Fc2A3471a6708,2
0x2d5A78451c287cf4600C045569E6A00375bf045e,2
0x2d5d61548b57daa6b1d5D485e6d2128E679619B8,2
0x2d5e960e366313D27efF6c2E5e76ccfE9bfe344E,2
0x2D62E5B31776fccEF89f0C6B77f9e2c15C225861,2
0x2d6F63F6658DA2c21DD2e68370D1139BaA06FC4C,2
0x2d795Ee2bb6dC06414FFC0770ed37DCBa9b63FaA,2
0x2d7a217a4c47A1282338bC6FF2f394b09ADb70fd,2
0x2d7A57127B2255aAF04B7A1df4Dffe13bD692E8B,2
0x2d7aD9A13c6c48b3cdC32048f9DEc5733B4EB045,2
0x2d7D5a9AD74F16d310Ab59dC676e9978a1CeDa02,2
0x2d814881C43283cBa8D224301D5D2Bc963d8D46A,2
0x2D826b989c30Ce4173CD5A55b9D145DA08f0459C,2
0x2D86499A410a9ac2139833Ba8d6942b8A8700a7B,2
0x2D870241c69cd9d6142Ad0b4aD6e0EcCEFD04256,2
0x2d8F415C86F7c7787851d9319A0B232bCbDF9c18,2
0x2D996A4275CB7a7c1167a685FB54856D3404cfd4,2
0x2Da28772Bf781e6a1C41Acb7A152E2fAAF0509b0,2
0x2dA40CE78682262D8024C76f614490c73b174340,2
0x2DAb26F157c8Dc2aAE9b6AF4428627dE92647e20,2
0x2daD49cf9C6Cc0f83B016934C41e6057Ad7a797a,2
0x2Db1eC1Fefa49D77Ce13D7D22b46de6395BB9843,2
0x2DbB03301B900aEc8c04C69D5604F3e936c3c8eB,2
0x2dbe296d5ae97d06c8ef6621ff60904a7e05c4a2,2
0x2DC2fC31b58dC8b8ab293465e50332f3CE804c3A,2
0x2Dd0c1151516F48A5dd58856d13490fF8Dc1172C,2
0x2dD11D4656260A52BE4F82d1c7B92DBf8cADB1AD,2
0x2DD6220CFF16cC4d26BAc9DFa7C222ef44982454,2
0x2ddAfAF829e69a4DB7B38331607Cb3098732A712,2
0x2Ddb2cD88cF3F799C88Ba09DEE695e62065190DC,2
0x2ddFB8A09F1Ec6765c09916e7463A7d294D20E50,2
0x2DE21243c3e7f2170b8e7EE37105BBa652F80967,2
0x2De9481BAE36573Ea2A7b949260470C6C044867c,2
0x2DEe6f4A188D76BbF1B09fA942210Da6f1AE3215,2
0x2DEf23609f0a8e63d0c742983C7002755c5be5C9,2
0x2Df5064481D2F6fa0331a6bf16134252Cf308b39,2
0x2Dfaa3a0763759D38ee8bd91c18c318aa65C9546,2
0x2DFd819d700E9155ccAb532D6B56559094675499,2
0x2e0089b57dB048D7e3CdC3244A0baA5BfCEBEe00,2
0x2e01Cd4Db62d9cFD7F2C6c3e6674e91Ca2444E97,2
0x2E0550CA269d353019fE7355f2b2cc0f08b8F636,2
0x2E132c04fD9A2A77F2031d7Cd112f484c84619Bc,2
0x2e13b795EaBdd461E46CD207F1Ec36Dd4c370631,2
0x2e1CA1cEe770e3B7bF757C76224ddb3Dc7c3aB05,2
0x2E21074f7B6e332F3FddB17Af1F50aEcF5E584f6,2
0x2e25868e373C86096E2EDD00E96BAF5f55E7e6B0,2
0x2E27296Db73EfA090c33823b0B637F031d1a1f97,2
0x2e29bD54F956c91011E5013E0F90A89509f6417D,2
0x2e2A877BD188c99bE66a196114AD88f992C4F07b,2
0x2e2A9014fa5c388244d1DC43eEA0df7293Cf34E0,2
0x2e30D0abC5E04B07f9De9a0BA5f240257820c4f5,2
0x2e32935bfD5B2718f99BC8FDf8B37c16811f7D97,2
0x2E33442f2c6650705Ef4e300ebb48D7EaB093265,2
0x2E33d0B308940724b9E6C810C6dea9214CB5B6ef,2
0x2e344838860b730A85a31F5878b51fceCD3aDFcC,2
0x2E45E2f6e633Ea6fd2Ff02E4FF7336e0323f964d,2
0x2e46fcf1F2C5ECA79d08edD16b7970b06A35D347,2
0x2E4d006345F9e3F811Db1330fCf99bac7CCE65B9,2
0x2E50A39442370CF37C6f1ACbEeD35D72E5E4D415,2
0x2E5FbA834276BF9e7E2743fA3eFF3fBb6A2674bD,2
0x2E6C4648ba739A355f83f6e7475E1934fB0Ae98e,2
0x2E7759835339cb0e76d403e6C2F07cA64086bE4c,2
0x2E7aa63d38dFA5B3EB836bDA9028C2a9883e48FA,2
0x2E82B8e39ba9B0B76b5a80637052e64A748fB530,2
0x2e84C99bd7A39139b1c35fDEF27895Ef76e39D4A,2
0x2e861F0d52D512a1A73575E81621a485EFC91377,2
0x2e8995cb79bE10520599ED508797543d597c52Ff,2
0x2E8c4204cDe4C78917D0313A75eff65d0262Ad46,2
0x2e9CE5e3B74e6C831c3f112fa04d3fB96ecddeED,2
0x2Ea243cFa3e79F33547974D3b36ea5ab65Ca68D3,2
0x2eA3cDCBD95c4Bac1157354CE654fb4771303822,2
0x2Ea41695B4712955E3519549972FA660BB5c90D6,2
0x2eAe61c0961c5e7e7ed0346CF192660afB64EB2A,2
0x2eaE745A08F70DC98e5189CA4091aebADa804815,2
0x2eb82372f293B001b4Cec0BceC30FeF2D9C9a9B5,2
0x2EBB56555EA378e6A733Ff0b2Aee9BAA16b30593,2
0x2ec113246c96dc8C0C97132ef023Ef1bDa2eaf7b,2
0x2EC480cda135d892B98B654E233A3E463c5BEBB4,2
0x2Ec583423E16104558B5Bc19A15d14bb2a1e6b56,2
0x2Ec81a189F7C9Bf97DBB6105Ee4195eF01510766,2
0x2ecf9190a78A4c40FaE1f9Ab2350CD8B724C3Add,2
0x2ed0c280559072D4EAf6F8b71Bc277f8DE406A7C,2
0x2ee9492627D96F0D647E774f9187c0fDe70b3407,2
0x2eea411E3e73E50141Beb3cAC413fbaE5d5B7EFB,2
0x2eF1ba713B4eA6857d9E96289012Ad62B7C1D502,2
0x2Ef1eaE059D58E22c6A93D3cFefca70e36Ea4f91,2
0x2eF7417669076c504572fE15b90e101E91440b6F,2
0x2Ef9De905476b2aef419EE7d340bda04343d94c2,2
0x2eFb68Ee62B3214F7929fa817aD9ddC24BB7A93E,2
0x2f08D7AFbaa7163eeDe8B8c5835Cd35ba4974D48,2
0x2F0D2f200fDDC65835CB52a3A1259918E627289A,2
0x2F0e2F7C39933ED4D50D592f335a52822A97B563,2
0x2f225F8A538e7fD613e8ba79DCDdC7D1422AEd1C,2
0x2F22A11Cb923fE89C3b945698cf6AC6b384ba8D5,2
0x2f23367cf92DD4Abe6A1B3737a5D19D840644444,2
0x2f25b929f03Fe2869e752f1910e5445f8B5778dA,2
0x2f2A68d789E0c4F6F6E472F12112abc6AA68f96a,2
0x2f2a89BE4D2B9442826223015808cdD5cE317220,2
0x2f2e73e4db22c89Fd613328282aab53038205e89,2
0x2F349213e8aF54948491a98a1f863705709560C3,2
0x2f495cCaD3a513795fb76bCaa899fea3f1E98165,2
0x2f590772902B5CA74edd7923d540Dd12200C5174,2
0x2F5EC77CcAE77b741853611e3c40b60c71B2D26b,2
0x2F64b9C5e4b24eef6C2003406302f0DD92AE9B56,2
0x2f68AFa6BdB23C583dAa73E37CEef1f0f42d4b51,2
0x2f6E4DF72Fc4c8DEfC63fBEAb367348da0A4fBDF,2
0x2F6e9AA763c2929e735D99d8dbE24bB7ba012EB3,2
0x2F8bDbe310Ef49266353713F68ba9808f21e9E81,2
0x2F960A51b2774C9Af1e20f3d543E0A0fDd13481D,2
0x2F9772248077516D16D340460Fa3714726feE851,2
0x2fA11eF008c4b585CCf0A76861794aC7AE5A3a67,2
0x2fa6E82bBFDAE671d28415858061ACb0CB7B675C,2
0x2fb1D081bDbAbc8D9eD09D53e4fB8DC9bF1458a2,2
0x2Fb5933955f0292e20B5dB15eAeB67C35D246482,2
0x2fbCa1Da985162dF19D1ea8C38718870AB3842fc,2
0x2Fc9478c3858733b6e9b87458D71044A2071a300,2
0x2fd1a8e50C2157d702D4d37FBDCeCD628270a2D7,2
0x2fd4C56306D51A445E659C7A507C73577423324b,2
0x2fDC93722C9A86fdfb4D945cAF059F39cb9622bE,2
0x2fE4093c894749e596f458764c377bF4f1337b58,2
0x2Ff182f5b7372d22E219B875E447320a96466666,2
0x2Ff5744732dC38afC0bDf80F17447EB0b8Ef8E36,2
0x2FF9CF4cd0249Ef519F5A84F9A874bD1DFE6EcBa,2
0x2ffABDC97698e05c9a14E99B6Fd3380a057f1629,2
0x3001d6D762F1943668C05BBeB94D8AE11b7c3685,2
0x3004BA1cA7c416De63a82b26f4dB71157B274c32,2
0x30094c1fd5Ac99BE0BcB607d54B70d8BCd6c5F9c,2
0x301C8F808dfcf19C5f7D7dc30413A7834f7D3845,2
0x301cC218009608e59f9647F4B7dd8a49BE8493aF,2
0x301FE2654e05f12657975CAa7c5dc1811e233333,2
0x302Cb20859275Db7e8EC505cD9eC89C7F9af1D69,2
0x303772f311b4BCF02849db769b919c29ec65B674,2
0x3040CA8bD9Cb0Be99CC790046f178a6dC6d52d7b,2
0x30424b5e15aB4b6Ebb406FC90E291A1F6Af9349F,2
0x3046076B68ab4A82154e49B640193D03B5bF8ef5,2
0x3049cc77b44f530cfe9af05941b0Ba0D4f09422F,2
0x304E04fDAAa2726E41D873E3c987721C73c89ab2,2
0x30507262a818C673b41bF2e7ccB0FF20fA4dCA79,2
0x305e697DFC4E05f10E05D3d1eebD5386121A9324,2
0x3065CC12601972352EBBa9058f74c5A4643F59f8,2
0x306D5B9c9Ca2ee723abf6aE699482ED58c912eD3,2
0x306F3fB09C81d66Ee5a8c82CE2a21665944C79aA,2
0x30700482e72f8C6355822DD70b235B3529dbAB70,2
0x3071CCF92806b538Be97e950903640C0244Bb2CF,2
0x30784Ec9B03c039Ebb880E3936538E652b1Cf5bA,2
0x3078dCeb9923C6CD93A26e3f88C9DBE7646c17b9,2
0x307e0d7951383Ac2F106124848B72303Cc4703F1,2
0x3080F45e55dA1D4Bd82bbC45805aC7A8696279Eb,2
0x308457c9c428b497e31a00C23454d0E3F5Fe01D2,2
0x308803D6671afe8985371b57fa275D73CF071CE8,2
0x30895041Fc260a25D703Fba61169650D1ae63fBF,2
0x3089F44f919CC713a8C7402bab7fEb010176D765,2
0x308B5fA858A1E7eEb54c9f72dff433E6f66066f3,2
0x308D826A4F1DefE825a9A18d25a3e3353AD84497,2
0x309fbbB165AeDC87CC6400Ea9caAe22E670Cf5D2,2
0x30A789a5827e9fce996F6CE798253b889f743cE1,2
0x30AA70a57a6394Db81d7c32cc0f9486a79f6CA68,2
0x30aD583581ae8BF64b98Ac624e1702158A84c96a,2
0x30B1622c07E9b6969B8e8CCAD10530D04eb1d257,2
0x30B5a6e6f54507E0DEE280923234204B6A82664A,2
0x30bFDBC9645da8a14EcBF68BEA4AEdCBEF9cB42b,2
0x30c2A5Fa350dd796678dc0B38d01d355cfF99fAa,2
0x30C7ADa1C40371530f714150EeFdf2D86666FCab,2
0x30C8a621d96A3EFc3aFF899FfD4F88e8B9E05Bb7,2
0x30c9cc7ffe5Dc1Bdd8b90c48454c9d2984c7f206,2
0x30Cc2Cf7Bc5DAD89c96A5db566c1c446C4a88389,2
0x30cD29D9eCC7eA7E988B75D1Ce8C79502AcB109A,2
0x30d0952d9B73d335f2BC2dE3ed56776Dd38780DC,2
0x30d13CC2A0fEc70B546f0585754b57548d913D76,2
0x30d3bC312868c0263cD787193A6D5a0625A9E05e,2
0x30D8a6808774375158eBc80a5c11C080c2b94d85,2
0x30dECAe8308b512A0b600eb26300a0A7df1843Ff,2
0x30E01025E961036D82D4440dD92b1cf18930420F,2
0x30e36661C83CA0837865Be7460d1b1abf19c97e4,2
0x30e3f71d4bcF10cd670eCcf7222c696163ff71b0,2
0x30E475c0E6B292aB037bD7EAE5Fec789BE6eb2F9,2
0x30E4F8B58e1797019ad897fE62Ba4d1B0177224c,2
0x30E5DE6B80aA14582dF2AD7988156Bcd7Cc996F7,2
0x30E68f083aa908ddBc38e9A629d3035fcC25748A,2
0x30e8a3Bb3E8D26d05457cc2Cb7c93448A2CeE2C0,2
0x3105Ee81B33EDfb6526ad8f61c505248e5e73bf8,2
0x310972666cce8015b035523D1E3c3896299f68d4,2
0x310b332aa96Fb79A1AB757999b1fc102978e7959,2
0x310ca0818f3284ba2e10dd7139f36f5cd7256e09,2
0x310d2c7Ee55d2D8364Ad13a5dE0395B64282ac1c,2
0x311Aa4fBC92E0F712C006ab20111C5F77dDb8c79,2
0x311C8ba2599b64522605A32f656d3f15d6396a5D,2
0x31210DE9A816E21E7e5875827EA15bF15ce12381,2
0x3129800f7D672ABC1bcA0A2cb04F601b101F4cD4,2
0x312Db26C88341723B65390bb15CeB2009Ff6BDc2,2
0x312Ef94a430b8AdC1209bb8b779aB15Cb03120B0,2
0x313DA5211c12175D08E2Bbe9B439B66dD1e1788D,2
0x313f2C8596864b41eE0deAD3C98430b2Faa835E4,2
0x31416F9Ed8B08A7bb8510d6A8A518F87924964B6,2
0x31452bd6443B0012b9A00A008b6143053513CC48,2
0x314A9400A3bdD318382Bb43aC9c5c98B440eBC49,2
0x314beeBcc6da368cB1416174cBc0b5eaA267c818,2
0x3154c7408CFe9124218CB89c81643F3Cfa4346e1,2
0x3159a1CF48Ee93fc136A78Fa7151826c2002D0Fa,2
0x31644F97294A45C803ce0d1faaf0778cbA7935ED,2
0x316651C70CDd8065d662ce4FDfd7634FEE6C1A63,2
0x3169989F79Cbc4775bc030A743908B1E08E95c01,2
0x316d767e533BB10d1Eb975D7244629A600225035,2
0x316dc8f4B8Fd6798e17f0D4f59fbe509ad3E67f4,2
0x317505661b159F844C8AAb26d799906B78164c49,2
0x3175DCFC3902031319C38095F99aaBD22080D268,2
0x3195c3F94154364E897711e501e104f40D8e23fb,2
0x31A24a5f32E92963B57f95F85B276F6145be575f,2
0x31A4F8801DB59bFD6715186421C65A14bdfc1763,2
0x31a817802EE183eb8B13167fFE24bD28DcC6f30c,2
0x31AE51802E09Ccd2180754a1D4bEf1f6f23Eb2eb,2
0x31aE7ddC83e88EDeb4C7FF5F64Afac7B2b406F16,2
0x31b9dBd24eb272151A04202e34C2326e66eF044f,2
0x31Ba2d920D6FE32344921eAc72E19Fb751e9D1A5,2
0x31c3F590E74213a3126D38734B536331D1E2597F,2
0x31c45743c8344EEC2BaD3056957c39dbDfd67A79,2
0x31CDec84f9b640181ccA49E08551a9c24dFB8220,2
0x31d35bDA1daEE81236439eC5cD7F1DdC988829Ea,2
0x31Fc1f69821B837fFE29374bd3f969F252E482eE,2
0x3200c626D2FdA014676907A2efa40c90857fbDF7,2
0x3225EF561EbFE8d6a10677aC81DC731E1327E6cb,2
0x3228dfd3D99a240483B4D377f2674141cacf964a,2
0x322b49480567c1Fa12BB52966AC8B0884cDfe344,2
0x323661b0ed4C3bFb1E13fed07E3Ec66d3E124efa,2
0x3238a0EEfe130C58eA39d64e781E0ae96F37724a,2
0x323DBFF92BCdfb81fE0308357572a3E042cBedA8,2
0x3240f75E36d6843a281c66bb929765f1b351B7aB,2
0x32417FE16f5E840575ca38a74A0dEf867edbc8BB,2
0x3243ef980156985FBb09dBec8dedc7C929B4536E,2
0x32476aCfA9618E28232716E335b5341bDFd94e24,2
0x3248d6c70CFdb4dC05132B47546c4c9Be62A524c,2
0x324eFDC72E894A328BdD7a8ec218f54686B4DB3b,2
0x324f4D494f5CC4A4d6b329969bc20E564F8C0560,2
0x324F67Ec2073a74d41500903931Bd25381A61655,2
0x325081516D7477b8Deaba08866BB5Fa94B61d1FC,2
0x32548949F2ddC32C8d4f1FA8a957db28f962af74,2
0x3259B0Bce106AeF0aD6Ca4e40228C75B5eA5c39A,2
0x3266B4025Ad62cB3BC066017D4055acee9a42f3d,2
0x326f6123d8DCC09B96d202796E6c8355916ACB93,2
0x327Cc06e8A37E50f93De3e4A05C8a92FCaaf50E4,2
0x3280e09504e590A429980634f62Ca1914ec2be59,2
0x32815ae4dC3ed5b36109BAdEa8fd3e6CbED03D91,2
0x328739e4901Cd242072353Ec377D72Fb87EcA876,2
0x328C2A783f08be9f1903adB92f778CcE3dCe78Be,2
0x3291C14064a75c366e626dC08A77581B86c0079c,2
0x3293ee66eA560Ef5eD4c8acCfE43c2C79d9c14b8,2
0x329Fa29373bC5DB89e67DFa2561d00f779D38588,2
0x32b2d75280D357AFaC0733a5fe3B0Fa10F9E1Cd8,2
0x32b7ee8662CCF095400553B19463695EeB9fE192,2
0x32bFb076521F92A6Ff79540dE5EDD5289362A3a9,2
0x32cf4d1df6fb7bB173183CF8b51EF9499c803634,2
0x32d30e1A9d2729cEc4AB8fe1c231FEFA9a7BB094,2
0x32D3363364e03c4820712Dae17612896Cb76bBE8,2
0x32d3eFDD32B1eD80ee06D1a3bD7A96d747bcd8E2,2
0x32eC3E30d7Bc614DB839eAc69F70F486ebBc61eB,2
0x32Ee36F319dCd649024f8A4Df7BC4C9292dc563E,2
0x32f4D203A824298088DEAa20583Bee2a47Bf01c1,2
0x32fd95D5c740B275aB60Bc224Ac6d8B2Aa93De36,2
0x33042DCD3Da42d3EF17e4DFAFFBEe58139C3F7bA,2
0x330da697403eb8Bf2d59331f86F83cc513b79Bf9,2
0x330e64949860d6F93aCd2E1ec64555815b0092F2,2
0x3310fd13c6C55F054cC128439e1E51Cd0cb16Fed,2
0x331164cCC0E0dAee2a92a347b51FcF48016fBD7C,2
0x3313F576C13b1032BDa21B72b43907b61898d135,2
0x3315e342E258882455a2b0979D269CDb999fF013,2
0x33171F918330Bc4153A53027b2DD3b38c5424728,2
0x331E94b8Fd7cbd7D38d012F6591B1607dBBB57dB,2
0x332460257cEf06f02315b2D3e99b086079BBca15,2
0x3326c5bd61490920F52cDB73e9e60684B3DCb58f,2
0x332c2E0ec5Ab6F20e5Eeaf515b3E3a83F3F4b055,2
0x33330548C411d42ff75C92C5136DB80ca205A149,2
0x333333333333CFB661554ef67fB78cE1A8371021,2
0x333336c3701993F840511d44c31cD243A46FA961,2
0x33343a77231E9333A446A4618B727591A72a5032,2
0x3339a76E03Ed3E1f440BB871609fDED314D09d7A,2
0x333a2A17c442d3C82C53d135C98293f07755a3b1,2
0x333bB400FC2D5c1E166648AFe1Dc18ABDbE9F175,2
0x333C37A797F6D1D3139B3Db58af05661DF519E88,2
0x334D06aC9a05e3181aF48336420B9dc5c858eFea,2
0x334D3b642Fdbd5438e4Dda1D6EC23EEc9D277B72,2
0x3351df11c18FC9e6732Ea4e1ED13520668aF1067,2
0x33602B325F169741662cD33C3F693Eee8dbD20D5,2
0x3360d633da7c5BFda87fc45325a42E7763Ff6192,2
0x336f119244a62739CD9D59eC7BE3e32eA3E45bA1,2
0x3373b64EdF607729577C5cb0A8D18f2377CBE398,2
0x337e3644A167127cd6cAc742b394498a4C16890c,2
0x3387c9DA0Fe052bf827cB8201639EB5546d32cfD,2
0x338A3C19aaE946474A9b26f3996aE914CD899522,2
0x338bffA2278F2d43a00EcBCBF4872cb84253F53d,2
0x33934064ff64F0d65CB84aCB50cAF0A4BCf4E16c,2
0x339AfC06Fa112EC1A86F74C77385DF1f7B262f8B,2
0x33a3Ed3E71732816f6F38BA4C2CE734B39c38FA5,2
0x33a7A26d9C6C799a02E4870137dE647674371FfC,2
0x33b47D5b471615aec7FDd6e246C5173981c0ccD5,2
0x33b5ADA7e5C019a7d6Bf808A2edc653898bBe11c,2
0x33BeeF25CdA2d89Cf97198b03fd65f26EA4D6B81,2
0x33d9efE099Cc687eBe982fA6e5Bf60Ae908552Dc,2
0x33de0519E5a45E7c2A1c61E879549124818393ec,2
0x33e34E4705F84e9e5c221D328489bB1534fFB1db,2
0x33E5167DC90E3dC24D06f2e0d3b63c4Ee7179e0E,2
0x33f41743Af225f8C2137f24e37A0d9A5038d799a,2
0x33F5aDA99bA866e62c0867777b34C70Dbc169609,2
0x33F9D0e63FC5A48BFe35Cabd3D1A2209De469087,2
0x3400766e3d82Cd7ECdC0cE5E54BF07903aaDF437,2
0x3401c9BB4667fE2Fa92641AF55778E1524c52108,2
0x340b1eE7Cdc18A26AF6170730151A58Bb35999d0,2
0x341a6580D9356154bD7d35283ba6961B041f66Ba,2
0x341b7B095999EeC427CD5161390c104eE64107bE,2
0x3424d2ADb0670a4764899bDcbfFFA3213Fe9fC38,2
0x342725C730b7C9A6E66BB5011439EA3064367546,2
0x34293C7FCf17D1cb8657BD2f2A5592471d3E3f26,2
0x3429f996165d02cdfD718216445b68D2a0C98ec8,2
0x342E0171b4375502dCd2dF912504b8f7903EFD15,2
0x34389a1Cea6513641699Ce33F570032e9265967C,2
0x344d46DBb295cEcd6002c989b58ba6a5f52BDf28,2
0x344F5DFdfAF24B7063b747B32653e3bCFc5A3Df3,2
0x3467b5B20A190eF1e10DbBF360d3eb2E04914FFF,2
0x3470b1f4b57248232b78f28285d22850e0fec27e,2
0x34726D03F47B34DEd9E027F4A7284Db6c9904A80,2
0x34750C3af93cEDa1500d97De4493b13E509EA24a,2
0x3483Ae77BeEbb17691dA10a0F9DaBcE9311Fd5ef,2
0x348ce33E631b1204f98Bc9c968503ebba70b8eAB,2
0x349aCa58ac722ac88615b9d7eaB3A27e5fd7e3D6,2
0x349Cad197992654b81B10C2c2d2D68b47E172668,2
0x34a54cD773d555C8bD7E3BeC9B765762037AD0b0,2
0x34a636fCDAe279EEe3C2260CDC8de0f8eC8d666e,2
0x34a6475B4827aAa69db2D1F2042B161c283D1DA7,2
0x34B717A47e02a0BA6D2AcF9E885b6673d0F2B3cC,2
0x34BaA80d2930AB1e2b74f21aE37c90842b234DE5,2
0x34c2871C3D539C473E40a09158BDff522202E2d5,2
0x34cD626EaD2b597c7B89A233D3E03028Fb8C0286,2
0x34Cd6557A85f2C3fef777B1358c506A6Fc5A5821,2
0x34Cee61443Ab4Db530202F320B50f96F6ce913A1,2
0x34D0774d55B89bD722eFc3D64Fc73d4150F101cD,2
0x34D2CE81f6537887Bc766853F44355b4903E95C5,2
0x34D7E4cD40e8e1fF0CD2eD094159985DB3bEaBFC,2
0x34e36a53e6936ABc11b10C5C6689bfA056cfa3c1,2
0x34e50242B24916506542bf709a1421027Fdca223,2
0x34Ef7061F5209647B1815Ac95752e83a6C2DCE49,2
0x34f161Ec45e98528278F50214f825d5Cb6c3a540,2
0x34F6eBaB48E24a5c48e19c3788Ef71F118497565,2
0x34Fd6518C3D765F9F0555c0637D58eA2A92AF027,2
0x3520a53c08e43f565F08B94fee13565fADd2327B,2
0x35210fC5CDAcBb6713263E92766c6Ff1F24bd1f0,2
0x3521Fb00785b127019C66B93D49da23d95399322,2
0x35277217b617c1a4f216Cd53310cAF9246427329,2
0x352D3c19Efb9CC3c077ED13479Ca086c15aA2B0C,2
0x352D440b0f47af122e24F0d7b731bfccc94dD487,2
0x352E68216419Ab1F7afd4c9d8530047329301728,2
0x353aaF9b2608209DecaB77c6887c2872A638B8fd,2
0x353F0cB6092fa1e6B8274D90e6d4669a952Ba510,2
0x35420680588A811D93416a8F59d3155159dE39d8,2
0x354cA74f1c2aA2f964758b89C21D280d13509197,2
0x35537B3cf5409F47A8C745fEB96Ff7Ce4bD47D7A,2
0x355bfc1796c4d427F4EB8444D210D57f081E91e3,2
0x355E5Ab1780Ba3D88EF8FeeD0B29Cb0D825a49A4,2
0x355fE685F8A438FF287744B92A51047CdF6F8b44,2
0x35615c506F171571E768eA22C1f61681D1f50560,2
0x35632b6976b5b6eC3F8D700FAbB7e1e0499C1BfA,2
0x3568497233C36014615765a96B2Eb90DF5E3CDBb,2
0x356fd131DDFed2b05E452b5596CF00FdaeF4f79c,2
0x35742341e6C29eC4C6B1d112031afA330906711B,2
0x357f3404EC769fcB1f52AC49aa48b7cAea802116,2
0x35817A9b3Bd164f846359Fdf543A3578770a7E15,2
0x35832DCf4f3cDd176202510f33e46786A2019Ec3,2
0x35864a4970aFFb603745B3aF19CdD79d83d6Ba48,2
0x35870A182c77E9345A605db2624ed06542fD2BD7,2
0x3587126f81ed02236d4028aD83df9F637F1A0ebd,2
0x358d7399577DB1747cAafdFe2DDAA8A92add0F1E,2
0x3590925b8fb45d26967b3C2936fbDDd9D1DC5e38,2
0x35963c64A1fe7207E894667e48995cf604029f23,2
0x359e76FC8903DCC87Bc59BAf49C70eDe8851AD6e,2
0x35acFD51480813A91e896d7bd800e4f53880403a,2
0x35B1de258f079d281Ca6074C3CdDf1a590366b41,2
0x35b50073707514269c5a222ac13cd6cf5c7d3be2,2
0x35B9d8D6Bfb4B92Fb86371041721A5e1B6A7c6c4,2
0x35c17dD9DF9156EE74726E29f598dCa529efAC8d,2
0x35C73f65878e47d1c3da7Dd331b7D76F8A24dEbf,2
0x35C8dd8DF8af68764cF75A00f64FA7637c1eA3fb,2
0x35d27eeBa5C518d0AcA69BD611009E0Cc4be2D53,2
0x35D662Bc3EA710e5A69B4f88c41BF271Cfe83659,2
0x35e278F9e136fD87B131494B57643b92Ed174CC6,2
0x35e4474a85Bfb971639AFC827a4b432336CA9981,2
0x35e693Ac15aa877d9a0C049B724C20c930a3e9a6,2
0x35Eb51829237d9c1D1B54Ff7F004e9FD9D32aC4b,2
0x35EdE313cC0B74495f0C05367602732ABDCC201A,2
0x35f1BBcdc87d8f66f833B50A5F9698edBA980B80,2
0x35f57E8a0BFc9847D12d7c13d45d130cEA7d7CaF,2
0x35f635F1f6fc65841EAF713Ac6A91e56A9eCB82F,2
0x35f72Ba1394bB9a59890716e1B176051beaaa045,2
0x35Fb42E645b50Ea622a678F87cE0597E6DD4edB4,2
0x360b3725AcDE1e64A073bb0c62606368b9524EbC,2
0x3615806Df97401386252FC174472e09514341D60,2
0x361Ba0f5807091fb6e7fFbA25a77006cD755eB8d,2
0x3626a7f1a19C785b2eC4c263e36A6724c8819838,2
0x362DC61A04cb099aB6b912DB07e0D6270342f16D,2
0x363CA0ED1D727FbAc6190AF8FcCFAa08E9BFb8FA,2
0x36401B9297e701046e27195F8BB2Ab7a957ACb21,2
0x36406F8f6EcA7B20253Fd5505C60C2C2FD5bf750,2
0x3646B1f4De6065A5546a3640428CA416D7A3D1e1,2
0x364D717e69E2cc56F6fd956Ca29893Da0E48E40a,2
0x365128d6568C170bA70d550FC836397F96D46DE3,2
0x365283cC2178eA4aEE64AE7D551529C738d626f5,2
0x365544E0475eA47e8D3844566C1B8E29cEB879Ed,2
0x365613E7D738F7b58994b5637fEC19422Fad6038,2
0x36593941782B8822CebCb7b295f6Da05E8d6b5Ea,2
0x36662542A79e34730DadB416928B33ab8AC881E3,2
0x3671539B2BAC85bCa87d9137A14BbAdB9aEd8ab0,2
0x3671bE38eCB045bAC6081986AB668AfBd20db15E,2
0x367ee9B182784232A1c138dD251e5885609bbf1A,2
0x368564edF8eC2D3CbE8Ec3Ad265a3207e663B93C,2
0x36869115238be4A177227E36592Cfa2145a4a61b,2
0x368aa508cEA6175843A81e351A32d64D1995796E,2
0x368cbFdf48031c07deFf5D4e05e270db29ffC085,2
0x3694A6bbf12Bc684f817F5D17B30De449D42D7d2,2
0x369982bb47AF4Fda9c48983ff5616F565f20a20f,2
0x369b598410803028c4f558e01972e16b736Ff1F6,2
0x36A4bBebE197f790e72Fbe9d8b6Df6DA3549A71f,2
0x36A59e5fF0007d77De264243ca45613bE86Cf178,2
0x36af7BC80851F261707d873cF51645aF5d782Dde,2
0x36b3BE8778D660f2f6B93F1E80032e947617e1AD,2
0x36b8A824dce619575067A5a012dc4F7434953F43,2
0x36b9441aEbE50e8dbAB547b96d982d8254F40A82,2
0x36c4D2F8043a8ecD738329839Fa24e3b4A986073,2
0x36c8B4b854441390eC9B2893e53bDAA97F6801c7,2
0x36CB5709DE9580d677A3c451c4ce9678b2e20e28,2
0x36CDbF17C5Bd5C9A4984B56C69f3C18Bd1473B04,2
0x36D74E93FA1463D4bA725CE036a5056da5dF2614,2
0x36d89738405A8325b7c560CAB2dd1b88565effD3,2
0x36DC1168BC65be1C20C07af8EAA82da3BC6c59D1,2
0x36eF307D5b30bF78faaaD85bd2155b8267aB8775,2
0x36f0614598168fBB4b671fE860DcaF4fb8F90730,2
0x36f328d1232fe511C69Fbe538A976A566d88e8c8,2
0x36Fb5Ea6deD51005A4787d2f92c4E735cB96bCB5,2
0x36fBd671e61e245fcE9C7e88BFAA244e3BA2B9Ee,2
0x3705121529BF40d77e8e7b625120551b151D9AF2,2
0x370790F2a86448A639D30C98952d6d87413560Dd,2
0x370EC422346428eb86e226F971b30E6b94A8a328,2
0x371356eB5b6A24fad0006Ca8275b6a0927147C0e,2
0x371641bE92BE21Fc94796848129C63a19F9C910B,2
0x3724EB3559929aDE0b4967382Dc4C8b24c35c4FE,2
0x37282D24F576d8FF4BE5171c92c87fB193ee217f,2
0x372894955A6F02510607e129f8286593Ccc5Df62,2
0x3728c9331c0d1b6D7876c24730BdacEfa300E4AF,2
0x372b5E831B5c8b67C4d0C6dA11e92e3aa263408F,2
0x372D692e1685D8F951e80E6B42E08572b443fa7A,2
0x373322a3dC7f30A8C64DA0F37b5f42De79991689,2
0x37373E980B0bB7643629407573962621c8222613,2
0x3739DC5B292E69a1F9704521131DD0C0edEb8639,2
0x373bEe4f38554fB4F2ECBd47bD03D80a48806643,2
0x373D14e8d330785289FDF112974aE1a1A7f63015,2
0x37476882201436ed77db43F011436D321d79C1Bb,2
0x37486B3D074fB002c31E6Becc297F4444d68844B,2
0x3754469Fb055400C816e4F8Ec0223912cD9FBC7B,2
0x375f651c10B9732497dbDe31E6779eC4DD0c7BCD,2
0x3763Eb7f135b61Cfb1487c6E3299515A4104116d,2
0x376594b5A89F2Da395b0583D5d4140e6aBb0170e,2
0x3769e808aAfd0688062864292c6B23DDF7815FA2,2
0x376a224a35cb99Dc3383e5706325a54e2c117C7C,2
0x37887749DEC8bdE618023A0D6B2e758Ce554632a,2
0x378A40138a503E1B57D2A6Bf938cacC0f03b2a3d,2
0x378F3F9687D3b3FdDfe151aa8A09A7ff2E540749,2
0x3790Ec156664440c1094AD4db9021566e8c3c053,2
0x37A8013Bc1DdfB6d37999C3790Ea3cCA75390854,2
0x37ab7B7422A5Ff380b780ce847E5a6E1e9675D0E,2
0x37B1721D64528Aa0c538cEc521760Da6Af9697Ac,2
0x37B8DAA945c1ADBc97268d025E5e27ff76425a52,2
0x37B9B98C8736631CD482e4bf0Ec21295062396b5,2
0x37bb986Df8cf259980e751987cc704B76d2A0a95,2
0x37bbFc32408449Ec4251bf3C2fef4F7CD52746ba,2
0x37c012d477b93feb9E279D0A70fab8750404B32F,2
0x37c6e48E0CCe4F64A2333724eBC2056a7d2a474D,2
0x37C78b577DDcca3a7887ebBb619728db83e166cD,2
0x37C8eC25FB43D4eb499d2aF633c5e00E5AD37876,2
0x37d75b81a5F6989C0Ec9a4028985f5953CA50dB4,2
0x37e3D14be754F29a1Eaf5682b084Ca11B32d70a3,2
0x37E897523D3bCFa39EA76198bfcE144f433Ba006,2
0x37ef751fAD48C71D1d2a2A526300e41295b57011,2
0x3804c03D09d8749033A742b013Ad8E9B9790b3c3,2
0x3809E2d0167AB3a1e75FDeeFA48981aBb59C0d05,2
0x380b258224c3E22901497aC4001E80e57009bDF1,2
0x380fCD3cFb7Bc755dDBd1dbC5f026264961a10A3,2
0x3810e63ABDF61cc83f676000118A877eC1BA58d0,2
0x381921Bb1C940eAEcF2bC40a6DAb81f970343299,2
0x3819cc02D155e0b4444F11923379c7DC492bde5a,2
0x381a5B3Db288a3eb3D4FbB115c727b0d98ad11eB,2
0x381fAC5B83827978AB7D1b4001578733003921a5,2
0x3820e04f4d00a06338B66e9A1c67BC13b7d069d5,2
0x38232e194B148d888b746034023e5E059083F327,2
0x382Cb3D1979dbD9112bd5dBb8CC2e35F5694075A,2
0x382Cff484cB88b8fB1cFF28a70FF420f87E0F456,2
0x382D1833fF5E9ab03644f06079CeBf1eFedb9c2E,2
0x382F4124163954b396982d931A6a9aA77B6959ed,2
0x3832FEaC64fBC60e2E0B3b71878285f390A6986A,2
0x383396562d9760043C559408048AB8f35326347d,2
0x38421f07DD2BAe65Ca5d3bDd90bb7961014AB09a,2
0x3842FdC7fbc92AF08567b87E9e1f662a5d1b138a,2
0x384753d9D8f72adD7d6d463D0c8C9E0260b11b1b,2
0x3849DF351FCbe5CE9EAAcaFA3Fdec132e23e5B92,2
0x3851C6377B1866C0Be6260D2EF8273DEb60085b8,2
0x3853adF946A3318A64916DF5A502CC35a942906D,2
0x3854f1bdB4167740c551553b105681DD24FDE84F,2
0x3855DD51FB4e375d4fDfA6a8603347586A1cEA8d,2
0x385c31D8C29B10349A457467D2F8C4C0E5050483,2
0x386323FCF4611949947Da196F2fFC00a6F476d08,2
0x38670f98389E4D9b2025b702b765E7bEcAaCE8c6,2
0x386747D6753D520E6C6686fD6C7dd7Ea3bb30448,2
0x386eF2db3CB64C371fDF674B371D29CA8f8F80Ac,2
0x386f23Fd05Ba10e740269852f3830978189Ba542,2
0x387c70d4D45dBBA107D303EF4A7A6d2A37AE300a,2
0x387dE21186d09666c55fD4811A60924C4E1985Bc,2
0x387FfB6f94D84c9C12ECa70044209F5DF9660272,2
0x38802c1C30F45600AA3DbCee66389738E4bC5859,2
0x389fb4FF75D7cD66b0a5F175a43eF91d3242DC59,2
0x38A384584f80ee33d803B8b74A4837FFcCF05CE2,2
0x38a564eb3F631D9Ec692DdA486E91C56fE95CAe5,2
0x38AC5D154F53A21dF0f2497ec062406F83D62F7F,2
0x38aF7644b120B56e2FEce98b8A9A3DE14F8Fbf1D,2
0x38B0af422d195c22f0D69A512C900207b5Ce1176,2
0x38b2dB237309D3A946249366ffb121447a7C2d6a,2
0x38B610f39056Ca05865aC1dD94701Cc074749110,2
0x38b66Fe282FA94A620D7F775A06A7cf1471276c3,2
0x38B7ab594f4c89d69Ae13e6bb6833A10d8a86995,2
0x38C254ff06bdFfe797D55a046C6328Aa4eE1E86e,2
0x38cdee9f84572aBAEADDcE29EDA8AdD3B3811e1B,2
0x38cE7C0ED5401b23b605B7b080F292ACbBebF405,2
0x38d4960e4CF611438Fa0f24428A2eB20F358630e,2
0x38d4aa5670398Bc78A450E5Ae9A13762d336d070,2
0x38Db7c10d5a96976A4fe4a15982C26fA05E122c5,2
0x38dD3F2cE8D6A9AC32e01604b231A05bC48A0BDb,2
0x38dDe416244a7e13A30ce480945e71494626FEf0,2
0x38E1bCA8114A37b49cfEED52c2D2Ad439c90C6e9,2
0x38E52a58021Be2CB09A2822eD2B6E9b7B560eDa5,2
0x38e6F1b06A0CdccFAADA6DD1ed4Ae0b45CE362E3,2
0x38eb4c997b0397a312e83C541D511CBed019c877,2
0x38efA4Fd40DBFD3662200142E58F475AB2F19B2F,2
0x38FA196daFf842Bd1F15d00535837CC787c8C64c,2
0x38Fc7bFB6D540AF91d9b511885A2F90466833a9c,2
0x3906fCEe7eFD88f5E22a3c4459434380fB5C890E,2
0x390Fd9fd39616b12aaf68Bd5756df815541DEFfb,2
0x391C8752af87706f194C8fEa62103b0Ee3DC999B,2
0x392Cf1a882F4a4f85429008584F80b8dE21E364f,2
0x39303ff07b695EF913E7aae5C64aEf6079a421A1,2
0x3937b5f8AC3D50b5f3CD3F0921c3e9B5BfD6d27F,2
0x393B76E747047A5c19826813Fbf3907fc967D1A1,2
0x393ce05d52Ad57a349aaDe03a27293676554D64D,2
0x393f6C5Abb4FDF73cf467FA4383010D59d62dDfC,2
0x393f95045590B1aAE9639629e237dc1F50AA31c6,2
0x394087427946935427A4bb48826D5265961c442f,2
0x3947b5ecae6e36D3B3313f847B84e869E1091ab2,2
0x394933aC60730103B048B4A1F9d7cea67CA7e1fc,2
0x3955B627Adc4f331AbFA8DE99a0EB6931E3F0ddf,2
0x3957682E1f50D08a359522527AD9E708dD2D2A05,2
0x3960F448b76e78f04a43297Dbc166eBe2C9C10B8,2
0x3963d7912Ef0A5b0D709619332856eC66937ce32,2
0x39660f4Fd8efee80461Bd49bf2e82a8DbFE0bF7C,2
0x39786c76037037FA6AD759780E501B65Fc8b5b66,2
0x3979DA0D5947d6B7F42bC75AFc5a70Eb3E6dafe3,2
0x397Dbac914aD31A36FE60678A2FDA01E9AdD7FAf,2
0x397f13493eA312FeD809D327B8b1ebB51AF87C3d,2
0x398626B046C2e8E9b0499F35955A7A9A97F0aD71,2
0x3986be46F0cA7F0cc57062dF9086fba294042319,2
0x3987b9B980c0024587D55baD7264156A2accb154,2
0x398FF4c1221afadbf61A8212B10117697734ee0e,2
0x39993895Bd0FA50f08b2E471fcdB1D01cDE60adb,2
0x399BcB3d05060D3E0CF4CfA4287c0B96540952bc,2
0x399E9B70397A98e18fA4622BD991C4B257ad6E41,2
0x39a5f4494Da112945157673f68c1294D16D35DE7,2
0x39bCfCbf8070604F6D10E7266Fbc9751A4cec4A7,2
0x39bD3d3A2d6b24Bec5Bf89819d101c04f11B5630,2
0x39Bda5095ED65F1Ad5B9d6ecE617cA0eC09f6c33,2
0x39C801DD6564969e396fa8D29D58cEd2aa12b27B,2
0x39C812062B58fBD872e827F829702D179c8b7A53,2
0x39cD6b214a4c5ad192fA4436BBCE1A9357F51eC7,2
0x39D0B42934d5472578573E833b5042799d079Dc8,2
0x39d6991291fb450c45Ea3AEab4ee9B2648A65768,2
0x39d856B3f65e2f8D6e15670EaC50B31Bca6015b6,2
0x39dC7226c22D19d4E1B9EAA776814BF69bD28671,2
0x39eac10DFC7e03E57FFFd048FC2E1A3668f4b93b,2
0x39eC776806bD9AC942066F380dDccCd759C9535B,2
0x39ED02D2E43216176C683a30AEA907995B615A68,2
0x39f1E67adeE0A310B7464335d316391d18FE439b,2
0x39F8c1F090e6739966e01A4d2fC210b110c9Bf8E,2
0x39fc50150Cd307B184983fb6B4326FA005301913,2
0x3A03605FF5cD1A702D8Cf4ec1ea51326dd802477,2
0x3a084461BE764021aFBd9E5f37d5f9c81D694F73,2
0x3a1720A300d42E0e5cf88d0e954166eC0638C120,2
0x3A1d674038c0D33B37FEAA112265BD0b0FcE2e91,2
0x3A21aD963dec801fb96CCC23463A314a08A6E12b,2
0x3A22481ac2038D433b8a69bd7a63B730DAaCA10F,2
0x3A2ba32dEa4d64E41ed19da4196aBD669Ba8D9CB,2
0x3A345a5012c30aE76768c84ed4587f61235f4d94,2
0x3A3517bB8dfbAdb8f12A78CcAae63362b70376A0,2
0x3A3795E1759218640fB3684F358aCb50b4d670B6,2
0x3A3d03F3d3F0799CFB83Ca8E68523A89dFaF1d73,2
0x3A45E226BeaBBb568328A70efA257d3fb1304C80,2
0x3A4660db2bA7Fc9dc350390cb9f828F46B32b070,2
0x3A46Bd4f4Df26e296D07f7bB8607263a3e015d47,2
0x3a46d282Ad7177a929bB87C8f59F6DC9B4CBce28,2
0x3a48847ee7e327bb03385Bb63c1650c5380E5A70,2
0x3a4e30CcD548b54d59EE5267bB15c92a97ABA165,2
0x3A6dE3D2eEA38C6d806ca7a0924D80C85994cE16,2
0x3a6Dfd0AcC67c21bd72E21A13c183a2483E1C9De,2
0x3A7284fd4Fe46D488790F1502F76f270BD56511c,2
0x3a7F29e8D0e3f8131670c3849ae37860512b62DF,2
0x3A817436D6900E9E45C517144EbbD0e1f99745f5,2
0x3A82F99d9cCC945C2fA8cA8e3238eE83F25eDba4,2
0x3a85C11C13DaB5bCe0b86Daa0d232BA3336f9762,2
0x3A88bc828083eaDEA53F87520250e092B72350f2,2
0x3a8adBfCF162620455A56F0817C1a5fdcC8c213B,2
0x3A9740C6106f66F01E0c1714881D694E71468FF1,2
0x3a97CD1FdB90EC52107409D1a5CE311D75c99999,2
0x3a9F45ac308CcC0a1A48b0f9e2F8Ce859A0039ea,2
0x3aA2c6509234AD19e11faeF10B61A65d03215827,2
0x3aA3C85280A56E0408b7b3f02F0dB9469280542A,2
0x3AaA35fDA4898222D4d1A0443b7Af06a99907931,2
0x3aaD38bf7198799C468D4653Bce543b0b2FB8dbD,2
0x3aaeD9A23613EefC57d9D7A88B7Ce9a19CFd6B15,2
0x3aB0a4156884a82b40f63083bd41eE3D8F339582,2
0x3ab5C2C0B861f2F3D0C0CAE2449653C312Da53a2,2
0x3Ab62BaFACbb8030CCa852924b41aD3aF7919a41,2
0x3AbdE900f566F3B5100cc7e0A2fc21eeFb963546,2
0x3aC03d607D422603246676Ff6463bcf916816E00,2
0x3AC57AE16E81DfB90eCc64b0c7f2804DE01B8466,2
0x3Ac7D0480D8c8A0f6b81c75ff6D0dF96206Aa6C6,2
0x3ac984227dbe0e7c32ccD9eb3792d30749F24A64,2
0x3ACB6d0Cb65532A90665330f5FF4CbC0C68Cd185,2
0x3acC202C6F0cBD252FcEfE22236B39FA43833A9e,2
0x3Aceca0Bc627ccc93ca0999C6FcC94A1C7bd4A67,2
0x3aD0f60b2a5F7927A32AF68664cDcefDC771156A,2
0x3ae682b484f92B0752997a688eD0ef29e6eBd132,2
0x3AeED20E6EA2518F681fe1d4e0b79Cf815AD2815,2
0x3af24DFCb3640D80b5a93F6cCaf081e7D0845eB8,2
0x3aF40768FdCd88f6c62a95027D506a9FF4f2287a,2
0x3AFabCa605deF8C40EEC0C128C890c17Bd4734BA,2
0x3aFD369D44C6F828De0066282F878468DD4c2A7A,2
0x3b07D7f047B674fF7d770612Bfc53597772Ec7AE,2
0x3b09fD8be6E51a95d818853C18e813a9cC4eAF32,2
0x3b0b8e2CA1878ac848AeA66BcAeB35E8Be00edd3,2
0x3B162480ea8EeD3d840C3F416970eE63009eD01e,2
0x3B1Cb84B999007C4f40D590326334dCA78b40782,2
0x3B1D358668C223102a953211BD6B12c723BfaDa6,2
0x3B206B88b8c2E68e6BDEFcF5dD6B17a9c2C5f779,2
0x3b22c4Cf0cED1b9DDb53d01B9aADE730E06B0858,2
0x3B4352C5dB7e3E150D2A7bfdE6F6F64CA7C0bE14,2
0x3B50aDFd327F465b4D4AE2D8F90C543493982fFE,2
0x3B538B08De0Cf44Ed057371a7e75e7eb8E7F9aE3,2
0x3B563F592c88A37Fdc97C63E3287E916Cd6918a4,2
0x3b56cae3C32964E6fDd18e4C314BE499e4ca9970,2
0x3b57579A35425A24c2A786DaCebE1837c09e5fBb,2
0x3B5a4cB1605A3D2E0De804C421b5ca1Ebd796b38,2
0x3B5dd00eFC1584117E98B4074983B7801c8c5253,2
0x3B5f949c07d0E31b904b53cD4D24f94687e15c2D,2
0x3B62F758807784100e58540D4E9cdE453b47D709,2
0x3b68178d27c0895e75148C3c40047dEeDc9fB602,2
0x3B7ec1a7FBC68EaDBf512cfeA6e4afEAF219324E,2
0x3b8175E830D0E21dB2a6F5F79629fC157c552940,2
0x3B81b1F0397458b20A1cb8F4a7467224D8002c59,2
0x3b83D3B55A0EF2E1f5173e74175fF119d26c7af0,2
0x3B86eDF9Fc2F8647F8A56a79E1DeAcdCdaD0e210,2
0x3b92868E28030F2481011D12a437Fd79dA9535a0,2
0x3B95CC58b32c3D50DB6F9BBBe46b4ae4128e97Bc,2
0x3B9A7C8D85Ced3c6940558f81C59C0EaF2A530E5,2
0x3BA4735358B72C08CD01fC1D9fA1C6f2C75E9e8a,2
0x3bB0a2fdD862C3aE03Da8445279B13469C8f4998,2
0x3bB6c5c1A6306980f2B28F34429b130e0f5a3e63,2
0x3bB7F67Ab880316fE8Be5a244EFF699E79711F57,2
0x3bC6993D741D5Bd84712e358FDEc21a9Da393a69,2
0x3bC8A35aE075482D150663c643287424243D8a63,2
0x3bc9fA2Db0D6cC0B2a65fcdc7e39D68969C5473E,2
0x3bcCF027F76D243299407B3BB2d7a9fC0b75B7A9,2
0x3bD4018d86F16845F4feF69c52fa8A6E06Fd3eCf,2
0x3Bd4f6B94af03d3ae9c0aFe178381b0E94669B59,2
0x3bD6a46600b31e56FDDBdC06D6db4fb7543AefF8,2
0x3BE298400461b3A1de745C004c5B0bC60F72B961,2
0x3bEC85B9812aFe4571107166Eb3620c0Edc33748,2
0x3beCC01158AAd310189d2DeBE4b7e79df24De880,2
0x3bf725126fbc5bE1B22550Cf6f205727D05b2BB3,2
0x3bFC01D0dB0c7C26A1a0a787E912f68eefA12F78,2
0x3c065497907fC3c4111A8C991130D08b9AE2fF32,2
0x3C0c9a31877890C8bEDdB9CF140E63EA736ea517,2
0x3C13dc60dc6d5fe9f465552e2177786973a2dbb9,2
0x3c1B1d3aDEAb294640b6b91bE038B5Bcfac9D917,2
0x3C1bb2A01B33F9cf223B223137020e1b4C78e96d,2
0x3c1ECaBf60cB497588F3965C573beb6AABd5FE12,2
0x3C247FD32385C3A6D7Cf985cdae42D3F76Fb036e,2
0x3c35Fe44A6c7465dB6077d7797F4cc77CCEB923d,2
0x3C48654d6F0023c98Dc922086A9ae36d01C00027,2
0x3C4AD45706028925B53E34D5FBa990Bd8124783a,2
0x3C4e08f44F5e4912a7a85aD512b658dB57C7D7dc,2
0x3C58B875D3Fb1463FE003629Cca2a14F9c3a6a8D,2
0x3c5Ed92dE3ac058d82f243a54e22aF1a3B7E693d,2
0x3c633C17ED7406C6CeD88e6dD46D20fBDc472364,2
0x3C63A881E4EA534BE8B7a596BFFDec86554480E4,2
0x3c648b0F89d76CbEc9eC758431FCf861786C29e4,2
0x3C64E83921421771aA0E30E3A6075aC642E6f12A,2
0x3c67C585afd81f1EdcD5Da323c235b28529927BC,2
0x3C71bBEB3BA9ce3c093dEc7bB41C0A0b6A9D6EbE,2
0x3c75848152890d85BB3Aa3636A9D3C51C755536E,2
0x3c8099B49686b6e18Ca630784e1095e6Cf907ae7,2
0x3C92DD96E8cA462E00B34C9cE6C6D3882D22b6ab,2
0x3c93AA84bbb4E81CcEE13225b7dd46Ba7e3AF9F1,2
0x3C97Ab4e107389900b09BAb4e4303e336992B7e0,2
0x3c9AC6C5EC58f8f48238B414244fdA9820BB3c79,2
0x3C9f61dBA9C5FFeB2923A9aE656df138C5C8322b,2
0x3ca0C9d3C65dEB8fC7c33F76013983F55a27410E,2
0x3cA34d058B69ecDB2209C7a53465Eb9A8c0307c8,2
0x3cA3FbB03b9c148b2f711E2B4512998E2622E07c,2
0x3ca9de88A61DA8d8A15624e362c790562ffc8FB1,2
0x3cAb19863Ee3695B9b712d8e80AC4298E8c989cb,2
0x3caEd8Bd8604C07Ff5B9ACeEB3bB779b4822A7B2,2
0x3CBAC2F81B6d2AeD9448ef952D1902160380122C,2
0x3CbB37c8e11a21B746672C749CB3441c7104306E,2
0x3CC310b46f597422515124aAC8ba3A5684083154,2
0x3cc37c3b82141f4C6C429659534E3F57E90B3Bab,2
0x3cc8742588c0bB40dC4Bdebbb98d5dA37eA3892d,2
0x3CcD2F3D0f949E8A5BdB331281BbCb94B060B0B3,2
0x3cCd70619A8f96B8D726fE2f50916D1635ffA7Be,2
0x3CD0C7e56473db98A10a7f0113ba33801b8584f3,2
0x3CD49b429bbDE7BbF02e0Ff87deAC22F1d7B10d9,2
0x3CD5CeD09744e5C900be3B6F32Daf306d1eb3526,2
0x3Cd957Ce72f366A3df26c46E4e245778E108e06A,2
0x3Cda17fc9f25f380FC2A838003D454725F4Df146,2
0x3cDad896b5601CA921812a98DaB82eDa5dEca51E,2
0x3ce28F83030950AF220e6Fa964337E0da4aa875B,2
0x3cE63B532d460509ae1e53321ce04ba95E099999,2
0x3cE7569C33D7F888c3247682360Aa5398e3D9498,2
0x3ce8e1d3d0f8698D1e039cCE447a9E7a3e91E422,2
0x3cEbe151C12028f25DCA0e1E6C2e67dea2F86659,2
0x3cf374b01418847Ba8380B0A722d3680e620c216,2
0x3CF3Fd7587902a47974db66Df866AfB28eAaB250,2
0x3cF802FDD5Bc025D887d2DF6ABB53e2504888f50,2
0x3CfaBBAD797c87866B622b78658888cF94B8a606,2
0x3CfBB654C3D16a093e0e4424B0822042157E617A,2
0x3cFd81968F35E79A1A95139a83945007361a946D,2
0x3D036Df358E28C060F2E5258fB09A7155cE0d461,2
0x3D07842334B3B427B1081e0EcCBA04cBD42B8ff6,2
0x3d0BBa7a5633F57D1D91c6FaC5305E370c1eD2C7,2
0x3d0BD9f1a52ea69De8e8F1FBF59511dD8E529e33,2
0x3d11829f3cC9FFA85Bd840FEfB88B544eD1A700A,2
0x3d14C167B723D6bbdb8A9Bf3F928389f9E25F4EB,2
0x3D16a61098bE6D642c6125Ba0Ba854821CeD60B4,2
0x3D1e10eeC9256f832a46F3f8AdaC60c7a80828B6,2
0x3D1f07d3C60268EdceEa094F1f7732CA8f86e78D,2
0x3D20331f11A2160613cB71a9870010C418cBA27B,2
0x3D20435331A1f0731aF9C5a606c0D77F28021b3D,2
0x3d212f93e76918C762e7e98F3e97B146409E4c4c,2
0x3D23E63858bfFc5996A8f8D57B2Bf041a4a5891C,2
0x3D32cD6BBD0f3EFB8703CAEF2eA3255625308E13,2
0x3d35C53524C7Fc9107FE6312291EBF50F0abcD34,2
0x3d35F4766e9021d6b4f8fc59f78ec70c8a23102a,2
0x3D3809bBCC6e2d5Ab9FD4c19eC23cB0C15169e69,2
0x3d40D8459136F94D3De3B7B5006a0F1Ab8066FDf,2
0x3D4789305E850eD9cdBb31B0b67f917A39fFeE7b,2
0x3d614804280AF9f86c801cB6BAF855c94D27B319,2
0x3d6D97AB2fCe2512188788744482D9399672c588,2
0x3D76D25440c0519Af7D0730B12fb29710a57F028,2
0x3d7716c4e97d0920213c1851140b80e487E24bC4,2
0x3D7940C83EE0F27ed5b8207e3e06AEEF234d692b,2
0x3d79952D73bb733fc3C68C6CaC405Dd7B7EB64ac,2
0x3D7C23cf4a93f64C749f03c2f86D1cFb5D1734C7,2
0x3d8377DF40104140B8E0a60C3ed1171084D80dE0,2
0x3d83B843324fAE706400779253865760C03C64dc,2
0x3d865f556374ed7dE41f85a487d1d2E5c03f2763,2
0x3D874EAB2766bcF5ed67aA1E142722Ab347D17B5,2
0x3d8a6ea120b9D52eF58f8877CD75F2FA16aB2DE3,2
0x3D8E5F2A6aCA28Ed20d3Af598929Ebda551c22a5,2
0x3d9eBD5A3D0E686DCd27Fff1590E949D2950f386,2
0x3DA406dd5A2C8201658d0fe66D3b46aB4A0a9c7B,2
0x3Da7B8a0353Fb926168a2464Ffc4160be49b903B,2
0x3daa88ac418A3F12CbEAfbb14FeC6B0CBC87729c,2
0x3Db265c637a8eEc45f5c6cd6Ff8FA4F46893DD8D,2
0x3db35A664868b7B435e34a67eE7ceE11B2E93647,2
0x3dB96babffE0cFB377F696552465080746f05523,2
0x3dBD530e3f75FdEC00e013e26bbf95eD40b7e5c2,2
0x3DC28fd8502e2CD3442106943FA5F6e43D34f81E,2
0x3dC41Fae3D12Ed716d560402103F0985A860c214,2
0x3DC9A418957a54e432c8db80d7a0A2BD3Bab7611,2
0x3dcABbf530E112A444857346e360789B527A6a48,2
0x3DcC7C30CC73Aa175e14C83Cb70EF66186Eac327,2
0x3dD5AD9230df6C928C9773cf98401041b24aBc71,2
0x3DDb92D79d1ed70138bef817E91B1D3B97cd6f57,2
0x3DDfD75cB9C2f4DA098fB5ef5EADF9dD5604d230,2
0x3DE2E3CfBcE74671a49e4fDFE404026F03811111,2
0x3DE4acF44f5E82575e7419f6b3C8d8BD85623f57,2
0x3dF772D9C8849b7d52909d6B4f1a9bcBb8240222,2
0x3dF79a1a84f3e027EA91A7EC6d4C77f3c1280fd2,2
0x3DfEE332874Eb227cEf9c999E27a4F694C9E590e,2
0x3dFF3DD74Fa69E61160155E9B2e704470bb5ffa2,2
0x3E003635F44C8013a213B8E3EA64480eEa6f4810,2
0x3E00BC36e6e603840D1646a24EaC4458a4e5cdBc,2
0x3E0137C5b8C974CBc19EB7295D8117CeD87D29E2,2
0x3e0dcB7F9D5FA8F50538640b89504580b786Cc6c,2
0x3E26163C5f8f9716816FEBB5ae21Ac7835B5fA1B,2
0x3E26462A425c60Eb1E2e8171856A84e4AFA416b5,2
0x3E3269A9D28988dd876EF59d880641871a09A4B8,2
0x3E3721D26D5B8612BCD6504696B82401b9951bA6,2
0x3e4Fc933588EDe25ce266cE787205c15e81c5e27,2
0x3e516CF3C9d4F29faE6c1324c2414dC872FC9c09,2
0x3e553a0FFe698D81dE34E87F4312e9981217E900,2
0x3E5928c6d059A38BF0329694908604A0eedB0919,2
0x3e5cb9a060675A8daD39e53c420BFd153Ec00f3F,2
0x3e66327b057fC6879e5cF86Bc04A3B6c8ac7B3B4,2
0x3e66a1c47fEf45D4A77B430D7e2aE2cD50EdaE41,2
0x3E68CD2A7a4cDE3353511e2e0ed3696Cae9ac196,2
0x3E73553cc3DDC0b386a549DE534462e87D552999,2
0x3E7576689446DDD7cf6ac8023839f5E9deEc235B,2
0x3E7bf075F070511786f0CC118B2383bc8Fe07918,2
0x3E7ce8799eccF8DF033820451fb0DDCcEC212E7E,2
0x3e82dC21285Ebf54f55E243c087FD824e2D2D63b,2
0x3E8B7d2c9D332a9b011255E9Ea633E00f3452a66,2
0x3E8cAfeF052CACDdF6450f6c9D806F8DB9dcdE64,2
0x3e9265736d6D0883B0FED8B27b85D0d4661B2F4d,2
0x3E97fC96506E362C51c44afbf4091C68a445d4B9,2
0x3E99221C051B98F0e9b6F73848492e5264Ebc55D,2
0x3E9A44C18834Ee7da036d1961E5A8712F6ed8870,2
0x3e9aAEA1c7Ab36A80A6477e9464D5C4bB35eb27e,2
0x3eA77d169ff18F49490a1C0598119624c4af5Da0,2
0x3eA9BFa701A87b38bcAcA44550d37C2016c1132e,2
0x3eAB95E703c016E0FdB98204a445C104F642C319,2
0x3eb178B9eA2805e07A6D852027bB7c876c18B99E,2
0x3EB7F48948576a1d2A7c2C2B5f2ce9a5443178a3,2
0x3Eb874DA4f4c09cde7C65EcB0f5F2D078bFc0A83,2
0x3EBa016316c37111285d2286fFaE76dc03DBdCC6,2
0x3ebbCC0F5595f0bD6e14C406141e9C7aB5915983,2
0x3ebD392d8AC5c3C661b60C7bEa129DcB1672B07d,2
0x3EbDb522301913A5203315c8A840A9Ee99cE9eEE,2
0x3EC578C9CC8d43e4111821F2Bc358c66A234BC4A,2
0x3EC5C6FAF1c5cF336EBA5A0B79Dc57ff77f6A43D,2
0x3EC5d4955ae611Cb3dF0D339854dBad8e6b58f47,2
0x3EC81E93aE3984EF8cAb976d13365Be77C15bdEA,2
0x3eCF93A3853A3e33342f1CBf34b4f6F9ff8B8B3b,2
0x3ED1B537F6Cef87644beC981517d17c35b1ab393,2
0x3ed4520301876Fed2A829b721Bf990d9532Cfa61,2
0x3ED6D5E32f5FC7b86DD5821a600DAa096C45bbb6,2
0x3ED9129395234DD8DB3AC9D67B05164d52D1022F,2
0x3edbd9d266ac5A7FeB90a234722488877d4c3F7c,2
0x3EdF3A4A9DeC62060F334dA5C6fC8220473D0B91,2
0x3ee35535ad72ECe5c566a43c856A1b34EA17d045,2
0x3EE620dcB9aB78dbDC94D355d93358d26d953660,2
0x3eeA29FB1C58B6fec557c89E7fdA70622f68c4dA,2
0x3EEB0D015c1B491D1728E9210119987bC5450FF2,2
0x3EEe71eC1D7F0612A2C1E88e0cb54b2E47574E43,2
0x3EeFF60C03274DCB60E61C882d569C2cdf37d025,2
0x3eF418118D1deCF42226580305Fd4f5CCadCCfA6,2
0x3EF52d25F2fF280B0DbF92bDB238868545632850,2
0x3eF9624e3b93025F1F1a0405CE79aE1Da909650e,2
0x3efdC1C2e939e87120EDe10CC40e9bd2C4d379Bb,2
0x3EfDC849EC017E8D26Ca1F33402EEc962518162F,2
0x3EfdCe9cb684Cb0751ab621123a045445eDa6A2D,2
0x3eFE404Db26a1e10Ea5e1e5e602A3954110cE568,2
0x3f0177fFe418175ab378DBbB5Bb9F7D65517c329,2
0x3f0476e1DeE479a09d4DD5FC4dF168Eb81b8B1db,2
0x3f05cCF22c21B51DEde0f1db11Ce9ABb73f6847F,2
0x3F06e7077FBDCB5a5BEfb8b2B9c403450Cb7d456,2
0x3F0F20e86564D3c66252355f8d8ca7F329FE7A00,2
0x3f0f38195Ab4A43A4301D80cEb204cE5fE6EbBca,2
0x3f12bD8CC0d0bbF1D30468eB1f0a6ae77f20A295,2
0x3F13375a3D318e4D8a6324aD2cf40405B59333Aa,2
0x3F14Affb4376872cf4298C787aC96ECbf7440820,2
0x3F212278ea3b724D3C0D7CB89a4c73f2E55BfC54,2
0x3f263683A0364B50d9374dfE2BC8E7405bF8f127,2
0x3F26Aa8AdEB8ef81c7759Fde15dE323ce86f62DD,2
0x3F28BECCd4CFf6548600cA62446D7aa6381a37B7,2
0x3F2d06d41163eBeACe879a77e9494D8E047F6D81,2
0x3F30E9B51D00fba6528f4Cd5BACC864320af454B,2
0x3F385537600033b0bD0378406D81E6a656C2542a,2
0x3F3AB7E59E40E172Bb32ee68b861F3F575816397,2
0x3F3B742453D3287d3Dc73949479C9DE09d2274Ec,2
0x3f4559D0fC2c6399A0356496C87c84c581D9942c,2
0x3F4A429a29abDa1FBc4972fFbE24Bfc37fBCCffd,2
0x3f4D9dCd40f8e4d08f499d55236BA40078e750CC,2
0x3f4f476175fd6edeCfA5AF5138BC37b79F14AB78,2
0x3f56898F19f72b6992BB11431e6c55b13F1b7D0d,2
0x3F587879c6497AFDE978ABA60a54A1b994a69DE9,2
0x3F5D836Bd00A8b1A8437D1CBE3276E9c50797A1A,2
0x3F5dA991382E9eB3325Ba189eED1C60Ca14ACd99,2
0x3f5E5a705d1be5e34A1E38C27E461253Ef57d902,2
0x3f639C65D84ef151a4e759DB6f59C9319374eFA1,2
0x3F654067D0Be024C1FCb1dbf775d798821A046F8,2
0x3F695634aF67aAD7095f21f7C8397e8a2b272339,2
0x3f6D2171D5d9BC01ce8c16324b31d1C62F7FAF5D,2
0x3f725524c7b5Dc77D5E60BE3E15c32f9d10d3201,2
0x3F7c78040e7C37313B1052D635cB2f135CF78c97,2
0x3f7D7135Fc05Dd53de1B359C880ba73f457eFa99,2
0x3F8000Fc226044901D9296845E9db8B34896680f,2
0x3f855f0b13134f98948e3a53A8b09CCc5fcAb4c4,2
0x3f86Eeeda062eF8a5e612Bd1e28Dd53a92682305,2
0x3F9b0D25f4D5Cb419cAf19eA52EC71AaC1BFA5a0,2
0x3F9Fd133627A85Ab7a45Aaaec0CCD13BEcc48829,2
0x3fA158F5af2ddb69032D925178d33C2DB017A6D0,2
0x3FA9CE080DE30EFBD3Cc80bbbEf713e04200eE8e,2
0x3fB1868551dCb0e2aCDaD10Ea196F66E3b06D9e7,2
0x3FB4ff417A6279490371268fAD2a6BAE622F1521,2
0x3Fc9b492f0Be9abD54e705888b020151ff72340A,2
0x3fD7b5Cb7C83668B9FA7A1a4e93caC6a2aEb0CAe,2
0x3FD8cb7e03b5C5A5d5C3a37c704B77014b77670E,2
0x3FE1Ed983Ec1C4F76874b719f99F0Be90d97E416,2
0x3fE4cda29b450204065Ba8252d63B1Af6c58449f,2
0x3FE6005D982Eb77a5FABa48d3F580f41D743F0e4,2
0x3fF049fECc411cAe845Bd70e91EeA7B81875d066,2
0x3fFA4E486432f5a5cd86aB7b3b04Fa185e8Bd250,2
0x3ffd797746452A2558cf8278aC11678B18870CAc,2
0x400fa45f264f14c06F6fC54961C77E805fA720E2,2
0x40151FeDd33Dcb9802363b2421E0Bd77ed641e86,2
0x4016E9c63AD03e3A03ab41A457e9C3E8Abe50F5A,2
0x401Ca823d53C5A207E3fc3480CA0C9bCbE7E8722,2
0x4022FF60D7034D25AF080B6761e8a2E8a7FAB099,2
0x402c170ef42A93839a26B3f4df716d38C27B4399,2
0x4034Bed2f138de45261a9cbE3469d2b7014AbACF,2
0x403951DDF44626455fc4bFD746C53451B0Ea64d8,2
0x403ebC91477e156e2325A1D07cC0e9B5490E008D,2
0x4049bBC959C37EB482199Ab21Dad7f554A1c6A2f,2
0x405B64E0bc7e2ECFD8a8cD16af8E5032C8Fc532f,2
0x405F3119f7871D99565AD3aAB992246bfF625F3f,2
0x4075439132Bd5888A5720Fc12a2a4fEBEad3C778,2
0x4075DF1053425211FDF4e9e5288F4CE20BB30CE7,2
0x407CDe0472B91938D6ff52fCFd6234F535365e24,2
0x407D738eF34ed3c50E848f9F3551d0A8028F3765,2
0x4085ADb71f055ee28f4409873bbefD85BE6e1E61,2
0x4092147afe7d50eBD2b66A6c621Ee461c22d3CCb,2
0x40948daB3572B6e57fDDfC846F8D5B4eDA266666,2
0x4099EfE92478b88E4793834f25503bdb50040FB9,2
0x40Ac1A7CA1C6C7F49938aE010B2110eD14f73c58,2
0x40b060A0Ac95dB3D5211b687511632b46c5d3bB7,2
0x40B75f1931f0b55ccd3B4ea65984bc236B2e6948,2
0x40C183D591959b58fb369b456B31e9059089823d,2
0x40C561f6dED1478EA1345551679C9858f6e15900,2
0x40c5CcEDaC189768D0e3d6Af37bB521C6B544e68,2
0x40cAc1125ee43bde4fe6706FEACEeac79eEC4fF1,2
0x40cc1BffB5550242abF5b4549E1F12115C876884,2
0x40DB0276A8d3FbbBf236EaFdfb421f70Ce57612d,2
0x40dee5CFc1a4be17504624052D185De7E013A1F2,2
0x40EbF8a762801D1706D9D16A8abFEc4c452d15e5,2
0x40F03133986599dA957ee6a4F040C0D66874042e,2
0x40f1F109B2f9c82EBff87fE449Fb35679D60Ea2A,2
0x40F51Eb502Ac737b4874925fEac8C970F9B01f74,2
0x40f6a8174BFEF4Ef0bF76A46c71ff36cD0B2fc0E,2
0x4108006303A4db1a6799138faf171048FF04c4b2,2
0x410a963b6b28bbEca95e0A5306d50D2187E34759,2
0x410f2959ee9C8115cA6CF0f817B14373b63B5d4c,2
0x411FC5091e634f7EaCd7b0584f63806500F076c0,2
0x4122073467E2FFa208B3484F2C1A6A0d92A07304,2
0x4123Ffc81579e38dfFf74b75D8BdF21C41E62237,2
0x41246a417c123Ec0dA4eaef2F309fE1796e7E69D,2
0x4125bA587C5Fd227bacF6bb24a9a82ea189e6AE9,2
0x412728cfb6210eE674Bd54b747d0b861E26268C6,2
0x4128b2364D803443042E42f3663fC63833932D22,2
0x4129EfB61e3086ff4A13fA7d5f33332b947e50f9,2
0x41367B2bE7F69A3709eA10ADE5221555Ef702CD6,2
0x41399427a40548abF60D5CB2eB5A778466d87047,2
0x41441CA0c0BB3853D98979f21c272c8C3a916968,2
0x41499E67d669851510E9d1df628cd2Ad0758334a,2
0x415a4D1E4eDa046986D8821Ce9f8dB8701355555,2
0x415e7F4a96574ECCF4d09ec86863Fa4fd7e937E1,2
0x416205d2374549d849Cb9F6A1b6A3FD8Ba081e01,2
0x41656631E1ada5bF8096287eFAc0898135F5c13a,2
0x416873D6ebd71adaF41f2E4A712d1014Cb946Cf5,2
0x417aC1bce3D92218148E2C969aEF72C33A614F5b,2
0x417Fde9a2eF0f3590e4Ab8CA008Ce3AA36667841,2
0x4184B9a3f8665B0b1446A4991D1E694b0d6DeF70,2
0x4186c8B42E60c4a8Bf6F0aaC326929d73DA3eda0,2
0x419660f060341c39D9b4FF6D0Fb55677e5d9334B,2
0x419A2f4eb50766cb3E08c97E8fE1a48C316DF5Cc,2
0x419AE75689be67503A58C923B4fE4A4aa4EBD10A,2
0x41A91Cc2e81b53761B8fB4931882e5620967b118,2
0x41Ab091AeaB8FCbEEd413df6FDAa4CE4065e9df9,2
0x41C26FFa268B272d15B3CcA80f148EBE03F5F5E9,2
0x41C684cbdE3e449cC67c70aaCb6132E3eB25B06D,2
0x41C87CB6584be617809023aA22e63dF2C9650Bed,2
0x41d3ea0D6a64d603cb8C3fF710F05f546061CDde,2
0x41d4c86C44e0589ABaE24f487D96bC8eaC3b79DA,2
0x41D583936AC5dB773ED486754FF9Af9174244444,2
0x41D6f82de64AbBFe963A1483E6Ae6e0b82F6e4e0,2
0x41D7562773A0be302D623e34206E37eE9e0F8386,2
0x41d87B725ef27014d0590DBa9A5821D7F83D6524,2
0x41dc51791396A7aF4d243cB4c26B4aa4310FA2f6,2
0x41E43C8DA88cfEE5BE0EC75Da2Add5b12A79B8c1,2
0x41e468ccCa4fb8f8E169Eab2558700d4cafb02d8,2
0x41FE1164F0aEb25D82deB28687D291A597fE4dD1,2
0x42004eA25fA6d99870E2246CFa82Eb73d64796B2,2
0x4202369D813Fa05203Bd58e9c3E3A50c78b4C701,2
0x4205d12F2C45B36314B11eef576e355A0628E2cc,2
0x4210EeE2bc528b0A846EaA016cE8167A840B8B23,2
0x421649Cc63c876D20f1E4eEA75aDd9F2FCe10a2B,2
0x42177bd6191496B58DD3BD0f7abAA2286804Fe24,2
0x4218AA8bF67797Bcf6294Fe42e87472bCFf55967,2
0x421BEE479EF728f666c97ebC9C259219e36A1D62,2
0x421F26Be890341Fa59d4B1427A0B59245a66AE29,2
0x42245e17153AdC4DA3d03fE3D868e60fB40378A2,2
0x42300ad4DdC281f7cF02Ac55D39FD909fEcE456d,2
0x4231BE547904B34FB104B10DA28F60a413094Bdb,2
0x423362edfC9BB1d674d85f91708D6EBf9b884c31,2
0x424a41501cc99Ea8790Fa5880434bD5392Da5613,2
0x424AB5d38323C4f7CBe85dC109f421680321e64e,2
0x424f6b8Be2894cc1912F25D1F35e2a1b8b0Db082,2
0x4255aBA668b73b304d3d2DFca81D0ffac65F1196,2
0x425bE23D00e196a9f4fe5ae7eE2175a423113401,2
0x425DF118975af86feA2a8451f4FF61c3E703F55d,2
0x42680eEA3DF45d68092263409cA06E7070A17Fe2,2
0x426DCF6820216F28eb6e96E3d9Fd073dd958A2c1,2
0x426Ea5F841080373b0e3eC85969Dd91FC5683d67,2
0x427BC604caA3b82B9101b2fe687eD0c143A53f20,2
0x428092D3d90a4BC378A20e215E2F65fBCAFC282a,2
0x42825557047fBc168b841d8B2AB5fe957811c0Fe,2
0x428394952B36ace7dDba993d2099Ca09C49337b0,2
0x42909b0a90fb7324283E264817Af0c1714F73fD5,2
0x4291156c56f09d7E30B33CEA68BF745dFd475C24,2
0x429e2D71D0D8B59D82001E7afD41Bd2558ED5eDD,2
0x42A328ba33894A331963E0b75205B3Ab331cA94B,2
0x42Aae2C222721b5960d880cD522d1084565cCF9A,2
0x42AcCd5Cf88c5789DDe6598293B48Ce2Bd66B22d,2
0x42ADb69e819fe92650bF8549eF92fCb14565d8F9,2
0x42B0fAb5173aC40cdCf9E4f5B747619e14b2647b,2
0x42b3e03c469E33DD07D62C6e5B9A35798254b0b7,2
0x42Bc6b2AA454b9A8DABA77bE0eeacCD60459E25E,2
0x42c0D0c0B39DEcbbeC20c93076e675124CBE9711,2
0x42C3FCd9a386019FC9fc13808F4462506184cf23,2
0x42c535aC71281bA239457C518C37B8bED66990dE,2
0x42cBD461BADfa828D64bB2684F49289a62248D4a,2
0x42d20226D1d3e66A7b671B654175824180773Be8,2
0x42D25912dC9945236C646F72d179bFe4547b8Fb1,2
0x42d260986A18D1c29ed21deb5838656a79F577a4,2
0x42D2E38Ac929AE7F5194562DE2FE458d46eDceC9,2
0x42Db4f5271AB8d303E475143E3c2F0d1BD2C61Fc,2
0x42Dd5710794ABb905AcA9dd5b861e95cf4252730,2
0x42E194F59E9b374706286dDbE919C6d757FE33BA,2
0x42E52437B310FFa9d126FA5DE1ad6353DE52033d,2
0x42F2f5649A1adb6ad35b1A7b3Ff6841881D1e248,2
0x42f3e32b911DaE257B20E0ABed7845068f9f9FEe,2
0x42f8fA360395F17B4D277A810Cd24827af6b6ad5,2
0x430D21827269AEBb879b611fF96A602E345011Ae,2
0x4311a63ed18ab2bfc94e2309629a2e9de42dded5,2
0x431221788E2786B16F41fD53a2aDFac1e9efaBE9,2
0x4319063dD74BDF2AbF65106f7dA558C29FE34C27,2
0x431D47eD942f1c3ad7bd8BA43C47A5afB50C657C,2
0x43206BcA25337C995A20BAf998df76f0f356cCFe,2
0x4324D089750120952C373c6d79866513A07CCCC1,2
0x4325785869A053D78f29920b1976B9E447830dC4,2
0x43266bbD4392dc281f4fBd2C3Ff15d88684d3Bac,2
0x4339Bb43e0657de0Df6c70424b8601a1Bb724b0B,2
0x4347380e0DDbD1c37577ec89C86179F421759487,2
0x434c5354E754d206bdC5D919b3da63F0c6593715,2
0x43568F65705bDEEd4082153E94205e40a393b844,2
0x4357eF5848F3227e105a5a35196Be76a308D1DE0,2
0x4358E868AF0D756418bc167bFB3dBAE568788888,2
0x435c59ce0B7E90b9204D33C095C5e12AE78B23e8,2
0x435D5E4b03185d5b45bF4e7c9ea361b52A83c393,2
0x435f7d85a5C23d76cE90639726A06b18F11225FC,2
0x436075b6deAee81E5C1a8633a1705D67d3137EEe,2
0x4362984B3f59d02352DA73dD812fF16786a75346,2
0x4362c4c5e882BC796B6303c91d45897012639fC3,2
0x4371717125f9514Ee1dac92b6d5D87e8987c98c3,2
0x43789ab3D4A452046aEC6C1b40C0138Fc708A190,2
0x437Ae268092aFBd7f1be03BB432dDb8EB310CbB4,2
0x43808842c66193e25AF390Df6f5A4C3373a5E411,2
0x438729c41dF6a1669f20C53a5dCA63c8d07C106A,2
0x43A85e0Bc901BbA74fbEC5c968cc8A5BD58ed9D4,2
0x43B30bbaa3221e83320a9129aE5a92145b8F76c3,2
0x43C1dfB47ecd17BaDAaD6C3bd259333A8Fb02a2b,2
0x43c5487C9b32fa05FE993eDA1df1f756FBAedF21,2
0x43Ced8c74d2CD84E52f6dC02Cf4469084dA2da2E,2
0x43D945459428918F8b4A56dB0815d3C673eff4af,2
0x43E545F855E153DD444fa67d0b943e3Dd0A8efD3,2
0x43F1900680d4C4b04933FA082fcF43567d03050C,2
0x43F2a95916117eD09522d4438136722b6275B176,2
0x43Fb1734ea80CD90f3F151b7c098776fdF16F949,2
0x4401143CDf856587DA51F2719De53Fb9Dc3f1658,2
0x4402bAe96441196fe570C9B0Cda6b52Fb1149701,2
0x4403D1d247cF56F0F738DA80F110838A64d8A93C,2
0x44046B6843897EAB7a1b2f0DAd96fCC4Afb76dB8,2
0x440879C13Bd41699510F5CA823E18c4A12f980D1,2
0x4409975A0B252A2547fC9E73A9926CEc508466bD,2
0x441aFF173C72fbc1b5e2D2E74e06bEF07F677B2e,2
0x4423225b1EC18F4156355425FCf29B1f59cAFfEB,2
0x44248F9DFDA434767bdE15bf688d5DbaE2C6a2F1,2
0x442619dB929fEcA5f0021cE9926Bb363711d4069,2
0x442c5cAc87C8b0240f44499238190a8100Dd9454,2
0x443001D40017fdc3F5CDaD6d5016c2AF48f63A90,2
0x44342998B9cd3b45Ff992875B93C61C71dcABCF2,2
0x443575ac1114D1166E57Dd16cc10cee38575F9F9,2
0x4435A62e9c1eFf67faC4aEAc90cFCd39cf594564,2
0x444024027944D70C3d487761523aeF0f9AC1AAE9,2
0x44405846b414A76be75b50023AF6870dA455c3E5,2
0x4441b08bE1Ef369E65C1DF682943002e57a97b8E,2
0x44437060716f7c37548CcD9FeC0a3a1422D30eC3,2
0x44443Cf6e3551109746b42150336C513e6E08E9B,2
0x4445EF134b37cE58D6f22e54f32342416aE62778,2
0x44469A8f715bC36f9Dd07AaDd7F19E9Dc3c8E555,2
0x444B4AF1F30e61D19730c6a244ADb9ef332e61DD,2
0x444C7091c98E38187F87b025c330B5d2F27Fc40D,2
0x445446e37cE2311E795b70f9aF2b02E2AB57CB85,2
0x445816CA9Bb0146940b802D49Ce146787C73b5cA,2
0x4458947b3f945Be73d1A1a4BF6C412Ef5ABA5c2e,2
0x446821Cc3F3a096D0ce898F072BBD3177343197a,2
0x446Dd2135464C5116FA8788E7591c2d6d115D6f4,2
0x447d3BE62918f08fB70Fae44a68235c5C6E509da,2
0x44900D2DCFa104BBD139544bb451B26Bf7866031,2
0x44921390883DfFacb5318154608318903a548907,2
0x44959986d1d6F63f3De4bA38ddA4d575ABCe7D5f,2
0x449fa9064b9b11B8D977D49549245e00cD2175a3,2
0x44B002C1f4DDFdAb053E45D538CE8DE3F28ED0d7,2
0x44B7dDf8385Fc83aC51A8c7F66a253d10771ED6E,2
0x44B7e6461Af76Ae31800aE7b756AFF8307D919f3,2
0x44bbf7d78a96def2f785f24d1e631423036dd48f,2
0x44be14D9035d15B96FB98D761dA76D8a0C02417C,2
0x44BFa6EF27C3780Ccb90517e77Fa8E2C11B2d84a,2
0x44c94FC844300344d94FE3DAe48bcfF8B7e58495,2
0x44d0A6Bb0A1856082FFB5726d7c6702Dd1FBA892,2
0x44d5957feAAaaEAe307431cc856AFD3077D38054,2
0x44D72De7156db1554A8888C024aFDf7359334fCd,2
0x44Dc9923720f44DdF6315A02549853C2FB664691,2
0x44dF085447dBEBCf69C6675c3B8A795c7fdeB3F4,2
0x44E8f6A55201d71539734C93976110bD0F7107C0,2
0x44EA6F4805b92b14951C109fed1EF55D6Fa6d084,2
0x44eb942c1634ED9fe11369af07A1AC2FFA03d103,2
0x44Ed32B27AeBf445c209DAb3EA7E3a9D50F37B2A,2
0x44F5094ec038409fd908983469121AeB510Ee58e,2
0x44fB0092552Ad195D7475AeFeaEe92A0e435Aa0c,2
0x44Ff955A110d214c753004B29F88dC2a5A489CA0,2
0x4509F7051e0B5c18C70e86bF6b7CA808246D3F2c,2
0x450a0297D80Accfd8477Cb8bcf875C6fe1DE53fa,2
0x450B33E28cD4F6AbA45D15f3524Ed244e2B28912,2
0x450CdDd08b18636B8fd496A555Daf1D319f2197a,2
0x450F09f97EF86F60909697f4C8dff725fc6591F7,2
0x45180317b52D63077e8Ed0C36073C6BF8429a876,2
0x45188a1557d340B6341D004E72C41825c9f25B49,2
0x45194884732c574618993bBF890bB0Bdf94EDf12,2
0x451eB23355E37Eb4F8CA21778f0c68D467E93912,2
0x45240776565A224Ff82E191a634e21B5AC39758a,2
0x4524EB19cB5a1DDeC08B2bF4569f480632070fdf,2
0x45268093C018008d0166C1BCF54FF9031C829236,2
0x452dC198eb970456fF28eE91a3409C393577b6Dd,2
0x4531EF3b9607b8B17fae43e48be4a5318F241404,2
0x45346df060d166a226F25D4219f925aEcfE16388,2
0x453d1549F8D8C9FE42416741073246b42c2b8a3e,2
0x45421c3E3c879bF3697aeD70a2f7FC9865a96361,2
0x454685DEC7796c2c747294F7AA7a30b2C5Ab05F7,2
0x4546a94a90857814B6AF7f1a05258554d53EDdF4,2
0x454e930dEFef173E7923267d722FA0cca0907172,2
0x454EFEc7B30B16997B14599d167C2C1DBb02a66b,2
0x454fB3FccA5D94255e8a39af9ec205F4833EA4Cb,2
0x454FBaA188e7161B419460E6a276e7A88F9a8940,2
0x45542D07c4c880c8097Ef143c9f9753B519bDe41,2
0x455c54245BFE36D811b3955eECF3D050623a8bbe,2
0x455F36A418f4d297bA596c5aA48fB05567Bd67Ad,2
0x4566896Ab3Bbd9921cCA2dD87125F875f63F6E07,2
0x456fea1E027BCe20e50EC4c79CaA84a6a5890Bc8,2
0x457A223A59de9F7311c5d9af84bF81eF55C87735,2
0x45821Aa4d9c538595D8F11022929a6D7dd1bC6c2,2
0x4588BbCb7979bad3829bD35b508222782CAd54F4,2
0x45896f757dF3B83183c6c237E3B99E3d9189daE4,2
0x4596A291b53d1CA08BE11E34Dabbcf20d0b3c0f8,2
0x45A26C068884ab74Edb056e096eDda539931e010,2
0x45a6348e378B04A2B6d95e4b4685E3dd7bbA6859,2
0x45ab143659dF8613E2a01c3985E4Bd1d06aC63c0,2
0x45aC84425daB65f51F25075804969A3CDF2bF8Ca,2
0x45aDE825D86b851AA9cC76fB840C82D2ee0ce825,2
0x45B112a76C2d7D683A760e6bbC72aDD09B2360f6,2
0x45B74Ac8362D49685782c967eD4f24720a75035B,2
0x45BCA5B4A9F24c468201505b2b7C210A1AC311f6,2
0x45C95dA8c9C3203b6D2607ED04984a2e3ECceBFC,2
0x45D0D29C9987bfdc4A4A5974AA5BBAef950214A9,2
0x45dad6dADA6137021Ae437F0CF5856AD305637fC,2
0x45db9d3457c2Cb05C4BFc7334a33ceE6e19d508F,2
0x45dDd8614DdD6471803d9d96c6C1F58bBacC2088,2
0x45e13d2a635F57A84B87D277Fb0fD4e93C898a76,2
0x45E2ae4C9bC360b47F771895a0c2cCf9D554E1e3,2
0x45e712580fF46ab8F3A7E59f368eb2423600937a,2
0x45eA73eB623Ae2c6b398A305c0Ea59D0628e2C90,2
0x45EB498415c53F10C3a6d6B9787800d633060Ee3,2
0x4601f61EEc40caBb0791e11ae42250Ab131E28DF,2
0x4605A61ce79191026AA351cd1B5344b689686235,2
0x460635D1EDaf3d25B419e3c4AaCe5c296e4eC02f,2
0x4606E4781690d07a6E064180bAf3cc568C797b48,2
0x460affBa51418e8692d53bF41167a6aF0e8F9dC0,2
0x460c08B6907b9cc229bDE013c38a88314B640192,2
0x460C9e494A93de1EEbCE3851Bc40CEfda2D9841c,2
0x46144A1c229DD27f2e38Fe44D3f12BfDaa55fBA9,2
0x4614c9B944D45366479A475E353257Bf188B5DE6,2
0x4622195d78dE037370eF098D358994A9E5fF1d4c,2
0x46263a7BD6136672816309E18dFA4fbad91370D8,2
0x462906446D6a4f591C7F404cf9cE30e19AAFEC70,2
0x462E2bEB4773B51a56aA0Edee4bC63EF76B1451f,2
0x463c0864b8D11b39176A86635b92169C2Cd10e2F,2
0x4644c5477891d357e5627D45Be1513C436627a12,2
0x46514F2E593338ACD8057fEe9a76CDb48BD59942,2
0x46540C666A5d42EA3C07Fdc3ab6E11598b0d905E,2
0x4657f368F21375a984d0dd11cA9C88D68442B9e9,2
0x4658324e7fB4e1C3d59a4805617F9ef4BE73182d,2
0x4659B51376f2a91ed060aD92754fc3B8B01dbBC5,2
0x465aB0cd8d12ba8A9CB97310aC006B6FD33aD8f3,2
0x465E3E49e17fDb604BfC65F76035C8481b744438,2
0x46680FE49BAdB850d194b6E227319579ce72C0c2,2
0x466Df47BBe04DA2cBEE5D8b865aA32444a7E5b07,2
0x467Bb766285B879652115269d005E3581826a035,2
0x467cEaA420d39d35949F14C2AD8327869c0d2B74,2
0x4685ea7292ED38BbD14060eCf0E4544195089448,2
0x468865dA97B352Dd9d0D6f89a7c0f9Ad8a77C3E8,2
0x468b98B17C278909975A1A211ee039D4A6614520,2
0x468c5725C421Ba95bbb72E8f0A03Fe185fF72eFc,2
0x468CBC9450A985FBA837822AFEd93cB937C3BEEA,2
0x468D906C2388405A8BC813A98c575ddB8475A8CB,2
0x468FF811adfA20fDe44fCcbD0d21603f810E1D38,2
0x4692785dcD2F7Ad1617DF4D82F4fCB6F217f3D34,2
0x4693D28969FbB035FE48f576aEFb21Eb94C62a58,2
0x4693F27da1956c3758F926A31225544ff9039069,2
0x469f82cAF67069DC7Fb7FE4b1697042f06D82D05,2
0x469f956E2D338A9554E24bd083D8a0c8476a7C65,2
0x46A00a119561D12320637f179fE4CC5C7cb7463B,2
0x46A20E03f47ec67D2c8E73819C12a6b0c4BbD081,2
0x46a6BA07b03216dEbF27321482560c2906502bAF,2
0x46b5A828af480EDb57df45Dae9182c79dCDAee8A,2
0x46bf3DEAFdD0E674A331be91D99E0375eC3375c1,2
0x46c33825A561c93bA595226995DA3BD63a9161bD,2
0x46d0b93D05f2bc9309Df59301e6dF146BCf888Bb,2
0x46E0D6360C4115fb765C212105539DE5e2F1415d,2
0x46E2FeAA6993B584b8906dFcD76d8383A2f7b92c,2
0x46EDcFa49bbf3E3173c02A077937C9df4D48172E,2
0x46f35e0D6F6Ed6E7195206b9d0F185bd807eB6bC,2
0x46F8db40dd1DD8A56212402E37fF61685151fd9B,2
0x46Fb1BD8c18F33d3Fb8f840471c42f83d49E94f0,2
0x46FCF253275379a6A35aFB11841D2f89297B6938,2
0x470390Fed00E7e2EA6BB6Da28b36E0d3AB89d67F,2
0x47081ad66d7a72c814A9A3E5D4D9BAea62D3EE8d,2
0x470Ca92A6ba777b09ab313364E290B1D9bd7B5F9,2
0x470e333C59c1AAdeCBd904CB2Ec91e3E2EcE1957,2
0x470f8f0EBe4f59654A22b56b50AA3450f8A4a7b5,2
0x4712eE1EDcdd60a2D700609c02636E123c2a2F95,2
0x471901C07Fa4200365249CB473AcF2fdb8A95dD0,2
0x47293888932Cdcda4EE9758DC5e8c29C39cc0260,2
0x4736dd8cb3a20437faf8c3788d5ff83c002d77ed,2
0x473A5d705D11c40FA1FD53EC31Ce664DFE6388eb,2
0x473F2d4c0e3D598a444D67Cd400434B7daC34E5c,2
0x4743b95862Cb4f8B6452315b5d616112806CF6fa,2
0x474769b1be437DDfbB6D542EE64E69f594D940EB,2
0x474E0B8a4f3aCFe1430a70b0D9303999BC64E393,2
0x474f1357bD725A7fC15fC1892eEb60A3DF5fFf8E,2
0x4753103E164040A3ca128092a2671c9dBC07e9d5,2
0x4757C7fF8aA8b1fA62801a8453A1137F19F8b90E,2
0x475877211306A458B973A592b257a565375FE526,2
0x475F6b2Af573113B96FF3356327a566aa946A591,2
0x47653Fbab7f41E106985BEB5EC8857c44Be0C2cA,2
0x47733a3F313ad88E0A5D11064CD93E2968155555,2
0x477431C52DA52aFC44bd573c17Cc87C71fE57db2,2
0x477922F6570FaF8848744A636D37777711CFC05D,2
0x477A8aa15D4a9B64ef645548B5A5A572bad98e7A,2
0x478A5D676FDBCe8Eb753b54E8d09A6889346b5Cf,2
0x478e64D270fb5c912404ddAe200699754205c816,2
0x478Fa811218872230677FAFe06BA5514dF5D0dF0,2
0x47958b40a8a41AEdEbABBd4C8494fD19f24D775E,2
0x479A08A9248e64F7c1b37A78298605b02549b306,2
0x479E81D68160Ae0A73124Ae046FeF1Ba41795077,2
0x47A0BCB058923779b2DeEd06fDbF7B25dBa89da8,2
0x47A2bC8CA8951568B5e95205e045e94c48b84AEB,2
0x47aE7A46Cb75c5a981f95DDbd8752Cdb33597DEF,2
0x47b3fFA231e9516eFD48EFdfce3E9163C767C857,2
0x47C152A5a60c6cac213D7B6cCf8784032B110A2A,2
0x47C2162AA3AbCEB10442D6B51F25bf846a23A920,2
0x47c33803555ef29aA65b735F099293676f4cC11b,2
0x47c81f07df3C4d927d2876fC16C0e04fb7521B37,2
0x47C831CaaA9F724d42cc71529634Dc6a194e7a16,2
0x47Cc26a95007b1f93Edf1f3941601f3c444f9192,2
0x47CE80397E330c20C50Ba8653f736F11722a2467,2
0x47CFB244537c229b3Dd0e40995B8A1688685e141,2
0x47D077A056DADb3cBeaEb22a50c83BF39d699C7a,2
0x47D251a22cEC5Ea7495805681fe600d13E4d63Ba,2
0x47D3eC0B23D5C6dEdb76b8c903C745A33BA1e66e,2
0x47D66f0F4A265C6908e45e09b907D11FcecC86FB,2
0x47d7e59662B4EEDa2B6d6be53724E200dC4C9253,2
0x47DeA1fFF55344622B160D40400Ff03260B968c7,2
0x47E368DDBC83fF2ea888EC70aDC2bf61a6dD4889,2
0x47Ec550064dC2750A25FA507BB6E935Aa492ee63,2
0x47F6415e1B3b01FCb3392e8d93f7c532cD4b717D,2
0x47FA3651D0a060fb720a167239Fccc64d8F23cf7,2
0x47FfE89639aD342D5Ae5B433eB49cd8570378106,2
0x4808Fffe9e6320c2C965eaBee9f6E0Ec8b748375,2
0x480b7323F1a4101478a726E2Ee56f9115ba5a860,2
0x480BAC13Fe2B8B168a0d02D09Bf8b8bc3d64f8b4,2
0x480F7323aaEa8A52B3c8320a9f3BF7F771Da1259,2
0x481055A655E7EbB2af0601aF87941ddEFCBF596D,2
0x4812771CfD13927A92015b410DaEee4eF3F70b19,2
0x481947705fA3B56C7CFe912c1D14178CEd3df433,2
0x481bd6eFc636A337C09aB825943933E3cD3c1a26,2
0x482547A556E8BdfF46909514284F82B7D1f5D695,2
0x4831bd2E5d6ab2568870F963fEF1d96bd8c43546,2
0x4832606179A3506f3E64c1B04DFBe3A13A55D0f1,2
0x484C63A625A2e52978A261ca98dc448957871a7e,2
0x484E14A395111a3Ea7F781Da22830B5F69D3A708,2
0x484e2Be931fB5e92fbA4F33E2fA0219eDFE61Ae4,2
0x4856419981a56Dbc2219703f0D78C5a695674681,2
0x485739c0564c254B428Bf2A4Ed660d399030d00d,2
0x485e5b4e9E6B96d4Aa8D2dfd2E64833c8393552b,2
0x4860B5A3835965F2a588437BC2ffeA4e2d16BC60,2
0x4860f15788aE8c93bfC5d3E59c876Ae769CfeF1f,2
0x48657e7af1987b638525893c4AFEC1f5b59EF8EF,2
0x48657f80E79F10882614AfD0612b02Ca262c5A8D,2
0x486b1447a154ee88218A05d8b0f5572d48f39171,2
0x486c8Bd0a9B7832570B431d79D012eDF1425D7fc,2
0x486D5DCC7C6066e352B135E8B826B213A6025814,2
0x487361eaA699f87CDbad8938f07952158772f689,2
0x487972789cf072f38E0E6C7097083401538Ea2aD,2
0x48874AFB762a34af37580C78c104a961C99f025c,2
0x488c4245fFaE02164a405f8b0FD3a296b8505Aca,2
0x488D6bC0E9D4cB0bbd74f9ce2091582D42D03275,2
0x489eF5FC27e7BbFa4cfa1C8D5eC197dA3D1BAE54,2
0x48A49Aa27364965ADFd2BAe64282BBe020D9dAF7,2
0x48abAD447d1A832979Cb130143bA6e93F36Be4Ce,2
0x48aFEE71BdFCD6d5DC71458f13af912579a3A828,2
0x48b2caabB1aabc430fcBd3288AedddF359667334,2
0x48BC36ff8BB4B773501241Fe7b4500Cb7fffe394,2
0x48D3066a607170802c0842cEE10838ead4809FF2,2
0x48d33D4327fcdD5ef30A287805ca12e48B063a01,2
0x48D7BA16185D6C0cbdf159DB7fc6990878914907,2
0x48D86B077b2C8C56DE93b9d9a96E571EF202bB5e,2
0x48D87f7442bAA9695E895f69BA8A927a3ff0780A,2
0x48D895F3CB1F021c2034297bedDc0016A59E71bA,2
0x48d9Aa94E371f731C75f8469b02870f858A25689,2
0x48d9B954362FB378f0fF82Fce5485e7419Bc04fC,2
0x48E0162420035961d1222f179549c062fd443f75,2
0x48e42bf0264D0Ca9bE7AB494ef1B90eF658BF8c2,2
0x48E4E74fE1d0c14404cEB57B9fec5b21329C6ec9,2
0x48e63824dA390065ef2d9Bf26DD6CfB97E4Dc906,2
0x48e6ace62a9A7Ff0795F82E14E245C98A9b18605,2
0x48e894CFC37a74945cD386CAB4D08d36d0075805,2
0x48f36a22fe93fA3C12dd9722125b88cEa27A222A,2
0x48f7F0daB1678971293C137575aa5aa4A3B0eD95,2
0x48F80AC83C5134b51205D23080fFF82E3A6EE05c,2
0x490239c01C55b4702C16cECd9f58Ad223552392a,2
0x4906CF0eB86f2263C54a45eCa3E53846Bd342410,2
0x49084caF27E5D43C1e5DAa5D4F66B8f958a2014c,2
0x490d2FD6Eaf25E2C9320273144a59DBFf299d014,2
0x491Cca6a6AE1cf12a932e47702AC128042bD1C91,2
0x4922e9c9D3cdcbE0Ba272499ef025192Da0c5d7a,2
0x4923B4678BF07AdC5fAe7B023FCfd64a18de2b12,2
0x4938fa00B96635f2a017b7cE5fd970DA85a6607a,2
0x493c619DCD4dF637c90CD03e5cB4aca0B6c4C388,2
0x493cD072029742F984027cDd9f13876a50d69e10,2
0x493f4C74cBC875b4AD6EB0c569C2a04e5B9582DF,2
0x4940655C4a1f379FF78af413deBE961Dc21e74f2,2
0x4941D159e8f538aFc72F259ABF21482e8372921a,2
0x49440C6cdc8685Ad498bfA2e148c213f9318f192,2
0x494f8f14003b6155C3DE7A6ebCFdAbAFBaE1472e,2
0x49574D30ABE0c17C23c5D2Af46E768Fbfa76A65D,2
0x4959bbCeE24085bE91B20559beB1c3b1d2bbCE2f,2
0x495A2Ff6E12ffa8951a76266Cd622B1364b309c8,2
0x496607A7240fca13309025B6C0bcac4Ce9f31000,2
0x4968C2019ec040D8acDf9776cE88D0c486D4035B,2
0x49695bd21712967bF54Bc0643444D657225aadC9,2
0x496d73970417d181D99ca3bD83C47DABBa193aa3,2
0x4972822D66A3392d8646c48452305CF8f0C5eC02,2
0x4975510D117D8133C488fc66a2633CF1C4E525af,2
0x49759e7160Eff86b750Ae0108907B41056898dbE,2
0x497B5AF00112F42f57B2496BDe21123b1D4F85d6,2
0x497D7bBB3e1C61494304821FABaF1ec948923a81,2
0x497e6F1FFD8bcF0F4649E67B43F3ceb670f879cA,2
0x497F8daD823371755AD9e4C917a499C531d4c3e7,2
0x49815cd53F20E16f127437FC575575AEcC2C4Aa7,2
0x4983ACf9aFd7cAd84685711dD41ee6120138dD33,2
0x49881e4e23B5B317097AB00aa9A2Dd1b949ED90f,2
0x498e383023aFef25F7a94676335beF58a4820222,2
0x4992F2aC27fE5817f58fed5e567263E807343357,2
0x49936E3F4C691f9e59fdafA92f905E0E02a59FBA,2
0x4995C7b827b28B8B475c97B0413D2d3C7deFbBfE,2
0x4995e09074247886b39a494ABc3376459b38D0BD,2
0x4998a6Be1B10D0B14dE7589908199ADaE9c4EfBb,2
0x499D73B9Cf01E576A39444d7EB969aA94Be33D55,2
0x49a0dddCffa04adC7af4e4Af747A0bD34F752028,2
0x49a1B2a26cA10Ae0D9e3665FAB631F1e8a35Fe88,2
0x49a76943EeD77407a183F6EaCc6C9145bb7C2d7E,2
0x49AbF4fbBEA35Cd0E3aE754D33073039a61e09d9,2
0x49b753c09cb64dbDC53841AB13a04A038d4c9D20,2
0x49BC44E021b29D9e1B8e8Cf5ae124cb6b2767425,2
0x49bdC5C89f3DEc9a3e418125DA4AB167018184aC,2
0x49bE69fF0EAE500E8e2694C17dcc6D92c7620278,2
0x49c330FcdF0AB5eFdE28f40d72D40c84BC993e73,2
0x49c5f0a6175e60dAB9B81df33322b744F2b54FEa,2
0x49CdB52AB04C2faF9D9fD185112789406da8d8c5,2
0x49d072985e26798B02e9379a715c1B1db95c1741,2
0x49D37Bea89A69d29892DA2483302E429092a4809,2
0x49e439ba390365227bffDa1F759C4D6407e9D3Ed,2
0x49f0B205F96bD363E4b404ddD9d4F650b5aD030c,2
0x49f6990e231ec037eF9c7B8a047EEeBbFa7EeB30,2
0x49f9bF81844796675052d61A471677cDe11e6eCB,2
0x49fA4A09bE96975b4305720bcDD7aAfc203B6623,2
0x4a019992691505f33A174A9419818480a4f99999,2
0x4A06a9C62A51be8A1d2d8cF2D3b7Fc57EECa4560,2
0x4A0AF30aF415B9852684afB9FBdd61eCb9132B9f,2
0x4a12933e8B29F29db7AbB8Df35160eECD2344645,2
0x4a137188dC89778A45340b9677751b7Cec166660,2
0x4A1a0aeEA2A03eD451b577f51F1d7E5568f29736,2
0x4A214e160c753CBbd2dF811593f069d357281d33,2
0x4a22E33993d3727141bCa6e1eA3f2D6B49Ec8E03,2
0x4a24c12Cc5307B77aC453ed1820A4F02b8c4f318,2
0x4a2dF3f1100e5A7Dc18389C3cb14469540303d72,2
0x4A3A6C0FAbC5b15d38aE859ac43791f94f5795dE,2
0x4A42d12412306cED238e6004832A0C97d585511D,2
0x4a43200ccc26b6648A6f46c037d2Cc6847214444,2
0x4A4Ae09e719bd5f17D542B86dda4f7486723612A,2
0x4A509b77c4f50659CD0653C286c335d16283939B,2
0x4A56A0dDe50e82D82518D0A17A862Dbec7A7d01B,2
0x4a753a7F79c636524BCC5C5691c6a1A8E1023219,2
0x4a7ca2770e38416A0F6752cB7c0362b262d50C89,2
0x4a7E1ccccBB0752271c4Efff0803C246E0737403,2
0x4A818Dc49e1685227eAdB8D03e734Fa97d5DB79c,2
0x4a83905caa2185C5371Bb3fdAcff260d02aA3025,2
0x4A8405072208c76F4cF15dDCE8CFEa44901FFb13,2
0x4A8B25462A5B3C03C235aDDfbd56141E8ea4F679,2
0x4A8B35cEd19643DEE5A4c1Dfc354647Cac973eE6,2
0x4a9c99d94257FD7718845A5062D5b5800C1D6b2d,2
0x4aA9DaB5f4580703Ed58068eBad299De100869A9,2
0x4aAf9F590F81d5bc4585F3Dc982638CEd3790CcF,2
0x4Ab0E0c21dd9E85f21cBbA5E4C1EC896293Bcd9b,2
0x4AdbfDee6188df8a24EAeEE87c9BdEBD4dD3fb64,2
0x4Ade4E108d7487cb69502C71eFeF20dC917cCb9b,2
0x4aE00f71581aA315af0e3959ee7dA94bde90E403,2
0x4aea755aBD250A70297c1c523d392973D07E9d1e,2
0x4aec340330006bfDd5CEef10782C9a77b1E908a7,2
0x4AEC46064e388b16b1087d9ad30b9b057ff48481,2
0x4AeF8B6CA98cA20087E6b0827a50868172A32AFd,2
0x4af285E9784dE63A6cA1a085ea263716C0813447,2
0x4af694afAC543C2586FEB46a3FD2b3B9F3D94F7F,2
0x4aF9e32DC6F3ade39A47AD55C69fA4DD21697cCF,2
0x4AfA4Dae931acBD29b6f1F5108216697b78feEAE,2
0x4AfF0f9BC168bf7A8F3DA5766EB4798BF5e4a4cA,2
0x4b0A238A01ec57524e3cf423c7c552C1A0B72090,2
0x4b0eD870c4A9681d76DDbc6EE922216126607cAd,2
0x4b15E7d0eBa14497AF84Bc8F75b2A7f9Aa2FbA50,2
0x4B227869E62020b503d792e5109059397EB76509,2
0x4b229c24894c134aC9eAeD34b72D5Fb2D2945aB4,2
0x4b24c0f85C3c12FdE656Bd8AFA4064A61D0742A4,2
0x4B256C81286fd23c13b543607fB0D56aAD503530,2
0x4b26478479a9AE61893BD784030301f57BE63524,2
0x4b264aBF4232A1270e68d2D2bFa98e5CF492653B,2
0x4b2e06B1e0A6Fd18e208C4BA32bbC35360F6bbac,2
0x4B2E182B6CedCBDe81CFAfBd9D5434CD17f2D44D,2
0x4B2F964fE6F094d5774a2100139C6C91C9023f87,2
0x4b33332C6E1300fa238e337D39b149c2Ae627097,2
0x4B3441EAC9EC7cEaB983a271eCA2E4C78AFccAff,2
0x4b359c79D56ffFDc7736D894d6F4D4fE6b2257C7,2
0x4b37cAead749E6b44b96Bd371c0b918751e4EAf3,2
0x4b3b0A6c0BAcB088B6b0B0Ba31bAB77282068117,2
0x4B4724ced711CEFDcab5F31a18E260c34f632edF,2
0x4B4B765B36812F372151d28d4251FE99c4b14661,2
0x4b4F170B2E9580Cb62cDEa9c0Fc05cD1971e832E,2
0x4b4f722902269066dd7f6e371e889969B47dC664,2
0x4B650C99695C04D78E51336dA18aBc8f4dB34040,2
0x4B6974a237B242D1d32311e1e6976d303b38a548,2
0x4B6F81B96ff4013F1fF05A96Ceee73de092E4Cf4,2
0x4b70d83dDF82b1A70286d6e7610A3f3d994d20B7,2
0x4B7A3D28719d4c0081071d04dEd1F8e102618af8,2
0x4b7E1dA2a70276f7594bB7Fe025564f22fDA9D13,2
0x4b82324F146647fA5F65C4FF27515BD740adcA2c,2
0x4B86444DA383f3CCB44f51cC7EeE44035e86F243,2
0x4B8BbC30e9A634AE60509ee3E15dD773BebE7e12,2
0x4B9039De4Bfaa6571b7c9B3283865Bcd4a5DC5C9,2
0x4B90d516436c6679bE8E3f9c5BA63DF10f9B0340,2
0x4B92521dE294625d518Fa39943A0597a6182ec12,2
0x4B97eBED36c50Fba1E6Bc2FCd6d6f5DB724BA663,2
0x4B9eDFaDE2849698Be6BeA22fb84d0fe0Da3A249,2
0x4Bb8DF7b0c14Ab38c96920c9b04493977000EFd7,2
0x4Bbbd061Ba59F7Ce4E12EF394AD7a888f691A99b,2
0x4bbf76CF6Dd12d98aca6ce669c254E9b62421BCE,2
0x4bD1E62c3BBc1bFCCBca67910D8B972329FBDaee,2
0x4BD8598cDcA1b218F2f964f3832eBBEa354383B8,2
0x4BDa8c8503156cEDB900297258c6AC572Ae45bf0,2
0x4bdaD539D31747702CCDf2dd736719e9e2ED57Ab,2
0x4Be013f5dd55bBBD10b4e136cC63bb0233a82b37,2
0x4bEc5a495bADfB6936Ce26C5f10c51cf89178Fe4,2
0x4Bf2944d4b44592110d7bb79Cd7688C20dEa79b0,2
0x4bF526C312809A033f0B8fD0F4b121FF82EE514c,2
0x4bfa4324DEDd5f721600E0E796EDD9c810D1533e,2
0x4c0a68DfEb9b94CABAade492569b7A47c0E43A8c,2
0x4C0aa6B353C9d2d295ccbFa1DFb278F6707a5C2E,2
0x4C12647eEE5B2AB6c11cf9C531f4d62e50e67D4C,2
0x4c17c9DD3674dC25eF84F2DFa462D6aA133E728d,2
0x4C1Ba8fD11441444c275585D713786CeF30165bF,2
0x4c1D46de22AD3e480C1F2Eef9B30315bB58BAB25,2
0x4C1da486bfe4c76F8Ddd8252d917E74fdd33a915,2
0x4c1ffD81F5F5AF08b950A47E2d158776a1505c36,2
0x4C22b93Db1F7A14Ef03BcE8C5f6e138cA585C947,2
0x4c26858Fe66C0122107218971f969fCA13aC0665,2
0x4C2f7c5d715279DCF68E75d0FE228130C418b07b,2
0x4c313afdAb892C4ba95A42A12921045ff14F2882,2
0x4C34895E3B8CF08bA4A49D8eB5B10D749D0Eb70C,2
0x4C38CFf0A8C27036c014e218078a292A44467A20,2
0x4c3c159482eB760B7eFF41511DcDD258BC208a79,2
0x4c412a39EEb4e968582383E89358a23176888888,2
0x4C480925Fbb69B55a3d6F14B7d998c7Bb742a39f,2
0x4C4b46Abe88F996d1B3B4A8Fa41876535675ef1E,2
0x4C57d59c53d20b1531D37a7f1DC8313DEEcFe527,2
0x4C66D0E24e36E6cC788634A6D868741eFA782c9f,2
0x4C6B0650d0B6c7DfF260e8860266a82E769ed6c9,2
0x4c6D3e76ADB3Adb25953f9884eC0362D081f210f,2
0x4C6d679eac539bF7c5a0b7ebD8949aE93B1e5Ee9,2
0x4C76439779836bdd0ba5F6ED1D520e62955b8a6c,2
0x4c767B22346902F063A36607dDfB23B96A3eB8C4,2
0x4C7e7d97F3b9f4f432d324D100513D1B6Ec00000,2
0x4c82F3E837C30D86d12Ba774FFC45431A348c350,2
0x4c876465e281decC05597c13EE5275276d491b37,2
0x4C8A2dbF2b5eAc9e47cF952ed16041f58A782b82,2
0x4C8D006b3770B6212AAE890CE8dBEB8f24D363Ef,2
0x4c9Cb77Af963A631E1b62492CE104344A5cC4B46,2
0x4C9F5a4B0563d1bcdec67ffE545466B3E07eF5de,2
0x4ca5cF35f1d2513df45688F4f38565c50979cFC1,2
0x4cA62a5AA48a3D90dfa4f1b508BFD69ed3a87933,2
0x4Ca685Df1629F8F630eA0E8B28FE051a67E49bBA,2
0x4CA6b786B406E9CD072ACDacAD96C707691FE795,2
0x4cA75d241d8C6b7ce269d0b8Ca328726bF001dC4,2
0x4Cac04e3b80532Af1ba62613594fa29b7819FBd3,2
0x4cACB6Fc3663433eaD88C6F80AFb9c5e4F37896f,2
0x4caeb72c6543f693E620cd50077b30C8F7465A04,2
0x4CB416cEA244Cb0e3c6F492490ED86b6dD085C5b,2
0x4CB45a5B3B52760448700afC36dcD1122a408982,2
0x4cb487702D6Fb69c381e85C99c8e490b082Cb264,2
0x4cB4C6BBB5a0Df0030276ccba621403A9DA250BE,2
0x4CCC623C8Dd8A6cBe94e706f67bB96669d60dbD1,2
0x4cdBedfd6D39B621682dAA0Bee96E1236c38eBFc,2
0x4Ce0139c7Ef61945ea910f78EBd9DBc531799499,2
0x4CE57c884cFDA4Cd4FA9000e7Fee7FD9f46053f2,2
0x4CE8a4D2C5AD02F52397023D35Fea3230931deD4,2
0x4CeC59973e8302faB40C389bFa5A18FC9aE1630c,2
0x4Cf0C3aE896688b4DD31A6B078A378d1F3508DC7,2
0x4Cf2f4930A734c8daEcBa0b115450a788E069ed6,2
0x4Cf3181F6d911436b5ecD25F4c1ef08F5E16842B,2
0x4cf67BCDc26d645E5eABBaD85fe9cb13cCf05c40,2
0x4cF6a0cEF809F1F5EEF4162d7c8F2117708E365F,2
0x4CF849eE7b50291e6f3EEC57e336C8D3772A06C9,2
0x4cfD427aC7217ab1768f410Efc33a37132b8f3c9,2
0x4cfF4505F5681675dBC155c30b01E797548dA4D9,2
0x4d0740d813524c4469C7b7880Bd5ae1a084b8D13,2
0x4D09C5DfD949470c684E6D537E24C399c075AD40,2
0x4d0a5730ACAA380328B4E4C687407f17a90C23C0,2
0x4D0Ca81bc6775C3AA8af83Ed93246fE853707B15,2
0x4D10446c5488a74535A6cfD57070D5399E50bc70,2
0x4d108FC1D0cD7C14d85996599D6C3215A92a5c47,2
0x4D12bC831Fe73C847908Ee6B6C77b587B6192d52,2
0x4D1480d245FCEa63C86bEe65b4D282f93eFd8354,2
0x4d1604E5e9f18d45c253cE47E69B8DA61Fce4Bdc,2
0x4d169Fa7D71EC9d2Ad7013a20870A6f989F4B580,2
0x4d25735f5f3b3E01A056b3B8b594e77Ae9732ee6,2
0x4d298D67c1D146f5061D4D2fDc55dd436FA1b60d,2
0x4D2b3D93833bB77D7bC6771b8673263aA2610B79,2
0x4D2F1Fea34355202Df86F7DD49EAcb9B2772Fe72,2
0x4d33D32f2B1Cf822669bf617960FC49E7CBec78e,2
0x4D39b1885bD7247882Ff0E25F423d7F83271100E,2
0x4D3eB9DEFefbaB7eB2c717F33C780a1D9BE389a2,2
0x4d42d679cc113fF293f96e1b820209C661Ee32e6,2
0x4d43b234b645972785F11C56bd5bF078AA9468cD,2
0x4d43dd981c143781F1549a276B5ba72E147da633,2
0x4D48E7d4FE5509A301dD43Fe7e8Ac11A60f03838,2
0x4D4a220b82f7FE1365De6DC46dbdD13e225d9E8e,2
0x4D4B2Bc7582B9839F6E6B543589f2B3ed6E85E45,2
0x4D5171C2fbdb93779fa29E7f7CA861f294a75808,2
0x4D5321e379919C4D54554092c5A0Ee49B197f242,2
0x4d5D815C87dC7E81161B6910fcC746b4781B2FcB,2
0x4D6388C003DA633079Eb074C797253ab2AE98843,2
0x4d6cF7B2154fDF0Bed836B48F8aB8c026a637b97,2
0x4d7e7805A4d1334cdB8E7733b172Bdb457fdfF44,2
0x4d809BBe0dB77b1aBd168D4B6D0a9858981B79f5,2
0x4D80D379741f3086bD751Dba38f7920F042Ab6ed,2
0x4d8dca7bCB04A4Ade5547B15B327E592a7673E0d,2
0x4d9337A00c5bA32e206213421065eCA0f55FDe5B,2
0x4D9444cE5def049025CF72fBc4F0365a889E7ebd,2
0x4d9938FA061493eD5e6EF842e03C58B973128129,2
0x4D9D2a7795B18382fAB70552B31633DDF6b4A8fa,2
0x4DA73F16eA68796CF8cd5dD26F90B090280f4517,2
0x4da9F27C2656323C2F67fF87841BAFa4ec5317fd,2
0x4DAa5eB293dD34CEf77502022f1346C7b5e4936f,2
0x4db02Daed33ba679D8C4B348A0445b2FA73D6181,2
0x4Db180f14A91d3e01776DB3cA2993676543C2A06,2
0x4db3d5a77d0e1d2727dbe1b86104627ccd687d7a,2
0x4Db4Ea0d79A39a114e310f15138D74911A1FbACC,2
0x4dB791031a793c1aeFA3214ad2EF2223E11d0a24,2
0x4dBa3539F358cAF37Fdd3b8942fCeaf96E4ac796,2
0x4Dba5423d1e1d93e39Bf4Bc66D3B51DC61344444,2
0x4DbB96600CDE1bda8606d2d8711BD694B0e8C3EC,2
0x4dBBE111edE6fc46B969e394E1bF297Ac4eA7BC4,2
0x4DC4000592c4FA637f98762919Ef36fD1972e446,2
0x4Dd39d1D416F320e3C52a87578a8276E9581eB40,2
0x4dD3F3280fEF9d8a16699B0126d6998796A803f9,2
0x4DD4dc56657E1BA4801D4a9D91954fe43d7bB795,2
0x4DD51a57106b95c1d34df44dDD925dce4aD97d21,2
0x4Dd8198aeDe9b4A81aF33e520D646e92759ee463,2
0x4DDC284681c4291B6DB64a6fdb5b2D10D40d1bf4,2
0x4dF11DE1F885482FB1bc5827F7EA80950a526284,2
0x4Df5512d6E52be89599E090E3f85c43DfE7a3a93,2
0x4DfA8BA03e8E0e16A3b47B000923ab7a98D3AB95,2
0x4dfFC6216e0192869706C90a4d48011309Cca410,2
0x4E04acB2eDE9252dad4907BD962cB8B8cb0C3C74,2
0x4E0673B6BdA872A711719EA6D8Af3CA8F797C0AA,2
0x4e0ccDbe74B3cc9724A07932C4E3553b569a75CA,2
0x4E0Dd0f2b2d82eA7189F2faaD4daf0EeA19C2519,2
0x4e1a5f1Ca11e80291097F579B394248e348fe668,2
0x4E1bdDa540CfD4c829768987D587CB86FaC4bd5A,2
0x4E1d43cbb8FC6ABB6471d98223767D24E58Cda72,2
0x4E1E3feAb1c36b80e19541B3CF77baa7f07Db5d0,2
0x4E27286590Dfe8F1781BbA5FCCc87083bC9386a9,2
0x4E2cEEdE9caa87153aCaEDDE4784e576c29B5C66,2
0x4e305Eb3cbF2b21De29faC1B3452422daBfF011d,2
0x4e36f9284E781E61D3EC46D461B9A00b4795bd85,2
0x4e3A90F0A83a0644f896b33a86ed859B4411e329,2
0x4e483eAc245faf4e76f3f6BfBaE9dA8abc3E8bEE,2
0x4e4C4f872Fd20922e550BE8D7A0C6B515928e548,2
0x4e54bc0655330b79d9BEc6D4e97aD817873Cc13B,2
0x4e76380789d9C25081005342b4be1735d6b00728,2
0x4e778f5B7223432707a4F1cCd1aBeFCBc7a16be2,2
0x4E83233DaE7226Af15fF4127fc955f4fE60a3a9c,2
0x4E8649Be40aE67EBbcff99C291B92eE03015917b,2
0x4e8D0422668e835a92de54C4A263bF1f1ed235Ed,2
0x4E8dA66755131712A7006e024BB57d525013BC88,2
0x4E8f93e2321911A380Efb74F380d9fEA462ad29C,2
0x4e920dF64c3c9f44dFc548aBBFF13c49E8E93b41,2
0x4e93E1640c26391c2e366CAE6D7fadFf49BF3865,2
0x4e96f31BcEF69da3aE39A57C49e400423954BdBC,2
0x4E9966fc8fC3c21d07251Edf2f6145297C99846B,2
0x4e9C79ac7D08EA85aB12Fd49e877fa1E6Bd12a14,2
0x4Ea0a90562995A83Cf92d6D1b1605f990Dd02007,2
0x4eA5e98f20b191d8391ba523Bf845341eb1035C5,2
0x4eA84D27bDC7E6f4A6FCf2B2e820169D2C42Ded4,2
0x4Ead255CF3808e488f7b53188f43E93A84789A08,2
0x4eB9d653492b4A6c568E5B453D22EB7304eFACa7,2
0x4ebAe80a7Cb3D9C64bdc14442291463F8d8600B4,2
0x4ed560e8A643a79e46f82232745Ef8DD55B0DaA3,2
0x4eD69E3CF3F2ECDb85c68F95f41dcD1C6f086148,2
0x4ED6f5273C9d5eA878479f25Aa5f9E5a2902aaF0,2
0x4edD4EcE072436FAbcB20FA186AFE9c2aD6A2b0e,2
0x4Ee0B958B69BB4044D17B14AcFFbe576879eD196,2
0x4EE1Aaf5f342BdfE3A242E4b85E555aceC7F99F2,2
0x4EE28B0FB9c5C9B5955F92A6373CB714fAc6b930,2
0x4ee339a99DAb69c18cB2042f14B2178d2b7F9917,2
0x4Ee5DCAEF82Cf491eBaf810318191e0AF961DD0D,2
0x4EE62a58368159fa2e4bde24a76ADc384F69AC4e,2
0x4eF5490705E1ec2c6AAF0bDdcd5F0756d72a46E1,2
0x4EFcA7Cc8058d5acD2BB2ccD2a9430906291CDD6,2
0x4F0244D2c718d19b6F96539fBE3624E72eFD265B,2
0x4F0338F76D1cb42D5D04Dd865F812E81F3AB2A99,2
0x4f06fCe46266decD9FEAA464cA9EC0535221004f,2
0x4f0b9516cBAf1A81B8A0326cf68000995814C508,2
0x4f1865854ECFd0afAF32805aa4F9744DF05f547b,2
0x4F1E8F939EdA9f7251d028B2d1e3144FADa4Ed70,2
0x4f222CF3181c880D9D906A0aF0fC089e95b4F658,2
0x4F234aE48179a51E02b0566E885fcc8a1487dB02,2
0x4F346297926823c6c43673310ED3A66Db08bC70F,2
0x4f3562B7B0171D80AD7D5D2c4D64FeB3761a5662,2
0x4f3694C46B2b27f80518FFf482f249eeC25b1885,2
0x4F3915e937E952eb07874080154933634D093630,2
0x4F3c4D3C7E5C8cFF06c430a7e19Fe3777db7BBCF,2
0x4f3d383469bA3b02cE3bE26430dC9d9A94466666,2
0x4F3F33b33C84aab6B5F086C517bd3F9d82182134,2
0x4F3FCD089f214fDCc50475728eacb04e19F1fa87,2
0x4f4451072827651b724F00693EFc8Cc2c3FdAdA3,2
0x4F4A140E9B4a8403792970C6b5535ed0AA32c8A4,2
0x4F50f3F6c3c1094DBEBCF02bE8B0Fa976fF6cFe5,2
0x4F542f65488B94fFe3fb6D86B92448223Fbb14D1,2
0x4f5CcC96a7E25b600B35e57189699e9859c9C8fa,2
0x4f5F6438fd6E81A269F3406274DA74E9715bE752,2
0x4F644215d4a7AdC33D3ACd1bEB76a808d3e9ae8A,2
0x4F64C6b8333F74890b0ba0AF4d480d8ecce01e17,2
0x4F66509d41402De9B0C8bf21A2B9116844877702,2
0x4F6657EE388c541F07E613031F01A9CFf8f91C7B,2
0x4F67f52147c6BC03563772Fa3D7AF3adFfb92110,2
0x4f69E0E27914929a80D1D8c4BEaE13fCE3c8e216,2
0x4F6C8c4006eC1D75c8A708147f0a2f6938d6AB6E,2
0x4f70759d73Ff53299bc439f7558DDca84f451696,2
0x4F7081DC5741185b910438A02dF4c3EA51e810CF,2
0x4F731fBae19aB349ecee1f1640C1101fee4483EB,2
0x4F7a03BE24d94Eb2e21883E55228bB413E064935,2
0x4F7aA7558d42FEd73D44B40518dA77a6D8828561,2
0x4F8633DdAe2f74EA0E31468f58376f338f1b2550,2
0x4F8D071F4cC00A07203d7bC064A33B653517dD14,2
0x4f9407d51823B03EA44dC00264aBC7f4A94DB3C0,2
0x4F9883C7331ba59A56360fFa3c332e0Bc09029Fc,2
0x4faB7063116b177BFc6643482fb7efd941dC321E,2
0x4FB459424F7851c50a9973be9367b1fBc8e6a6A5,2
0x4fB5Ae963c4fDa03D98Fc3ff8ff287FDF49dE548,2
0x4Fb68f7DF05Fe69F6EBa44F631B4FBE3ddB1e1d5,2
0x4fb6C43de1431B1e71c1D3DaeCf953412E9e6F36,2
0x4fB79d3C8f6f3A383e35462714408144Fad57F89,2
0x4fB871E0C0dd3474C985c8eE280fbf512986808a,2
0x4Fc059636A6AD7faF5A2B672B6a941D4665F7239,2
0x4fC196cE178c25b9EA9AE6f7e7CD6Ca2EbDA91c6,2
0x4fc79C8c9a754e26Bf8B9D114Ec09bF72cd91c8A,2
0x4fCf9d5B3DE10546bFfF9cB776fbFE037DCe587E,2
0x4FDCc6f0184b48D5Cef42B636663579F008671Ad,2
0x4fe3D4b15141cFc31378eE33795a2CC69D77290e,2
0x4FE544A62391ED4128EDecf38AFa27cC48e940C2,2
0x4fe6C9D986D30791d87692490a4c0C280ad90ABE,2
0x4Fe9D034F50B354D38b9Cc6293ED87F3198b315c,2
0x4fEeb56a94430a1e6C91C610186e8341f24e8013,2
0x4FF25aE1b4bf1ceE786D5458B43f116D3203D374,2
0x4FF3D90A589Da2A233F4F7d16E7861F48bc5fceF,2
0x5002c250B79641810003f89149A7a9ee558Ec6a1,2
0x500E03B3f673F055BdC95352dEe58E2E56BeccA5,2
0x5011b56a8b5e733c3F074DeeaE46ff4590F4CF00,2
0x501435fE524e8515fA6B7E0FCD31FBA6dacB6fC7,2
0x5017E2B43F188CAeA685604E86557A03AC2c0A76,2
0x501F2A486848547609D8b07aDdfD0Fed04E4B9Ec,2
0x501F749615CC2ef56601d738b07eEeDFE03Ea44E,2
0x50224F3bA53acFf2b9B992550B6c6Df228799999,2
0x503D6b9b6b1C37560C98f2A38d99F557F2db054e,2
0x5043144F14A4c726461d38EA862959c72700Bc27,2
0x50461cADF6f68Af99BB4841344969A1c39cF85f3,2
0x5046B18703a925fb98E2a24f01B8459bb3fE128A,2
0x504D27211365ac04d10562304cac4B5e75Bc1ceD,2
0x504f998AaA20904Da32C42c6e4473D4e83A4BDcA,2
0x504FCcC6e4e241EaD67b075c3d0BE31378aFF816,2
0x50530095702552E9Fa7818f60E6BdFf5D0540Af5,2
0x5053b78288E799D08BceA8D26f239DE2ecBB0Fd9,2
0x505A6BEfC2b24EB4c9C19035c16278F0FDDDc61A,2
0x50641a31170bdC620f1c90f00C9d8f8e6E095BD6,2
0x5068aF52ca575EFC0fC06217CD155879aC5b5748,2
0x506e81341e02Da4C692d45a7D7aA1A0419d4918f,2
0x50757C4FB5743fdf2F3e9574D90399Dd33bd2EF7,2
0x5081491791a8069989eE7966fFc0952c2AC6d467,2
0x50843B9921f050D632d3b974204d41FdC6FAE4b6,2
0x5086C535a3AD2F8B9113e94F9f86D65524cF71Ec,2
0x508e465d144444CBADe3d6ED4695004e2a105cD2,2
0x5092475fa842C8AE36d6ACA97624c33c151D0A0F,2
0x509380d9bBFf0d874722fA0ff9DAA8d2cC9d9caC,2
0x509732667918c533B160dd7E66E35E64e994B067,2
0x5097F85F9312D5e2fFd16C3668A63a623221f16E,2
0x5098236043e2710D29408516F2Ea9670931F02E4,2
0x509C7569cfD4367ad65aE8CB9F282C618fC44Fd1,2
0x509d2b0056DF686c6c8CC639f6fc173791410fe9,2
0x509f0FB131A45Efcdc9d5f5813edd6B8Cd7cdf8e,2
0x50abF59E28bC69E942A7b9e5dbC0C35371a36831,2
0x50B981DebFaAFd9D90CF0a395892Ab2123539a0A,2
0x50BD57E824238d7b30DB37284d2f0303a942aB66,2
0x50C57c918D52042bbD94b92C34E27DBD7c4b37cE,2
0x50D781cC9B9de19fd7a33618F01163B48c98b2A7,2
0x50dbb72992a4e8216b188733ecafc0f64c2c4322,2
0x50DD06055D76Dc725498bD007b861f9d6fc899e2,2
0x50DD890115b6AD1CA8a21cb8c58A9Eb94df9AaD1,2
0x50dDC50fD258bbCEa4c9b6B10D080364B00B5F66,2
0x50dEBBEF13235C83e150CAFC4132B844Ea773990,2
0x50Dfcc2b1CE4059247bb65Fb19d1B28972518F74,2
0x50e76b3Ff960a04DfcF7eB6F15230eEDB5fe36Cd,2
0x50f267d40715d9fCD64401DdB8C93a74fdF56163,2
0x50F67B60B7e0B7E3Ffc6753402B18eD5dAE6D4BC,2
0x50f6FdAe11E9a8560D414C4925834F0DD9EFc40E,2
0x50F8C08b0124092E1001b355f4b8Ae2df85F715c,2
0x50F9b9DDb0e68318Ba0c4AC6f92798832D7e9bD1,2
0x50f9CC9BAC386dD99624662135187713f1744BD4,2
0x50FB20cD5dD9D70A60A17ee0a3A0eFB75665B030,2
0x50fbC8215ebA4f660EE01A79AEF04442682aF968,2
0x51021BFa9313A2770De766eDbf39dC43c47c117e,2
0x51053be2205a08d43c49b82172657fAA0788bf0f,2
0x511A8643293F1a48aE3C00d4469C811B5B315DDb,2
0x51210976cB1BD445E96d23e5bA5CaDe3975cf4d5,2
0x512C579153AC6fD961a7d9e7b19281B855AAfbE1,2
0x512CaE479B4b61b6402E973bD4DE0b65b53e2786,2
0x5131eC1A6b58F1968175ab460915539E1FCd6942,2
0x51361ba6726A34f704B106d730B665A0f5eafa94,2
0x5139660916764bCc208122163Af93292d36168E2,2
0x513AC0943Bb47f85cB5f88857aE858FC226E46D2,2
0x5140B49CD808f79C52b58e2A2E57b03445a62b27,2
0x51429237ee32097C3D2C737cbfD8f609cca5E35e,2
0x5149Ae7F9445E70331608EA03C592c078aE7399D,2
0x514C753595fbF9c79CD23e99477F1F61DE93200d,2
0x514D1105c57fBf143ee128EF18aa430FaCDa2151,2
0x51533EaB20f8A62C57DBD91209C2c94f414Ac322,2
0x51553BC6750453034F592D257A4e878DD41929dE,2
0x5155561a95208DdA8D0B7c1F28F38De4F5Dc4c5C,2
0x5159221B1595E0C5b50F73C58c9c8Cc52Af14f69,2
0x5164472505E4AE0ecA641E1e72F1C47dd32D1371,2
0x516c8C1ba37449FC90Bf8Db3917e306820289370,2
0x5170540b613BB711F0FB24Cb8F987f1869D237fD,2
0x51787a2C56d710c68140bdAdeFD3A98BfF96FeB4,2
0x517C7e02Eb39e14de1e3c17Ec22D2222aaD1a885,2
0x517C95908113dA5238339f88E63ceb2B31F8dD94,2
0x517E536cB1d15Fd311ae964bFF71B99cDf090e75,2
0x5189DB2Ab8a933E1271CA3af74bdC33A27189bBA,2
0x5193dB56210d7311C1dB65ACD5B77eF72f666047,2
0x51978f5ac0a175005F9CDaA252d126AcdD92c64a,2
0x519B1C8336921Cd0acF370247264CB1D9087080d,2
0x51a0483D21BEe6884116271D2Df8638512f8aD65,2
0x51A250b981A97D563486c564698c741836952043,2
0x51A38f21cc813Ec40E55e13073a0111cD393DFF3,2
0x51A46d9cEA09a2642e3Aa6E2e4Fe17bEBB0c538E,2
0x51a50b0f55fB12d893e1d0fac84522C6Aa0E0232,2
0x51aD8364D482dC98bD047D01640f5a8556B7f731,2
0x51B85FA3CB2583eaD3F31EE7516d75D94F02CeEe,2
0x51Bb283412607420Aa5d6EF13ec82a50C448a925,2
0x51bfB1263d36Ce0794E346c2DA4D056675f78C19,2
0x51D0A5CBe5666ad3EEe303f0d16FcDe9C5Cd3009,2
0x51d9dA0fef827F6eF966769635A18A5AB4c4A602,2
0x51Df32CA31CA39D6168D92B552c8E4dC2cCC0239,2
0x51F3CEE5D7f748Bc0c66779Ce87CBf522A9D8C90,2
0x51f83314748aacb4479043ad46b6f2Ffa4c6a5c6,2
0x51f90ab6b77b4B36ACaceE40B08f00A228BC978e,2
0x51Ffe129B0C5699829aA99b892F21658527f5EdB,2
0x5205f4F01b6bc689D04e11e13D76A1f0f1f15DD3,2
0x52081A6912CFa64968999FbeB31387446A49B207,2
0x520c114e845575Aa42cFbfB3Fc2bdb29805dd94f,2
0x52120EFaa8ec56C27dbEE0CBc5a03bAc2ad1bB59,2
0x52137377bcA37CD138A57ee0F86D70437F234d79,2
0x5214453eA0181931DA87ABC00C24c1babf65CEF7,2
0x521D0eb9EA6ecc29e7B995aBc329490B4fc234f2,2
0x521D3A852D12582DfBC047Fa82cF93F46aC8C93C,2
0x52217eB9891eeAD9a650Ff347414d66568A54DdD,2
0x5227e19097eC0344382d65B1a30Ed3baE93A3E10,2
0x522e5041826D255366Aa219b08b1274dB4eB393A,2
0x522e787CF6BAd6276686d5c0A3d554ddAaC1Bbe9,2
0x522fc79F7653e4C34055DfFf834aB5d676e1c8D7,2
0x5232a33E75Db149E6FdD9D0616f49f97FdA1c466,2
0x523372b151bc3a629012c51Df6B73094DFfe8Cbe,2
0x524518d741dAf7FB93AAa652B1EDa9D002079cb7,2
0x5248c0A6480b4eb6B5632c52bE31c7B121DF86d4,2
0x525Bf4e98578d6719629f6a68EE524Ceb19E67ac,2
0x5261434875b822be2c3dd0E200D054192d1e88e5,2
0x52616DaF9dc68468506A84F9b5C11079e21d7b4c,2
0x52665B5f609aCF6fCE1a3E5f57DED27f24A78c80,2
0x526A3a47Eb7301bBD51fe00617d2e7Da50262Ef8,2
0x526c7a6FB6AAd38c954a2ed72223C88eC5C092F8,2
0x526eC0D1a5c86611D6E0f430C6d6eb0Be741f54A,2
0x52739539EB39f60Fa4Dfdf8718233f82c4733BC2,2
0x5274725492F84678C19aCA3Ae24115201C9FeEB5,2
0x52774fda0dDc4248b41E2bf90AfDf751D9B99999,2
0x528deBA4b0257493e0674b60cAFC8233f95490d7,2
0x5291CdD9BDfe56791114Ba872C0d8f864d7cC2a3,2
0x5292A4b639d3c8E1f10022F2AE7A36e41bD591F2,2
0x52969cF071492B067eaADB5B463569Bdf924358C,2
0x52991cC18018e9DbDd08C3E223AE622Ade9c1f6F,2
0x52a027F9289aeFBBaae67c4c1F31058013ABC699,2
0x52a466C326A549CF42Ba4e6257c617Be0309abf8,2
0x52b0491cC1075Fe777CE211453cD2cBcAE5D7dF2,2
0x52b54D56878d69992eCd3A3DDdfC06Cc555b2177,2
0x52b80e7971FD5A0fc94214418c24Ef89fEbA537a,2
0x52bE512790f3fBDd0dC228eaD25c993B396185af,2
0x52c63228E972c2950792fF650AF3D777cfDB1aDa,2
0x52Ca37A076EBEf8802a400F7549b65434961cBb4,2
0x52CBf88e4F64edCDD7a9aE9aB05244C8ECd565Da,2
0x52Cf2726d12b834983a156F3084c2b0891cED62d,2
0x52dF13f32C2085A26CA5e9812C799dD7DA4aDedD,2
0x52DF3668099E3707604F8B6106974396b651D3dD,2
0x52E2fF06758326E6899eD5a1F1031089fFbD20Fe,2
0x52e37C91CF2A7AcCc4DFf9C47f44BBF0E7507Cfe,2
0x52e4Aba2c2118cF159AF20C53CB8A16F5DBD9029,2
0x52e50aeaA9c8061042ed48aD03da1aFa9b72bd8D,2
0x52EE4178f7A2f93C403dda30Fea8a32Dd0760910,2
0x52f77f9BFf1F860FD8Ed0992E75DD102c13638eA,2
0x52Fac6a09180Eb81e039E7f63e5284bbc6D2a94f,2
0x52fC63c08774d6a5551510FF9bbE1e64a0C8ebca,2
0x5300bAb3417232447d3948E839d227F96B109B39,2
0x53056379129c72C5947B97c9bA5Cb1Cf060d569d,2
0x530896580c92f1aBFfD40345f610Fb7424df7f93,2
0x530afC9aE07D0eB1587DCcea0056ad8017F8c59F,2
0x53167C24E33f7e48EbEA2BcdF5608CDC8313683c,2
0x5316F794E4D964991332e9736F48e235f1b36282,2
0x531c230288aa91A238e843C91f91a7A8C1186E85,2
0x531F607740CAEe9105Cd0e4700E9F51DE428a99f,2
0x532308E3F4812467860E0F1fE4f9659E642a2919,2
0x532386b24f9fBB5e4a2053e6460224EC3744e9E7,2
0x5323B7c3cC89d3a0f8641F6472DDE80DBfA05bcA,2
0x5324a5b4b941881bF1f6202eF5C449688BD0aa0c,2
0x532603CB9376b607F1A9C60e085C891c6ac25DBD,2
0x5327E5Cb2fD16C2F7dD16DD937EF9C1D9eD046fe,2
0x5329A2d07557736c9a2B890968B122620852Aed0,2
0x532Cf52D70Add4C0E0fE5eC64Df8fcf4Ba21Ae28,2
0x5333762F621C7764E61eCCcDfB0d21f5a574ce0B,2
0x53358572A2DABea7b51d27535c67eae7D8C40bb5,2
0x534A07EfdB02ca751D6b5B5E7b32C78C6F30E54C,2
0x534e595ea2320baDbDb8f0aA513510BFF538A2ac,2
0x5355aDb4a26705b73f5b87E1471aE1a807eab66A,2
0x5356369F12e1964c46886a79f573097A25146ED2,2
0x535FfC444189d3E714D1893F2995E4642f3F458b,2
0x536D28695dbCEa51Fb1737E1bE53eFdDba1218B8,2
0x53828B9f475ae602e7beA9808F3DFef6D289AD21,2
0x538dF212DEf9d27B646B733cB267a69cBE1b77ad,2
0x53902b8281393bA045fEb4DDdBA313De8c288223,2
0x5395deFe712491e699D9551cc45eeAB1f02372e8,2
0x539Dc849f37eE6F35466401A7fF84BDBd919C5C9,2
0x53a11c5503A6c91b3a2bab88c7162deCE3FD9787,2
0x53a4C19Ba394367f23b2980105cbC08792C392A0,2
0x53A50659EA434427c214Fd2a0E5596Fcccd8d8BF,2
0x53a7e46B1c1705AB5D8743e510F25147be9bF1fa,2
0x53B0Fc8b70ED024B5Cf54f94A671C821f97Fd9f5,2
0x53B548743247745134dc847Ea337Bae8Bd3D8f9e,2
0x53b6BaEe8DDB9f9624d279d0FA5eE85fA0ad1229,2
0x53BEbD20781Aaa3a831f45B3C6889010A706ff9f,2
0x53bEEA12c4D86158dE4e1A704518E1b655b30643,2
0x53C458C6D5605F3aa0539180Df46EE3b1D5645bd,2
0x53C82e93BD3DFfb53B685aF1F7Fa56Ac36371f9B,2
0x53cc8632da2B8761d2Ae46DfB46406922Fd32f38,2
0x53D155bF391540eD3696cF924a69e67a2D2c6462,2
0x53e18CeB086DE48066d86e892A63eFEa63B9f848,2
0x53E1c5c6f1c1788285F384F287F3F538A7E4ffa4,2
0x53E7dEcdB3aF0737Fd16a24E11a5a42f5EE84F32,2
0x53f1B3d8990472d1ADcd7b76348E5508DB17ceA0,2
0x540407916A74b6Fc32E32d4A9319db37A35f7d0A,2
0x540823Cc96C3F78EFFDa65Ef9F03c07DFC20d37B,2
0x5409c71b144B7620c67546025eFE93c894D69a02,2
0x5413321f1755A1a48Ac34f5E2CEB46Ce069d4Fb0,2
0x541cA077e6F7222Df07634d6a429b05A7D0aE520,2
0x541F2e7E5876C6249432bEF67110F7Ad1D518aba,2
0x5420D7e50736C96Fc21B5f1306b428062605300c,2
0x5430fd87dec076e3D9caEDBb0f9b8c224be31DaB,2
0x54385DE912c0f05423c22B0D200Cba7e8fa54733,2
0x544071711d26867EE9E2Bc6eB8146655DA78E069,2
0x54586A2ad2a1E3c3DC6E5f8F7Cb66a04Fd4D8A06,2
0x546275D997FAe2345b759B94e5D2fd1CD7dBBbbe,2
0x5468697C64d7f7cbf35e98553692b8Fb54a2D4F4,2
0x54692B1Da9E13CcdA79f7449190c444d044ed478,2
0x5469a029dbf2138723eD005634F4Baa951b2Bc8f,2
0x5469F710255b9Ac0Ff28a926749489cfD4BCf877,2
0x546A0E7C0e7785AAfAC360B865A7f08151d50F4f,2
0x5470c5a6Fce7447aFd2C9BE3A0F25e362C093661,2
0x5479F2d86c13A02B0a1Ba7DCDd40aDbEE03f4329,2
0x548176f51CdC0eC6301D0E177e93C79cd55B1C3B,2
0x548a83CA6A293271214044aE56ef8523c8415A4B,2
0x548bFD7c004D8d6181343075EE2EB7adEA81dcb9,2
0x549647ff73A0E6868bA60Ee7a315254820eEBeea,2
0x549A2f9BeC0AE0D746A5e884C012A4bb79D9EBaF,2
0x549E6260A11cC1542FD7D51FA4C9d67729e2F721,2
0x54a3a656A6cd3A1Aec8ECFA8E171B2FfB9B9e580,2
0x54B7E5a66273ee7ffe705d6E946E1B725E614aa3,2
0x54b863e1a8773385d9E4416FfeD96b8456369310,2
0x54C17221eD0a4E8715a7dFF3049BEe33c1177225,2
0x54Cd3a8ae39A242556a1B958BBcFA5D80846989e,2
0x54cEBdCD5c44Da3727708f682d6EC464329f5883,2
0x54cF2bC8CE96700a0d05EBd3EE176F583F63B1c7,2
0x54d36a8616e2852151460D29a3f722Bd9d2cC0f6,2
0x54d609D8C1BD232e4aeDF20BaFb42B5E638dA08d,2
0x54d84040548E23A3A46358E7D0c77E0F70289C9E,2
0x54DBbBD05a33d0720D0277e91e7eF470a479A2F9,2
0x54E51C7d91CD2F8EA1B22f5A7511AB903A72A77A,2
0x54e880Be8f59aCf6d299dE31607F98527440ca1D,2
0x54Eb8130badd59997BA920aE5fB591BF805525B8,2
0x54F304c731Ba52DE5f4503aD579CB529Ab421434,2
0x54F315F2812faFC65bC42e66Df486341a68C6fE9,2
0x55003460d5227AFFc1e8C2db6696AF70C669e5EF,2
0x55095821Eb164051727677Ce88A6fDbde08dF75a,2
0x55095fC6ba14C8e473E62dbe87950bC59904625E,2
0x5509F38682f56F818F8BA0F261988CB87Ac25fA9,2
0x550a86276B6fb49d5d4125a8464dfb92E2260AeA,2
0x550E25a068660A1a1AB7947C89381c0A6cD123d0,2
0x55147AB957d68fE7b2F2a9DE156ECa712Bc3C3a6,2
0x5514924020bb75642685346DAc25840C8db04604,2
0x55173ca03BCeeC259B7D313451e104F564855c41,2
0x552f01d67B352AAa38bC675e30ceD97f2451DF63,2
0x55483b35F2a9c32aF91A9Ce11e6570ed4A8cd5F7,2
0x554c8665710bd51b777892493684b49baEd0c952,2
0x554Cb2881c070D0BBfb4B4fc7e4216d217Ad3Be4,2
0x5553D1EB839b4438bc8c051DCE3FA39ECC177AD1,2
0x55559bf66139f9FbEff5566ae9162B80f42eeD1A,2
0x555916381037a8f46369B161CDFA647f0dA58a44,2
0x555C4f74be722FaF6Ba9b6005Ae1C2eE1a21752a,2
0x555f318167196268d19f7744B5970620d64A908D,2
0x55653fA68699131Cc11b7ef49042015C6f177B5f,2
0x556697364A2DF758073e55C0F8062F8D1349e5B3,2
0x55672F3bC82C8a5c9c1E043c87A705A1A20a4551,2
0x556C61fB7DF386aBfe8bFCadb752c92C0DE670Bc,2
0x557f056135738b4900aACDaba857b9493997F983,2
0x5583222F4e000A77AcaB610F33449CeEE6a20DC1,2
0x55877B3e1771BA25DA3c3466Ce5D8C41eE37d00e,2
0x558A2A21FEF7E25721def06b663B77dfF70Ae4b0,2
0x558BaD3A2dD6c91b19aeCfAe021179151238b15C,2
0x558C164fB387A55AEE137E0493b95FFFA1c16144,2
0x559697154B4CECBd349949Fbb2d3980d04dF1928,2
0x5597eAEe179766Fe267B6b7BAF5DF804369e6C94,2
0x559C966E89D4f94d7b9455410C50a252e6D93bd9,2
0x55a4e50c2fC54129A03987D21d88315EF1B97695,2
0x55A90f9f80BFBb227290621CC7f8c5b7690Ba70e,2
0x55AF0aBeAdC56ae3ff9E51Cf798F7a7Ea9EC320A,2
0x55B7B045c65effCf61a01d7a8A979d2c258B7a29,2
0x55bbe6AB7F934e3110F97C21Cdd878A482354226,2
0x55c1A041ED998de8519951dA474Ed538586e5e55,2
0x55CC5F2Ecf7ce5df1324F7EDFa961dbC73487221,2
0x55cceF5EaF69f413a981A49F3A405FcfEF5E4d6A,2
0x55Cf34223929A9D893C1EA402735a3a6FC6e5F74,2
0x55cFce6F38f2d7272E30B14fafe418946cAa876c,2
0x55D1b7fFb7b0b913C4ab09D6A148A9295Cae70A7,2
0x55DD0151539BFf618B16590036D7369997AfAD11,2
0x55E725025C6853845506cB7b2157f0F9CB4dD565,2
0x55F04D3b57Ef6338912C5651d1AAff2caF8b82A2,2
0x55F0a1680c9E5524A9C9C241DDEB3cD6857f9613,2
0x55F3422138e9FED0Bd81351bFf66c882550002E8,2
0x55F5958Ed25Fec9391DcDaa33A8fEfEf6A448E62,2
0x55f7Dc3536Acb7D2374F7E1A36f2A8e8F2535403,2
0x560740c9835eA48C966979EEb86939E495096da9,2
0x5609E960a2b34223de89143946DddA902129E89D,2
0x560C9e510B97eBE9b9d26d32853021C9f593D8b3,2
0x561959eDf5d20712c02658ee3ce6b34B458CCE47,2
0x561A7818742874bd14f05B3f999BaB1FeAf4c84a,2
0x561eA17AE80fA5DC46a4e2c831263482C0949591,2
0x562f5AfE27a3f1aE0176Bd39f67D4ad1cCdF79b1,2
0x563877b0509424182CB75D1250C062CcEf36B425,2
0x56387DCD905e3546f87E0391AE147F0520699999,2
0x563A0F8e8C5869BAa0ba25FE9e41c5F96dD1Ad11,2
0x563D11f2f90640004aD3e9EDebBdA7276b2348E0,2
0x56432f5F495e9a60EAFDe910e3a2BaC73716F4F6,2
0x5649Dc9f40A62C87D8167Db25c7859FbD7381873,2
0x564B3A3CF630D7B3b35ae78E47Feb074bcE2B06e,2
0x564e5277b68eF7E60ca2adf6EE62600945c6D5e5,2
0x5651400a1b23b547d4d69204e71c262e48de5a84,2
0x56529A51Ec554e89a2b1a10A8975890158c3B755,2
0x5654567C51e364B9875Aa9Ca9406654b7Dd83C27,2
0x56589a01e8c8df73d7acbaa66a446fc0b8d1e8dd,2
0x565aFE8F1b2A40ff88492326C5e8dEa15EFdBf7B,2
0x565e986F461E080ba251f0421eEAF7bf1499Fb69,2
0x566B5F4654361cCD3FB4967C066a41DB62A5a5D9,2
0x566D2C319036CAF7331956A12BA118f44b046EA5,2
0x566d76e03Da7E285c18E600c6CAbcFE82ac45CfD,2
0x5677F5289Ce1A248E1bC1dC112d54BD798308e35,2
0x5678F92F425ABa27F22781A37Ae6e8a44804eEa8,2
0x56828dfe5D51a64CE411C52186d55A2a2Ab563CA,2
0x5684Dfb90d3839C8fe6B852d19c653bca145274D,2
0x5687875D748f53b792a54AAE53DbB78BEdbfE4fd,2
0x568fE872c046cF79D713323c290E33f9906B8590,2
0x5692A0A07b50d0878976ba7C9d3d7914F8a8656E,2
0x569aD69ac1645516173Dc457Ab4120628307a3eB,2
0x56A399f2Ac464d3860D8700C5B8a41E69E0f2a2a,2
0x56a6d21e995AA4f1307a092Ac6f519cF4E1888AA,2
0x56a992b6894324d82575972270d1Ffee6A1719C6,2
0x56b569BdB3C0a23598D466EFB382A48aD3B77740,2
0x56B8322f212F929F417cE84DE40927a7fdfAB9bC,2
0x56Ba26093DcCAD6B4f63D5f090460F6120465E14,2
0x56bF387A3c5099E456Bd1b620C11cEd26B0bE9E8,2
0x56bF5500FBf1Dd014A9edB092BE343b7410F9b5C,2
0x56C1De63a188f1C4588819cb33E5cE8f229D3dDc,2
0x56C290E87d9d2027CF1E2D9f65707e0D20096EC9,2
0x56CadcF1264aBC36c77Ea10436fd72228Ad56b97,2
0x56cf714b875BfC3c4Bc4A7100ceb8d84220473Af,2
0x56d3461193A91Ba5e5F0E6C79cbC629993Fc1b5C,2
0x56d4efFEcCE8B5a4A4CE396784C5B455627076Ed,2
0x56db552729ef80A0C0e6fBe1ea98F19CE51939A2,2
0x56e04dd6fBEb145e3ced5e6A4F722a4Aa8EFbd31,2
0x56e5d86c19EeBA43466FE5fcf74C6a2eefa139e4,2
0x56Ee860AEfa530d1Eda453602aC08fD6b9334332,2
0x56ef0bDff48f60C70Baad806a35A934d9b3A9E5F,2
0x56f13E337Fa06538B82fE28d917C29730e1d0869,2
0x56f69B8D99B223272078f2255C01b6820B43B2A9,2
0x56Fd140c2ffa9BcC6601b3007631b8bf2Be6f25d,2
0x56Fd55394cef0b5D92D6c3eA3b3D74E8a8631A5F,2
0x56fF6258425c636b16074C93e4963Ade493BBB93,2
0x5711B688d3F4EBBF23dbEbc2886C515998B78d12,2
0x5717856A431fCAB27198B18aDCB0215E44F85583,2
0x57184a11B7911054cB91b96acCd94e12Ccb6E842,2
0x5721cadB463db929f9EC46899cBe67AE88051a0A,2
0x5722387e2950A8E8B8674D8c5dE18D60Bbb59F63,2
0x5722fA2b2162e6166642BBC94CC4196c098ac50A,2
0x57452F5d9E274DE4967128Be18DebB868436d63A,2
0x5745562090e6474ad677da65f005f6ed4b389e33,2
0x5745c21B62a38E0Fe9c74C84441643BE65d0416e,2
0x575271C65B0147054c113A7ad9Bd042F0ED781b6,2
0x5753Cd6bb11c2De83a44Ac1126203e1112f65c49,2
0x5755c5af94dBc78f49c04319CDE65c965994A789,2
0x575A3bdA9E94758b450d494268965794450f6967,2
0x575c3de16F318D629427946209d67FEDC1e575d7,2
0x576c335910802C04A34D1d241845B25365b24682,2
0x576cD682310BD7a1F1D76Ca1DFd0501e94C8C318,2
0x5773924C9070AEF68068D688147aD2B9f5DAf5A4,2
0x5777DA469aF845AdE4E0c89D7AEcA5db9879E0B2,2
0x577F9cD9da259F6739fAF9bb0e76CdC3DE4a5b92,2
0x5781Eb71d1A8B502E329eC33B8c59c1D47F85d82,2
0x5785C2A9A94CF28AB714B897717385Dd13f3A84D,2
0x578728e317e9d1Ad986872754F1aFa83D9E02B99,2
0x5788858ED0aD70DEA5056738b7FfD1810EacB84F,2
0x578ccB2FcB34D3176aA84072c710c8526D1E570D,2
0x578cD692Da43266E8821B4A52764FB19Cb236877,2
0x5790F29F5A091d36F215417F22F70a949f065cE1,2
0x5792F5cB5aE4716100c504211349Ddb63EB1D828,2
0x57963Bc5D04d6350ee431068959F3FE13FC5E4a8,2
0x57A00884f3547E876d651F07F2902331825391DF,2
0x57A1881d613EcD7223231bEF39F4A440366C7319,2
0x57A78473987a5Cc9B2cbaB9E4cb4279122c1B34C,2
0x57aa5eD7351BC8Fd267Ee1a0f77e8D35394E8353,2
0x57Cc3e2609f5Dd54E0bAc3A9dF6Eb36968b32A49,2
0x57Cfe855b6047D8a751c2e92F460293731234ADe,2
0x57E0f193e5D6BAe01317383CAa2f3F2264990cF0,2
0x57e981974A6E4477eC89684DF0F68f74bc838D65,2
0x57F65d97c9121f58fE414aDD531cc20853aF3c83,2
0x57f7022026698d4eEa66bFEDCd9849FdcfcA1f80,2
0x57f7648F4B1C7E9D504da5A46f968D65fF65D5BE,2
0x57f97E73f9B8Be53C21184ed72aC0E3Db2a1218f,2
0x57FbeabDBe30d228F16d2AcA20686a5D01a2977D,2
0x5802e0c5E3A0D87f9De0Be710Add41c54B4F1eb4,2
0x580c73bD469e6AF6a02cA1edCef345922581e7b1,2
0x580Ec4b434cd9672ae897aA7B65A4f4E6b5793e8,2
0x58189004270682dDf436600B141405B73d8dF5FC,2
0x5818eeC4827174099454b9CfadFEDE3B1B049aaB,2
0x581c1c191171e64B15213eB8Bb1F38367B7EAE05,2
0x58235718437388825f5D1ddcB15946986E712aD3,2
0x58237433bA4B0E7eA3775ab4C5e6Ba00B48b82cc,2
0x582ad77aae47533929c49dB27D58Bc0E68D472Be,2
0x583564BcbDe79F2CE578ef1a027C5F28Ef2926AB,2
0x5836130b9f34deeb78C7642f37E921F913E4C3d6,2
0x58371d22ec5d2AF6C0B4bFa971B60174dA05fa52,2
0x583A7Abae9f9A6f19DFA5a5A504104cC07Af6fb5,2
0x584614B40659CE0f0aaB82C9C0b71fB65d3cf573,2
0x5847cF44E08d0728645FD007eB03A635827E6Cd5,2
0x585555d5E55c5a75EB1db99D821CEfB2c9ff9D4A,2
0x58558fe0a380EFDFFEDf39462846A79cecf10851,2
0x585d385715056093818961871600A6AF704F4016,2
0x585EF5aB2e4Ed8bFfE3f2Cc9F59Eb41e642E9365,2
0x5861e04Ddceb1470506BE040a4168900b980BA0e,2
0x58642Dde254D8439eDB96aA6D1c581B62E375A70,2
0x586FcBb0e2d6C4D45197ed521B57f054BBA647e7,2
0x587e7D01C060A1037d0bEbc2eF655873B8C06C15,2
0x5880052A316066DdD3a4F19433FBF8f525f81b11,2
0x58868b8EfC27206874d7E909375795bABb8C58ab,2
0x588CF3D76EF57693e8EBcc1739292c7A00F215cb,2
0x589D1e36dBc4ae46322f414F223BAe5FC7Cf46E1,2
0x589daE50f5476A80E423F40E82f105fF3A07fB3e,2
0x58Aa0Bf5D4599d8D8003B53f37c5B27C9875dfE2,2
0x58aB5A89A6DfE1DFF93419ADFAD8986E173b3eEB,2
0x58ae235652792d398f5154b4360Ae57991C1Ad2E,2
0x58af388C34876e857150Fa918f4A4F2e90c3e0cB,2
0x58b984535e1c42E18Ceb4C320358350269f27D5b,2
0x58BD51EB5d1414255585010DF0bD30E663b1DB7c,2
0x58c77DCB84D387e70a71e7dE550F9887c1e88ebC,2
0x58Ca476481748830d54f825bb49fB388F03e643c,2
0x58cdDfdc306877E412b76fab36C9FAbb39926B05,2
0x58d3dA27C1abd1a687ebe49288331400966d8d2C,2
0x58d7F93155b35dEe2B1FE46B1DCEc1A06Ba85283,2
0x58Dc0A1bCd66D84E747b2F312B0Af850368A74fc,2
0x58E6a5cD87d38Ae2C35007B1bD7b25026be9b0b1,2
0x58Ed027d5dF93eF7348Dc92e1Aaa233419E5df72,2
0x58ed21455FeC6f66Da9d3699903633e2281d864A,2
0x58f0B1c5E44ACcB8BB7c1259d0f21e96A43E3ca4,2
0x58f509b4Ed657c9786DBC7127b59A9CbEc98C3A8,2
0x58f66A42ef2999F8D98fFc0980f3Cc95D1CE701D,2
0x58fC7A27aA52844f29ab1A5c3CD09Fb5e76B7E3E,2
0x590248bAD263e1027Eb694731aD097aC422977E5,2
0x5907835b0cFf20c2d4921b6F3Cacf5411f3c590e,2
0x590C28c586e5190661D4A0cBb42c6Ad21E25D49e,2
0x59111B7204c6725A496268cED1CebB7022B209e4,2
0x5912C9d293Bd21b7D3CB0cCb30cf3225deAe906e,2
0x591607FC249484Df42AB3db4785677670b5C8c0a,2
0x591a95B929C3D142AF94b519D07462562c64a3B3,2
0x591dD50af3800569005ce206e0219D6a346249be,2
0x591F8a2deCC1c86cce0c7Bea22Fa921c2c72fb95,2
0x592139A3f8cf019f628A152FC1262B8aEf5B7199,2
0x59286351Ec45EcfEFa314308122c5cFA2eB9ea46,2
0x592E857197B0731e218f5E61C076be082cE325e4,2
0x593321460DF4F623993FEC9b264e561fb72f8bee,2
0x59345bd8a4f79d1Cb5Ca46ab6a1cD0c9016aD32A,2
0x593E33fee622Cc10a454b397Ee738C9dFdB00d6F,2
0x5940C4752A638289A0b1c746D7Ce94cb49142e0b,2
0x594c524CFc2E20e25eC1e76A9936Bb4FCaC9CC57,2
0x5951847291DC7Ce694aa33caD7722eBbf1A2409b,2
0x5951dC914f9fbd5cb7669dF2635e73383BDCC564,2
0x595441d495e74CEC6fD21EefCCa097e2f7D84A87,2
0x5958F30c5293d56a9ae9F7Aa2bF846a88f95AFD0,2
0x595E2bD85a67cCd0833BD1388B9beAdB3F886215,2
0x5962f0EA4F828071506caFFF02eF27a697Ee3463,2
0x59648f48653b8c5b4620c8d1aa5e9750d1f0d599,2
0x5966A2539D72Bff12494196360ae7e1740caE751,2
0x5967c5080b0CeA77d6BFc133F3d926753b471501,2
0x596D0d056Ef677F2f9f0aFb1112b4866e07eeb6c,2
0x596f14761da3E86a1E6289F578f07D01255B2aC5,2
0x5973B426c616aF28773d7A1457Bd645a220EA79a,2
0x597f5acdfa0995f03528CAd41D82f21210dC95A7,2
0x5980862DB0642A949Ebc9b43D4C200388145A057,2
0x59840EBfBF971943B671CEcA36ad326955e77777,2
0x598C91d70e16177defB34CbA95C2f80F551A4ccB,2
0x5990d32234fd28C0065e5DB34ED567F7117F4475,2
0x5991a11cFCf600Bdc29c6e40c58254C551420AD9,2
0x5994fdb7505aAE7dd0e33D3ec24C949C4C16eAbC,2
0x5997F7C980975Cd530078398577c8a14343c6e48,2
0x5998EB7aF43efa2426232AA3F98920ECE22e612C,2
0x599A2E16D9FD1C477601d6Bee87C5fE129Cd01c9,2
0x59a2b97c0B4bCa8A44da25edD5A35D70249aC3b8,2
0x59A5eD8e89C51643662001b5eada60194CcD91c0,2
0x59af9a67574198D6992b5eE48F9d913C3f77c0b6,2
0x59B7DE84e1a8dac6CC2a90cbBfdDF181722C962b,2
0x59B989Ab647ae487d2fe527d8Ed4123BAc995a8C,2
0x59bBC4b60054E3aaF5F351387E79f10A0f15F8ed,2
0x59c00927A6382322B63ab19D06C4b085df13Da24,2
0x59C7cc170A351603EC5fb2bf2adD1bF140B0A250,2
0x59c8c34c127c3b7Bcc406D897e1c4c78E1CA122E,2
0x59C8ED6a025a54b3C34d6dAD338AE9feC8cEf158,2
0x59c95BC26B99d8557b71EB8c9784ed852Aa5f2Ff,2
0x59d1fC614839862673e2f67F33a34b5DA6717E58,2
0x59D2757Ce80EdcDF6504cB1dF517f56A4a6Fd861,2
0x59D2945bAef48Dba774EaF2536C6E52e624FC3D6,2
0x59d44F2d8e608CEe2C3E57Da5A5De3bF192a36c3,2
0x59d5882b370adB3DBFFAd59DE24855b1F336F57C,2
0x59e4CB745fbDff75881ECFF8226040511a28DECB,2
0x59E62F2BE4353ff5bA048B7689a4E39a1052f059,2
0x59E8436ED51917Ca7E33e00Dba242134660bDf77,2
0x59F2F58bE6cF6C9b782373eB627D93ed7345Fd90,2
0x59f4afB192D0Bd3fC464dD22E614228D4ED137ff,2
0x59F641B47D542D87CC44a12ADDb8b7fEB5022222,2
0x59f93925E5A28c7627C0f78FaA3f0d8C0926E7AE,2
0x5a052c52C0daA2CF15d4F0d97880559687138Fc6,2
0x5a05595d434F3448B9367663A0B1Dc7932d58B66,2
0x5A0ab1938F3F33ab1515D87e854AC628D0773f5e,2
0x5A141C009323f2b0C832d78246F90a070911897A,2
0x5A17fB43794212F5Fac2298747c8757b8Dd94A17,2
0x5a1D678f9B63E4dCA0Adf22cd96573B51DfCDa07,2
0x5a1FB8C10532E6374E6a5906651dD867cc6a1f60,2
0x5A246910819db031886526EE310c2000A783EEDA,2
0x5a25664F40E7CCE1815AB32ce06fD99902F374bb,2
0x5A2A7e629611E2f6E9583ef78c61e7f07cc97Fe8,2
0x5A2b0C858621F166B23e7a11CB0602F1867691ff,2
0x5a312E7dc7ACa466266eCC73f32Bc5783A60e860,2
0x5A36b1051c0aEC2CAd6a26D64eb1b150C44A56C3,2
0x5a3F24151434d3125B2Dfde4f3491e35fF2bf4Cd,2
0x5a44ECFe0314E6Fa6331b92f609b4D0dA4a34F7a,2
0x5a52d444f7aB35A5Cc1Bf6B0077B4217F783BbE1,2
0x5A539F5F6BF34bda335cc5E92332b00b11695C7B,2
0x5a5e99e9e4616ef26a2c0d41e2f268fbf0b36dc1,2
0x5a604c9d8AEbB5b7a1098c495d5DDfC1530C7498,2
0x5A6da46839Fe767C8a481a735Af978baa5576944,2
0x5A70ec52E977B50c9fc12Ca0aA6d5e26E7C62291,2
0x5A7283cE9C4B72026c3D07Ee9d604103FB351771,2
0x5A79979e551248eBA3940845F45d6ED24DCF160B,2
0x5A842E5667480651440ab4590C8b19f77fc76668,2
0x5A8494d8Df8AbfF6EE78E6CC08bDfe49F8483c3a,2
0x5a8a0ae99dA6c8315bBFF8dB2a32d0a1da91affB,2
0x5A8C5e6cA61aa3c758E188B752d7B2feD04a4Bc0,2
0x5A8Fc4E89c6F01ba83dec870742ee84F741edBad,2
0x5A971cBAC6c3A4931611A105D878fFc078ac75A7,2
0x5a9FB39E68dF4298Ac7bBEA6A10d937b3301d23a,2
0x5aB59A28F190E0BdeB73aD880FA0F7b8a063FDD7,2
0x5AB8a23c1340B94CDeeb9309Af0247dD7F731482,2
0x5Ac0B18Ea34FeA316f1D22577Fc06e515A779C3e,2
0x5aC27F4EB16c41C262b67E22C93dFDBf83a51D48,2
0x5AC40d0C951077dB2c2de53b288Ad1fbE58Db624,2
0x5ad69AB0990b172be41d282bae646467205eC1Df,2
0x5adb4CE193F60595D99c86040286a80f6a93541c,2
0x5Adc7f1081c8Fb8cF700DaE630B0c8d9b0Cc0617,2
0x5AEB2E6Ae0D8A85C3d5d37707504d35964283550,2
0x5Af02Af05b57a02cA6b1baFd4b94746771B85b1e,2
0x5aF84f1318241b4224EcFC9e6d4e97a3118Cd38F,2
0x5AFA997879fa0cA10D59402Bfe4884476c8463E7,2
0x5B090440C579f0fBCF60764a95276B6eD2d1d8F8,2
0x5B0aBB7eBA37C8a8b7303B8F848eFde17Eb4F1dA,2
0x5B0c958eDAC030867E81DFcb45fdc3DDa4Da538D,2
0x5B0F81C246F5438f431C88E411dDA1FE20ee34c5,2
0x5B0fC62597d0be103483247a28D53Ea6067a91Da,2
0x5B116be921f2E1c966CdFB08DC30884d063e0513,2
0x5b13a7fb32cA42D7b310FeBBF57B76CB3aa8B7B6,2
0x5b141d12778d84314D0846757e1F5143647D4F5c,2
0x5b1758435e7e763958f285d8fea72bf71fe5c63c,2
0x5b1A396abD1CABF86Dd22522aAdd0ABacfFD1c90,2
0x5B1aDfA2d6D3247433B98D7dFd049d27245f5656,2
0x5b1B0924bA902B1834b7Ed38FcdC812a6772aD49,2
0x5B20cBBb5CbDaB4AAebd905F688c81c1E11a2115,2
0x5B264BEba7270dB2D845D775A1d40648fDeD9cBA,2
0x5b2A0F83Edd4A5cb4b95f3EdC15Dc008bcc6469F,2
0x5B355CDD2e71a2Aa6b494b469020bC1541dDA11d,2
0x5B384FCF8466727712E89B5C957Ee4d8C2B4399D,2
0x5B424E6916929304534D108B4816B11126345DE5,2
0x5B4f5887acb667aB437A7d05bf3c382a33D04151,2
0x5b5F6f13796f2F04247249446371a5F74336574b,2
0x5b6264AE49026B794A29A5eaa6B3a4E362a95E15,2
0x5B66c925A37d1Ee62cb5510FAc282c695c2F334c,2
0x5b6895BadDBb70bB493508693AC032713112A298,2
0x5B6B1A712353C5B90191ce5d9CB5951af0F04388,2
0x5B6eE5C13AE53397466e78da6166c5e8758Dfa21,2
0x5b739D8167a6aeD79DD3A54bac6bB100BB04FAF4,2
0x5B74985b4c1745E9a8C152CAc73e6BD4B1E68227,2
0x5B7604868aEd968eE1A7EdbB5275804aC642e6F7,2
0x5b7D60F8460b2f20Ed48C9b96cD6908C7C215C2C,2
0x5b7eA1C85a57282F431f16519c6C883B9Ce3a356,2
0x5b811e0Dbe429220C42AaAd16B566977a5d9acbC,2
0x5B8777f28992E312BF5bFe33F5473f7bC192c8c6,2
0x5b9A8c0981B9D3621dF00756f16f168691943B4a,2
0x5B9EACCFc3B10a5Ab9f168805Cff699cfafB8ea4,2
0x5bA6DFB3CF13fd9caFA26341A36DCb4e7e683B9b,2
0x5BAA54bd0D0a9e9C08ad3F3117FEb2aE71e508a3,2
0x5baE5d86F79c729fCDFEb61deb601b3913280191,2
0x5BB05FB3d406E65405c78177b6e46e234Dd00798,2
0x5Bb596d50011119e37dDa4384bf7161aF5624242,2
0x5Bc383A263FB1CFfE9dBa9951B5777c0d69db171,2
0x5BC4134ab3E945dA2D853663e8963b4A0cb38535,2
0x5BC736f1AC391FB54C3d182Bd3922E9286b9a349,2
0x5Bdc9b4BB3f665CD6768856f3DCBbaCbb4504C4D,2
0x5bE927Bd19c620806444EEA43f8b3fC224E009c1,2
0x5Bec5e40B497297fC9ff4f482e149D00989950B6,2
0x5C04911bA3a457De6FA0357b339220e4E034e8F7,2
0x5c084270DcB368715F0fe5646776F09fF51f54a8,2
0x5c08A81359ef7229DC2855d9639bc75fd4d83bFD,2
0x5c0eC73e8c46C6FAC804A9022fc87c39CBca096B,2
0x5c0F9B82a71Af60F769f1843B40C100fd7CDC621,2
0x5c13419DAFd7dD2db4A34BA814ccE3194b94E8Ac,2
0x5C18D25064b9ABc166Ec38d15408D5569176e8CD,2
0x5C1c7d4B039D33d743373a9b38192F8662B91400,2
0x5C2431a4ff7878e365BF0D42c526CcCf7D1D74f5,2
0x5c27f9eac59c7d433ca0d6b161f9360ed77f2acf,2
0x5c28C1826d89C6b5c6C9aC7c42cefBa00d85b1b4,2
0x5C2f47Bd07Be3C1d39065B4CFd2B6Bff116B43E6,2
0x5C440CE4deDa0Eb9015371eb3cde411814146482,2
0x5C497f333e4c62A1Ee7099dfc702e7dc246c9be1,2
0x5c593d6C530c14843Bef2CD9Ff2B18BA8aDc093d,2
0x5c5B8371D0291318f598a5413663bc7d5269EDFF,2
0x5C5Ea05c418fdD4134F7a083f7647d0AA023939E,2
0x5c6E95F9Fa65dcd7e6793DBEad0C84e0cE1f87CC,2
0x5C6f49F6080e7E74C97dbb17Cc83d5Fb498d5Bd6,2
0x5C72cc6Ddc93C3BF2724873095609A1862C6cfc8,2
0x5c75Ed5BEb9a43b68fae73706908b2fdF497f4a0,2
0x5c784d0065090f905D28F2BF18866Fb0012b9C16,2
0x5C7a9f47B765471173046C1FF98a4eBBD717f51d,2
0x5C7d92736A6Db05b85eF1aEBBc3190f05cff3008,2
0x5C93E241268831501CB11e31b5afe72dED3714aA,2
0x5c963b6988b17251052c99d80fEE11558271CeCf,2
0x5C9Dc0D391ED62F2b76BBC784A03CbF688F5bfE5,2
0x5c9Ea568cE669850722428C3590AdBBbA5fc486d,2
0x5c9feb9A924Cc957B89f5eaC22cd72477aBC1ef1,2
0x5Ca36aC672f0C40AC4943eFdf2c7695f00A34481,2
0x5CabF40187211A1Bba4EE70136A272Ec02d2Fc3b,2
0x5cBCAAa232a89f77fd81BB04EF73f2076A2659F7,2
0x5cC6039033a5DC9C1Aa3263f36C7978529d997A4,2
0x5cDf89e0d086b334CE742Dc091d7d716FBf11111,2
0x5CE3A86dDa93FEC12CDe7Fc65F8C9694E8199FB5,2
0x5cE72297df86813d0C182945C130bd8abC5127F1,2
0x5Cf1a5333B6e5d62dA3eb22c691096218fEbCe0B,2
0x5cf2447CB9dCC29c86e7Ca8afCe4fFd208b04565,2
0x5CF7A3ec5707cAAffBCFaaD9DbFe665bA76EaEDE,2
0x5D03769C3166dFcA0E030fc4bb1196a321756acC,2
0x5D1094C27427244a7247AFF84c88B9D9dA44208a,2
0x5D18C78f374286D1FA6B1880545BFAD714c29273,2
0x5D1c047448Fc0909ff5039955550819c02EAEc65,2
0x5D1d7E4BbcF96222704AE5c1f80397aB5b6a9d81,2
0x5d1F4F1E99a9d0866Be15d7300b9ac2970E232D4,2
0x5D1FeB612024381da83ac3f4CBE24b5545acC31f,2
0x5D24C7844790EeC9276F939a6b6aD115fE7C1496,2
0x5D24DC18285B4f30d712646738F545006A5051d8,2
0x5D2B57e5923d31DeF09908829A89b248F5e8d0E6,2
0x5d2d9D86A88B82Bf78b131A9dd7325600052A2fA,2
0x5D2DD065bABB6B6d1C3cA3F985b519e688B8dA8E,2
0x5d2E0D29437cFD44cAE3cBC5f81384622ce391f2,2
0x5D2F935631C6231eBf94857eeE5b29e17F337261,2
0x5d3904aFf60af6FEf09366c3A3be0A3a7d826EdA,2
0x5d3caC7013E0D3F317AA2918d6602E7D820Fbc76,2
0x5D40451dC574997C61E16C30A5c0E3ada80B8E3B,2
0x5D48A97c3291F7960fE30568e2d1d65220Dfd084,2
0x5d595f6E7926e9172b9ef1Aa10B9E202981Ef86c,2
0x5D60886a6018088DbE8ff85E6B438ae409C7D193,2
0x5d67d80514Bef9988232399Fc1Bac21DFFa17885,2
0x5D68c88cE3C49e93D2d3965Cee8dA8fD0cB8a3E7,2
0x5d69546a70098e8c7C9953E607eDC05ca77B3F2b,2
0x5d6Db4626A1BE195524Cb0955EaF4B4FB8E82cA2,2
0x5d6F3d0c92D0564151357B0863E55e9ed4631b8d,2
0x5D73eA639B3eD8CCF181B8E8757eD106161aAa92,2
0x5D744767BDB137fFf7Ccde612AF2BcA1fA3dc454,2
0x5d7a001c88802F64D99F6a0D3ca6fac7AC4Eac2D,2
0x5d7fCE8a6B12776bC39bB3E2B425810441A8db5e,2
0x5D805aE896A07940Fb8393e2d9E6A19061089a89,2
0x5d81d3051DdD4E929c76BC572d4F1586C7B752AD,2
0x5D837ebbB1e4eC4d4Ccbd66A05420A5A6cD9b8f9,2
0x5D8Dea20578EE652FbFA124f10532c0e7fEA287a,2
0x5D8F160Aab3A7e336B0363e281Ff36237C4B8bD9,2
0x5D8FdEF1F71540892Cb84F40ffCdC3Df237Afc30,2
0x5D9198D3f46f67cB54Ea4e6E68Daf8a7396B510f,2
0x5d928CBb97f90da7e7B65d19DC008b2B1886705F,2
0x5D964835395914d0B24E391d3d8A8f91Cdae0036,2
0x5d9992579510e49ad7f881Ea30D65dD683598807,2
0x5D9e29E21f42Cb84f73d077406f4dc56379806c8,2
0x5da131a040d5954B15927DA2A56f749774Ccd947,2
0x5da441739614ea06AF94b48AfB9a7af906d4132d,2
0x5dA5D426B745649A70C095a182C538B93ab44501,2
0x5dA5F4c020f856aBdB168fd35c957D6006ba2edE,2
0x5DB27254a5AD100c4d9947A81e25E5148c3eee70,2
0x5DB38f14FdE48398dA4919c449709Cab69620F26,2
0x5db54248980AB6b30126fd707267f9705E0DE46a,2
0x5dbcEc01D8359eF8D59149a9Ed81aD8f7Db16E3B,2
0x5dC0248c2c4485A4061ecC2C6a469D0067DF933E,2
0x5dD5Ff8D51bDBEd37DbB6dab4D44ce083D5a637e,2
0x5DdC4AFB91E26D633392B3Cea160aa720637c370,2
0x5DE8b00d3595f7B974278d466398c29DC58728bB,2
0x5DE9D7a66246726b3639ECFa3A0E553e5d5c0030,2
0x5dEdF1a86cE8BA00CB1Ee8A061e4d29442F4951E,2
0x5df2B9C27dd2441Cd0fa56134F5c7902F6a2E70F,2
0x5dF6fd2aA2FBCF46f9C9D8FCF2e9419073c18fEa,2
0x5DFd551408Ee3c0acd349fb002d82257Be922250,2
0x5E016512A29a35CfC48Db5db32DaeC6b53aEF5e6,2
0x5E0a8B10ACACEC397bFe4ac062F4808F65998811,2
0x5e13F18f9664653945DBF30D049A8fF79ee7Bc83,2
0x5E15Bff721b3118536414EF548f981F104B24F34,2
0x5e16A1AeD126Af91dFCD1805D5A4369FB98557aa,2
0x5e24F3B66d6398fa3fE52d2A3644CFAe366CB0Fa,2
0x5e252918187f30DecD4c40BD4EB83233530a8BAc,2
0x5E2b25C4a797ae5c8588958a6A81eAa575dDBc99,2
0x5E2b3249c11ED9Ef2A36B53bc493d1fE6C221718,2
0x5E2bE68305772A3885Fcc49b1b01dD1b53C6E08E,2
0x5E3d81f47cdAF4Ff4622A40B3E76fE0b896e5324,2
0x5e483E5c42a204789F7f1a1bb1cc1D009F08EFe6,2
0x5E496096db871a8380F2a28CAaEec1fa541A3C3D,2
0x5e4A0Fb6d118b77fD78eC218B798B6d3b7333333,2
0x5E58619761798f91F8DF5b5715e3c1f51eeD0F05,2
0x5E5E259E154B448685c6208cc868E9C7DF83F4ed,2
0x5e5f6Df448e992Ff6a47041db9fD093b2E6111a0,2
0x5E678034e688F69f00Dc1cB07432D18D270bc7d1,2
0x5e73a43d57F712F362EfE6bfc566Dae31F14B0e6,2
0x5E7a3d68e919237dc551e134DE36Da4eF654f1EA,2
0x5E7A5783F849c7C2B049e991b2fC1aE78c17311f,2
0x5E81c8130524512516A24d5dA6CF64CC2B3E952F,2
0x5E84a4bbA53D563438c1f4020f8D9d7d89499999,2
0x5E87e617a1E993611e5400A2B0AFB5D90200a515,2
0x5e882D3Bc7cf85826997835ceE36ab29215614c5,2
0x5e8be1b11c6A63C0Fb353D8D3e64c39c5Ccc9479,2
0x5e9Bf1F68238D896F08c3b59B9f23A21b49B7D1E,2
0x5E9FC0D620Bf61dae324FFdecde6fae08f0DA80E,2
0x5Ea06fb3CEF6De26019B1844933FCe62EAFF04cd,2
0x5EA0E16E4CD3d454252B0dD08A375E6b1F50114E,2
0x5Ea198EE81b750CCb11cDC1d0C9609eA898c8456,2
0x5eA28b8b38ff9e669d26a9bA5efa791fF46C56aE,2
0x5eA4c88164060d3e46251D6D57B521d8Eb1D2495,2
0x5Ea52027380C14eA7D4AF5E9370Bc0f0a76C3caE,2
0x5eA760214C206d27776f89df840B5ccBBC0684bC,2
0x5EaAd1808bdd893Efa19d358DF5F73d11bf9E9aD,2
0x5eb0460574C017106E636aBBfA2060EF94f40261,2
0x5eB286636Ff1a59DE3ef155ED761A3DF1c63d409,2
0x5EB585De6Ae4F3A049DA92cBD9783CF9E90c2BFB,2
0x5ebB6070b7C3e2b51B85f8799082C9a529bEB55D,2
0x5ebCe7dFC8542F9D0E0542639430f7595a615747,2
0x5EBe8BB6B4B87967F9ad7E80bEFC230DE35e9bCE,2
0x5eC3B1Beb99D06d84C481dA8FE1DD40132EF579D,2
0x5EC48E6A351c6ffECb60ec01FfbFBA4916FEF39c,2
0x5EC53a549466E6a7bfd3bB63a0bC23492E57793B,2
0x5eC5572b658F625f467dE9eD1e7Ca3e792675b69,2
0x5ec560396f7A6F9292c4e8c479Ea9C291BC7D179,2
0x5ec67253Fe8A13fe1d5D0AC0819B9b8fC7b15884,2
0x5ec76Ac6765DDcB745EF05370a4eEC9574e62d19,2
0x5eC788648156B52A701ff883E543E3450987c6da,2
0x5eCc381E9B261DF381A200A52384A962dd58fdc0,2
0x5eD686a2E8f681AEABe07A4d564157923A7aC28b,2
0x5EDA1c58Cd9D664a244e4e7B57513e9F4Bd70542,2
0x5EDB200bd692966ec756c8d9c541aC9F40abe75b,2
0x5EDE9470dD9d034D69604545b8E9ECE594917D0b,2
0x5EE12C8dA076cCBD0cF89D7fc772a544CB407102,2
0x5ee21b07C673D23E35fC14d91Be0a448E3244036,2
0x5Ee4f1C4d157534534Db1F1db1C299E168d48212,2
0x5EEfA55a8a7403E3723B7A3606714453A5b044fE,2
0x5Ef0c294160D2c58C0cF18F0F8C45F133fe1AC2E,2
0x5ef24212e302df7674623Fc25865fc7216f2153A,2
0x5EF7B1a8A7D2586A0BC0baCA64fe9114366Bb9CD,2
0x5f0518082332a95494cCc80808f2Dd233F338713,2
0x5f08bfC12777C044a392d9563328A15C7eF6ee75,2
0x5f09B82CfDCD68aaC741B9698d599de76F25c286,2
0x5F0A761b4EaF596aB8D8D46c0f7cddb948EA1F31,2
0x5f0B85D2C131B0e27e2304f569E2756Aa9988c8d,2
0x5F13A7A3c407194A02356294Cca579170d7E3483,2
0x5F1806785Dc66852CD0500077ED89965e18925a4,2
0x5f19095AA27B9ee4c5b337ae4e868CFe6708cdd7,2
0x5F206807ba4b2BD16A93d9fa5D251FE8c99Def75,2
0x5F20AA9883a65D2eF946B088f522ec428Cf9e5E3,2
0x5F282E005c472B3B9fF105261776114F7c65C6C3,2
0x5F29cdF534F9427B4894e3a8026a92886674ae51,2
0x5F342D80c8446FeEe5821cD2e9beb8F94BbbABcd,2
0x5F357933EB8c4A527aa5154857Ee1ADBc508701E,2
0x5f3ED17aA2485C80d1958359562029F9458D503e,2
0x5F42b27d51a5C2Fe83385FBd18F20fDeA5a17E57,2
0x5f43FBB471085aeCAfa0cBdB2325aF54DAaDDB63,2
0x5f497417d7827FcDcB5BdB4357D05E78aFFA808F,2
0x5f4f7066d460474114F6d797d7E10C46c393C5Fe,2
0x5F57B98EC148214efFF554e8E6Af020E66fE3b0A,2
0x5F5c143E996891c884B71C92485733F47ca06E36,2
0x5F640272AAc2669c84b82a32D1aC3eE738CcB60F,2
0x5F658e1a604a479A726DdfAA53382F84f5c6cABa,2
0x5F6cC21EF1E535DAA264428Cc8d4cC93917B19aA,2
0x5f79CD5880cd4E5eaA9c702b242E92b009507B16,2
0x5F7F0f1b445EB112803BDBe8b47092E34C777BbB,2
0x5F820fAa727F9d0d766794f36B4D14E8CBa940Dc,2
0x5f884fd27116C0FfD350629128cE6AF251B83568,2
0x5F894E6a74da7DB1ADb9686ad1Ba29C583bE3F47,2
0x5f8dEF4c2742521a141E5D609A759C96663012a4,2
0x5F90d513A5cE185dE391b33600E32a4C8E77b318,2
0x5f9ad90eFCD5C17028544CB795427EFDC5465aCe,2
0x5f9Dd045A593134FC3D5Df5aA27Eb00A100bc34e,2
0x5fa0025fc04E252b8d44D9Adc73bAa1BE8E8a85B,2
0x5Fa026f78ebD56d35De4D842c536d9bcD9625022,2
0x5fA516812587eCA27dF226348eaF44aa0223aaC1,2
0x5Fa8381fFAb55Bc11F65952C32ce5C037367f12d,2
0x5Fa9D99567956e12892c8D02f31bad7B7313F6e4,2
0x5FaA2Ec0119a8928791Ef4e95831727249EBa33c,2
0x5Fb1716D2c7C09FbE6625bDF523ed6406a1B133c,2
0x5fBccfbC090f0086bfdABF1B9919e8Ff7a5daA4F,2
0x5FC2c7E1D027A66a4CFeE44a4286fEf7cAE76461,2
0x5FCa65F4f20C40f89AcC946098D06E9DEFB16682,2
0x5fd707db4a61231D9d263068C52Fa0a6975bA7fe,2
0x5fdDA34186ADbE7078992C0F59541599926F8b7B,2
0x5fE2A3F8cf582d913586d360f0e20B2F2e2f755b,2
0x5FE785B2f589c79c89DBbaFa217BD7dEdd8c918b,2
0x5fF2F44Ad9c0c77c395C85F2a0a03Cac3CAbd285,2
0x5FfF2C874088cb5A6C8e9cb40D1644173048ED9c,2
0x6002EBE4144D7F3b0cD10E2aC0C0F357Eb1c1C51,2
0x6015a9456ed3a77A35AdFd1AF8e46c8B4f5E4956,2
0x601728f2041CE60f218beeb50544E5DcaA48b6F4,2
0x60205BAb990Bf54C701F8850e56BC52446008930,2
0x60266D44d61dD443497DbEa5d1aBBf720CBe5879,2
0x6029Bfd00e0B53b848E85F1eD5649dCa71E0e8b7,2
0x602a72a02F2f7b3d5D0C3509dB58648620eE2123,2
0x60301BC9D4519B1D95281CF3F5295264432b8549,2
0x6031ed55F29a1b8eeb49f9BAf7B6897496DC5A62,2
0x60327Bc4d16fAA28D601a0164a2de389294B3746,2
0x6037a46ae40Da774dB5F3f04e9f9B03508C16cc3,2
0x60390a589986E6803BB41E3A48dc5CCe7Db1Eb44,2
0x603d6bFc04e7c2dC4079d8dB2910f7Ed7f4b92bB,2
0x60418E09a218235D0b445B8Fca7E0fA126cc6F93,2
0x605110c34A93179dbCC090c09036728F5B7c7Bb4,2
0x6051d2111469275cECD7463e7c1E9728D72ed731,2
0x60556F1991A7c24cfc61A05946Af37E33ceC8e1A,2
0x605B33F2F2c398aFd79EDC09E598903A5922b4A1,2
0x60648E50C7198ec0bE66f4a828AbdE6450AB9F5c,2
0x60666EDC39dd992b8d9D382565977723D5ee0b13,2
0x606B23479C2798862DEAD2F3eB7de2a0eBd55555,2
0x606b70290Ee6BB641c389aa8F94088E679E57865,2
0x607B93e82ef5D5e7dc630071e02A6C1DF2566Cd9,2
0x607d349A3c63BeE3e02016680ea62BE398a602fc,2
0x607DDf6975366C21082888B6815b919de66D478B,2
0x60843c384044eF5409E228eE8dFBdEF113EC9B46,2
0x6084C3A7722F4E420F571749bA3594b3F9Dc7b1B,2
0x608f191bBc695A96b2eba2d2fBE3Df4346143E7e,2
0x609Bd0CB3A640E78F9e2a00188C265E248113735,2
0x609E445577699e79D7e4aCcCc48F196a3330ebdA,2
0x609F9d259BAD4eAeAff894bE9649cf1e936a5D77,2
0x60Abb6e40609DD553AdbFdb6A947fc00F4715d80,2
0x60Abd8e4498Ffd9eA83D249106800B8FA03FcaF6,2
0x60AbF6b3833a91C44d9C8E2E8954bAb4492612Eb,2
0x60b19931C4f44f916B17894A611B977e9C19Ff92,2
0x60b2C1cE145058dc992aCB81C225382cF7f3d37B,2
0x60b6178615bD44737A37c116F460A4CF4bE9088E,2
0x60b973CBe9eec65D277A21171BD289730CE196CD,2
0x60B9Ce865eE9d9A777A7055613B6ff18dDE46468,2
0x60bb488c2A07f7cB02a8e3212f1fe75a85384780,2
0x60BdaeaA3D908eCb69B1D4d7B7753FAc56c1B3EC,2
0x60BDC4DB5B0365013980e23A372d0E1cb1B03Ed4,2
0x60bDcb9de6206203b7939cCA48f5F540a677446A,2
0x60c4ae0EE854a20eA7796a9678090767679B30FC,2
0x60c736d6e752d5d37833BfAa215F6F765B134426,2
0x60ca41765b47e5813dF923B6aEb7686cD524b607,2
0x60Cc5E313f3Ae888Ad58FaA4B32e6d26f742691B,2
0x60cDE4BC1a281a0641d214BCfE9112A015385fE1,2
0x60d157fE1bdFD93815C9BfA7793bc9899f2f3F87,2
0x60d275F59fCBADb49EBD7EbdDe5663C7e2588EF7,2
0x60d344fD3ffAfB5143EB677Cc905187f6D1232D9,2
0x60D5127120F44B99BE44d585CF485681057444D1,2
0x60D7AABf6d6ae550018cc228b384210a3cA8b8be,2
0x60E4fF91f6a1F5B904D22917568d122496C33923,2
0x60eCce383658C803c0b59f0d976D5a1564aCfD73,2
0x60ed30E5d383FA3FD2544d7C88E1529Da30EE162,2
0x60ee27208Bc30F4c77FD4A50eCA32816cbEa9522,2
0x60f0Dd98ED1ad2A3a0365eD5FBCD231cDE735027,2
0x60f1d87E973F0699040d9FDC267Fd4e0A70622c2,2
0x60f49185E47a2843C2eA0b20A880249698636d05,2
0x61019B01d59723812CFC3f31172DaDF01a10a8A5,2
0x611405eA2E93698170B2bc4d4668c28a3FA5e7B0,2
0x61195Bc6C9d57D833FAc3cAF7A3A2764387931F6,2
0x61224478d41C0f59512fEB01dc69432806D3B8aa,2
0x61226b3CC751EB66c303491f47CD1e1AD401CdbD,2
0x61240103d0EF3BF2b6F34513Eaf8cDD96971e8d3,2
0x6125102357c5A0cf4f9B64695b6661f0ADfB0B4C,2
0x612AF6aed1E33E9acb29c1c67B6b88b9Bb4fa89e,2
0x612d8DeeA1B28C96FCf8f4c9a94394B56CfAB118,2
0x614867112bd28BCb48C7b0539d7865BAc610B45C,2
0x61499DCaa071100928251e9f8Da5d13Adf12E80D,2
0x614b8BAeb9AcC4F076067d322e8e0a342D3bad2D,2
0x6151C8B7DB3d6A8133A3b1Eb5536a7520CC7D9EB,2
0x615964a30490490a8ffbA4Faa53ef9CA3eF67452,2
0x615a38928f7CB33294D9c0b1DD94B7c66c7540D7,2
0x615B22F58CfEDB468b2a44b899b0ABe354FE902E,2
0x615fD175da00E43A28C687A622dD2e32132eF0E8,2
0x61630356266bA59f8ED40ff2B4eaDD8Dd7F69A72,2
0x617761e7f8f93A2E817618c910EB5C558e0f99Dc,2
0x617BFE94A82CA087fd6822faCDCBEb79620bB95A,2
0x6181d574970AB85EbF430851bC0cBD23E687076a,2
0x6185dA40254463b0AFC6aC6e3A21A9C71FCA3b48,2
0x6186448E23d830979149537d98fe91A8B7582ec8,2
0x618a8e69fe5599E8563e970A650569d7Cb329c06,2
0x618dD5d3Eb5772cE9Bfc57C8c06E9180D51C395f,2
0x618FF2941eeF7c96A7344D068CA8ccd39918a890,2
0x6192c770B2dBd689B0a3226984F8ce43621fB618,2
0x619889110dd85940E6ce9eBE701530D36133BeE2,2
0x619E06ec09e437CD93fA2288dbCF4C63dbEa3564,2
0x619F10882820F10Fc5F1bf06cdDcb2db3fDc51e8,2
0x61a8E4C65D484017F7d4c5D6a8da5a19E7E4b3bb,2
0x61afc3916147b2ADE48DF62993974468f471e24E,2
0x61B918d589DFe9c01B4e7A6510468B2dD0bc88d7,2
0x61bAC790A645f1f6065A9Dfbf1A1f46de6F6413B,2
0x61Bb574b7d7883f2caD4c252a2D917826e599D39,2
0x61Bd35117804d2B2534383b6f4a48C65B929A8e8,2
0x61BD807D40b23c459264F4e2bc9DC3e1e81CD453,2
0x61BE74098E52cDA92B20Be5a11a1Ba11E252a9AD,2
0x61C0293D364C7F1927993689F95fD14334e7f7E2,2
0x61c784aD8DE0dB236faCb999449901E92c8B7091,2
0x61D0CFB665179f24fFF054E4e5d0a9435fb4416E,2
0x61D48840dbEeB59Be424A4624077cA62593Ce0c0,2
0x61d80F454D60094801F151b20470Bf36Bfcec8b6,2
0x61dBCd08eBd5FC225bAe94a82EEe8Ce1Fc169771,2
0x61dE2C9A13eB959b55b4364063f3fF46969dAD60,2
0x61f0583b88bB7c12e5599CcaA5BbFa38170b86Ef,2
0x61F274D8916924C3543B4A9EB23981702f915ED8,2
0x61fdDada4Bc79e550D42E3206aE23754F30985ab,2
0x61FECc89c4AFd006293A3C50860f47B66fdb3718,2
0x62004106933fD28Af3B9Bd9369003873590C0f73,2
0x620cCF72Bf4a7d444030320aDBBC6cCD9488e686,2
0x6210616A51A38B9F78e621E0bE757fDAbebbDC42,2
0x6217DC0dE75E13a539EEF541CCb48E7Bb6c05824,2
0x621a3158b2B1c22AC9E1C8FcFC4e61D5d91Fe6B3,2
0x6229671edc8f0991293B93dAC2395BD26f46083f,2
0x622aa8DDEFb0077cf6a73281Ac39a1e2Ef6931b5,2
0x6232d7a6085D0Ab8F885292078eEb723064a376B,2
0x6233C4DA375Af69cc3F6cb52429752d627570439,2
0x62361902Af9df475625D96B1f100325FcBE6FdAD,2
0x623D598E4f109bDe72752E1e4C1f520c6411285B,2
0x62417D37a17468889Ae8685D1459Ed68Ed3Ec09F,2
0x6243D50775F346fC1203f875DBf607C90a85aa74,2
0x6245f1c86AF1D0F87e5830b400033b1369d41c34,2
0x6248dAa79126F3B29E0F6126713EEBf9ED323a2D,2
0x624cE96EF6d20FdA2a8ED6957f3d26546F7c69E7,2
0x624dA72bE397d70089A0c712E354893f681A8d0e,2
0x6252f382c79ECBD7796d72B48216288c7B1cb97c,2
0x62541dFaf846C8C0171A1755b2C057673D88DAc7,2
0x6259581ec1e3641566BcF0e72d792Af68FFaB67f,2
0x6260c35B8cAd144e0743D0aC6a0a22212f5B0412,2
0x62615e48F915DF317030B7cddB6ee695cf930056,2
0x6263F0388b2c5b398f9BE33066eeC1e8550E488D,2
0x626600e9f104eEA6eB45BBD3150AD72F1361a8D7,2
0x62670912d2041FaDF9e0e948651Cf747039483a8,2
0x626abcd07Bcf2f009b19744F5343e45c1Ce36c90,2
0x62728f93F57dfCE99d19debE6258459051A5ece2,2
0x6273c7a95a5A205f06780886943BE548C2A882F6,2
0x62782b7E6a839A8EEf5665218D5C2eED0103586A,2
0x627d5c398E0C3BbA50F61e9B08f5a723B00E81Ad,2
0x628195Ad70DB3F5080b88f489f57A7440160377a,2
0x6285d7Ce87b08dc888e22ACbC0061803147a740d,2
0x628eA111406A68f4EC00cA3587843Ef0058BA6f3,2
0x6290a92c0995447AE1c1018AF6c36874789fa5F8,2
0x6295562b0EcF34b1dfe370580Fd58607207b658E,2
0x62981B71aC64e667977E0F9BAf56bB9b90940138,2
0x629dc810df5b9Dd1Ad79E316106D70C8456B799d,2
0x62a7b7180C52311f741e13E0928D11be2D8F909E,2
0x62a82EF8C168197A9103654770849a87faa4eF45,2
0x62b0D0b6604aF70bad07439D9A6C5F9A0B60CC71,2
0x62B5bD7F04Fe783796810b2526470dfdE73dAA49,2
0x62b7e789cABb3070Ffd2A6E57435CD9712619faf,2
0x62b8eC031FF00Ad110cD74Edd96ce0E93e99abEd,2
0x62c430Daeb5A19c4AccA303D4C582c7D96251dB7,2
0x62C45136978458697dEb76f05DdB14c63c07EC19,2
0x62C949E65Dd71805d8C5b860a8845fD34e9f939D,2
0x62cBe18eD00459d65C10dAfe71E3242A0D44Fc97,2
0x62DDF7F526cDC84206552203e44d3c101b190B99,2
0x62E0AAaFA7bA17dc7bfDeE490c1fa4c66894c3Ba,2
0x62E2Bb2CA018A0B54Ef8746Fa7258fc12a7E61d6,2
0x62E2ebc5FB95184DfFCc41878f183F7F03f53ac8,2
0x62e8eAaeBcea7E1c3deDcb4CA9f1c27D77D28E82,2
0x62f3394FdeD7D693cc4C7c87f95347AaEE21b3f9,2
0x63013b9959Df1d536E7A7F2311956abB083EA1fa,2
0x6302A4531caa8099390dBcFbb9655b1a8241e212,2
0x6306d76c4D875eF861C532e89742CB610a1FeDA0,2
0x63097899c0FBABc302a5D10484f22bEC9fE454dd,2
0x63137f833dfa479FB17bc97AAeD57773579fF470,2
0x6315B4A62216d27e17B4C617230094eA842f962b,2
0x6331882811815964F6BD6f09f63dAa2f688d881d,2
0x63322086CD68Ad013EDBD6d08427B7F7c2927944,2
0x63335CB381bc645c3254530c8959bB099700D6e0,2
0x63335f810a9e172A87fB4C7bdaEA9189ecB379b8,2
0x633f860350f326cAD93B67eD495Fa1f834520108,2
0x634b32004AE505E791180C229CEE85D753B75BE1,2
0x634BD4628E29F8768F70d9Ecb058275850139C56,2
0x6354a57D8dD729DC5794cFd5fC65dE081d9D6893,2
0x635f031aE15D02d024D98Ca4E66ba467f655210A,2
0x6365CEDE37c535b88dA3bC0639f00335f313A65D,2
0x6365D5bAE75b6881f5742ba98FeeD4A55f338BAD,2
0x6372f3AF08a32f23F891Cb4bc77F41384A20E20A,2
0x637Bb85f830CFae4b5f1Ae83919cCA896c1fB6cC,2
0x6381db93EAcf896d47D15b3693F9C150402B8290,2
0x63827f501E03425b37E7b9F84CeF4AEfc6372C9d,2
0x63859a2088E4F408810f26E2185F6AD8FeaAd26d,2
0x6387232401E08374934E3f68FfcdD6222076beA4,2
0x638b99F6F394a4352CfdC9E7Ddaede50e479CE66,2
0x63915e8d50C6eB2BD1D66bD092Cd37CE60320414,2
0x6391AAB8219e040762EC4e137be4406BA443d782,2
0x6393Ea33B25528D50Df724460C4465187EAd1403,2
0x63A4Bf799A733D66933872b08Be3802852ab44F3,2
0x63A565e15C415BC201cDBF868FF7b27913fbFBB9,2
0x63aA7b56B88F4F1Dc9fC56830870e9cdb4B9aa48,2
0x63AB68b3eE276EC866f7d32213761aa6e2c0Bdbb,2
0x63b316a3d9c9C10E89Aa14981aEaECD2c9DEBc10,2
0x63B409A904181D87d675886c841ecacb5D227857,2
0x63b502757aF836690b27a21C5687F45635Ee605D,2
0x63c093Ea1cB4982503849932816e917De9fa0737,2
0x63c175BbB590B7C66a1A84C8a0CFEef449F1D795,2
0x63c8464EAC36154319446a5b5aF7A5FEAAa33A1a,2
0x63D5346dF0F9bcc87c36F7A9706786afD6eB9D95,2
0x63Da63678abaE07688012485de551c5876a49eF7,2
0x63dDB16e8978807bF6cF3138Ae129b37C04Bca62,2
0x63e0f48a549563E08F9C457a3F82e8Cc3e6E72Ee,2
0x63E23A6bE2D8Cc409dd4f4cD47C8a9C149A3C1b1,2
0x63E61e008097A1E99f2e8eBFEaE067Dc66C5dBD3,2
0x63e8641acD75517D8ca7B711d33d5bc18394a834,2
0x63E9dF5350f788ddE57d4A398a36285b80Bbe0a5,2
0x63eB30facF7701b54c27c80A105b6C82A1470947,2
0x63f134562DfAD5BC72f0f9C7101b2eF54b5444D5,2
0x63F2d1A0c7344E918FdBC4C9331c13a5173C50Ed,2
0x63fC9461Bf481BD0888D8B5F49a52f5A9E77644D,2
0x63fddce2718C655aAd16166BC696dA1a111e254b,2
0x640c107889e1bca093B12f23911c4e5c86C8C2A8,2
0x641F0c1a2A2522F0A5d77ca56759e06489e9385A,2
0x64204Ef5de7bE4e0fFB4597d20E5CE365e4C09B0,2
0x6422ab035bD942f4f5806a1d919ef384ED7215EF,2
0x6428D1CaDD917Db40b5289a296F89F25d969C496,2
0x64343528038ea7ce26F049d5438508A6de530E29,2
0x6434d19C2E6788E53AA3ec5c6fc0112b1852E554,2
0x6435418512aB3E9cAe8258dBe0C7fde4b6b07C15,2
0x6437cc4FA66AA60183dCd419A0733471f635F9d1,2
0x643d3133D574E9CEAE74E4392D07D8B1DA9EA78C,2
0x643D7ce632022F5F6f3D6CcdA82bA33e1DF2e513,2
0x64445A9456C21977Cb5453289c8f7330FC730120,2
0x6444fF67a60e4d612F47236D7421E46Bc2cdc69c,2
0x644cBE33809454Fd1aec0B7114DcFb032dD48549,2
0x6459AeD11A910C0d7Ae398D6883bE5ac64E8d71A,2
0x645bd077614927Ab015Dc3fd4Aa57d677a879009,2
0x645F395c272633723399a63A4372140ee8767C6C,2
0x64663f2D1DE1F144C871bDa0db3571E52e520f26,2
0x647B7881b8A63FD8C6AAb5b0244b9067223d0e12,2
0x648174333697082875C3187C6c2571d562B422c5,2
0x6482C14Bf81B226378d4E80362C38394650F654E,2
0x6484d1340a9F60250Bd9812B6ad5d4E59b00e4A0,2
0x6486DDe96Be44aAA9522221A17D37DB5a0D38698,2
0x648fd29Aa020FEBAa1b36d9BB125D20eD8712d09,2
0x6498f88f7aC8fe4840d61cf216e44be0Cc63faa5,2
0x649aC22544f6c9c2f1645EA0c76959257065F59C,2
0x649bCE30f8eEB575b806da4de41E2FcD083B86cE,2
0x649d4AfF055a24709b00F7CB926Fa80bf5Ad57d8,2
0x649F57887d8899ca466507BD9F146A60078e73C2,2
0x64A060C7b979e1de998Bca7AE30BB700fDaf6998,2
0x64a5486BC00A4cDcFF77c13059CB09B64E516B3a,2
0x64a5b3e77A683eb8f4617e8ee0F0B8e01C859e1f,2
0x64A6bFf71DA0Eda53ed406Be6f64e06883095237,2
0x64a79D828B9a85a147409dE2f8169fDF6429F5D3,2
0x64AA5a050C4cAb5b53B074F1663329e1a76b06D6,2
0x64AaD320909c5Dc89CDeAB958824284eeEB63a0d,2
0x64b808383f0D7ecCd5729275FbE455Ab8a1120A4,2
0x64B88049d27A66A27E32D3577Cc73DEa1D62a00E,2
0x64B8D5B41018949B830ad9206653672D37Ee8449,2
0x64BFe03502DD1A218Ac9930cF6e9499ae1B42CeD,2
0x64CB7e508598D7a40E6277907A675C1C69D7C84d,2
0x64dC02CFE35189F8644f6429002Af6AdFb866858,2
0x64dcE5470b220dAFfC892396422477BB2d7B815b,2
0x64e47D59676548A92De8BE9a1e64f92Ea8fEbc0c,2
0x64e7462846ECf2E1577F899cc34B76fED6425960,2
0x64Ea16583B3677AE9Ed8bcab86F1037dFd4F1F13,2
0x64fB98F336F1123EE6C19f4Ae420e65818A2E9d6,2
0x65028a82a9D8D89687c211e7A37071F13Bf8390a,2
0x65091951cD10b958016fa84929239ecCD1a6Ef71,2
0x651171F6734696222C2b1FB8f54b0FcDC896cc8A,2
0x651c0693BB36BC81d5152792e976E6C9C89BA091,2
0x651E24f2d8242dC5d187b26CBA91D202FDa88888,2
0x6522152EBAa77c672646FE3D139bEE940f1E68A6,2
0x6529578bAcE3327dE14486De3bBc3d3dEFaf83ed,2
0x652b0e6F234dcf277E23214Bc998c66B825Cbc28,2
0x6539EA4f969943fE26E610D8cC9277C8cc0772EC,2
0x653f5e6317970084bA99e49F009D6d09fD7D318a,2
0x6545D7f5Fa26a03f884d438F99438b77C91575d3,2
0x6549e90404980985510575940c47F58881D817D2,2
0x654DeB4deb0C7481B7Af084C4896d635f20Ca648,2
0x654fD652eedf25ec2C916EdCb0905325e5Fa2257,2
0x6555a390E34aaA2CBe03C1bD12D584cF460944E3,2
0x65588ADafEEf9dedef19c5Bc8ECB91E5B9658EB7,2
0x6559128A83B9C93281A53038B8810DB349D61527,2
0x65840Aa7E899CB85F9fc91A9BfAbe60CE08CcE67,2
0x658493AA013a6A6AA7E4c977F5700168B80cc428,2
0x658b29fE99cc541355b3b8235702f2151C0C9b94,2
0x658C9c326Fb49eDF9ca715D695Bd831915739326,2
0x658Fad8DbdAbA30189Db70d1CeE8540783cFAeA5,2
0x659aEc6F72eE72b5b94ce42ce0F3159324EF9B98,2
0x659f2DEb0126F0C089f1BeFBC5D8D4e45C3bADC0,2
0x659fdcF04Ff13f8d8247B3D715F37cB1a012dD20,2
0x65A180BeCF13AeDFE639Bec2749a96F47072E1ff,2
0x65a3e4984e01739363Fb81ecC67966DAf03aCE14,2
0x65A585ee33fCF5E7e7e6e4Aa9DE33FE20b696F1D,2
0x65Ad94Bb30fb9949F20A02f641d118d20866b706,2
0x65AF69D96A88b453bDD912A016A60FDF3c2707C7,2
0x65b4b1F05D7b91bD6ce3c19dd3d8631388f4a92F,2
0x65Bb5CaEadbbBA85DE38c54D1cBC79Ea88488947,2
0x65C3537AeFc52D848d31A49fC02573cb40C4202C,2
0x65CA921a4e2411cf8cEdA3cDb2FC37E200477777,2
0x65Dc3B5856b5DA05E286F33d5303191eD3e2a071,2
0x65e51A6F396599558E647D7E4D8e6e6ca6eE4A9b,2
0x65e635f88D7c0D522FEe14d504a0CF5bbCB94140,2
0x65eC87b23Cd2712acDA594e97B910645F5c8158A,2
0x65F8169Ef7cd5f6D0bc90D4478Bc234762f9276a,2
0x65fD32033efB5E207dC1898c320B2407B6C8f962,2
0x66061d6eD9DA6F95ba4473de88165B878990912c,2
0x660F89764fe82F1670C4bF59aa8279e2a15a0113,2
0x6610939aEf6104469e0EC0bC3c6449884ff57444,2
0x6611857c57C2c34FcE32E41e2Da06A702964B8b8,2
0x6617930979a4F42A72403f083Da6f886901Fb090,2
0x66188F7D2013bf77a717bCb99aC421EEe7f17B38,2
0x6621D1eaa7F8E63626fcD1F1feAA1dFB00cFA177,2
0x66267aDc72d9dcEf3c01B96C45945E98Ba9c6c1a,2
0x662Ce11567B10372b967D4252baE7b9bb516F757,2
0x663196cCb2BfBC9fb769B5B8746C92469b8a4F40,2
0x6634f9d0c6B7fB5764312bD0c91556F51e67E544,2
0x66429366ED911D8426d2313CC440D1c1AecfDa5d,2
0x6647C0cD7D9408FF4925e62cbEc9C196Fc8C12D4,2
0x664885540B9D3Ccb2AD00c96b7F6073C636d6Af6,2
0x6649AF4a5dfDE574894ED954d2994C3ABC441a1C,2
0x66555370FE180109aE53A6c521865aC451C8E8b0,2
0x665c7Dc20855460Ca29d4F4Bef2a40B2438B6c02,2
0x6663F289Ae90e38318D90b4A0B7FdCd7E9033802,2
0x6664c77EC8d4e725e41c2bf6dD8D8975463e3177,2
0x6665e67a065b9f426e7A73199D99292Fed7D01EC,2
0x66666611A6c8D2C004c1c51DAeEF45eefBdBb9A2,2
0x666896E77E06d6693f70a997D8c38818740661E4,2
0x6669Beff005F900e664dE4189D5fDe461D0a1CC0,2
0x667C66A1DDE2eF5A2f92414Ae51e07a8d91E135d,2
0x6681B29137eAC9B2AcD16483706eeA016005468b,2
0x6683eB9687A7F28eAce6bf32054858CC11a427A8,2
0x668DaC51E4B04A95F0A2A6Dc45ec3765a2475D8D,2
0x668E4809187eD09e976D5BeFa0807624480735E7,2
0x66961F5bfC72163A3f9b396515EBB006B183F72C,2
0x66972CDB1e5B0803d5c8acc723Be139ae9E7C068,2
0x669D7E4a54054E522fE52Fb9E0791eD785B14Be7,2
0x669f0e7Ab3D32c75d446Db95DaC90298F74d071f,2
0x66A018fA76E69Da86a30CF5a12074B12AaA77c77,2
0x66A071d0eb495Bfa0AE43Be70430c69fb7E04441,2
0x66ABe26775Cb7Dc56354BA1791eA64D79e7A57C4,2
0x66Ca99246bb63278714037c03Fc4aE8e9887FE8b,2
0x66d403f9BE60Ae04c4987da88c39BacF616fBBA9,2
0x66dE6fa58100e69BD8094f68a035ED918Eba3e07,2
0x66E275FaB9D04b9557198639BBFAFefA7d8c81B3,2
0x66E643005Bb99fdcc33F91BBb1334d67D8E73caA,2
0x66F1e97Bf4c7051f2577eEC6709a14DdC90427BE,2
0x66F369cDCC43985b7f020EF27F351ef1a931BB68,2
0x66F7f29885bBC6c3758d46c440d2B9B7fA70d7e6,2
0x67087AD5Cca4dD3bbeD11a9865ef88F4CD55D0D2,2
0x670b8e5A83eEbA1FaE45fE766d42ef2022039733,2
0x67109259D32182524C314efc4A4B90965404efF8,2
0x67133Ce6d0787132d2a47262BeE05De49fbddCFC,2
0x6720FF51E1821067631b7A1004e5654C6dB8bA83,2
0x67364ad8F3128A514dAC47032Aa4fbA3C5E65495,2
0x6737b9E75bF306Af3113123477E861A7EdA49181,2
0x6744Dcb0a2e036529B6052F0Ac2eB487eC9Cd52D,2
0x6746673FF1db9880238DF5A2cC6f93B8dB0A0EE0,2
0x6748f704E72cdFb388c5b9230abBB63Bd4a3F33A,2
0x674f1C8F23b0863A21A97Ac2291E7658514476dd,2
0x67674A885132cb22CA43C2622C3977cA34Ce5545,2
0x676c05BA4775e06a483214c1F40193ed22677F5a,2
0x676C57518a19d63bf80b6eCD981A20295D62D030,2
0x677070799273Db9C148697A3694a1bd8976586d0,2
0x67708ab7f1ec2b6D1BCB47a03d67D2c995380b6b,2
0x67746F44A4b4161dAac6BF8e27D4aDb0935b54F5,2
0x67819066e5231745fba1e6d48138E53164e887eb,2
0x678596C61aC0604AAF8156A5C31b9e62171dB0C0,2
0x6792b4Df5F4107d951AFF0B20F89eB84EA273b52,2
0x6796EC5237E19CD7aC812D87E020D2Ba17e9c95b,2
0x67a01DD35F200dcf45Fb01932D347ABdE33A6636,2
0x67A59011f18040594F12A6d3F876B6e0f66aA425,2
0x67a97668A585E88Cf12d7c14D726E1614Fc31B0b,2
0x67b21BE95134a17cd75b79AFf2eE026d6C939D6A,2
0x67BE7Dd5a9a4502AB10913CF49F48F7231dEC831,2
0x67Cbf260D3c2C58042938D3eC3E18a645F1a3f64,2
0x67D2f23e9c051Cc13D65b1D11769781819b13820,2
0x67D9A54748E30323d8b74B68eDE4E9E9b9af7139,2
0x67dF08a3a71C691b7e7dC5D304A5Ce6E91778C10,2
0x67e45848196357828D01c6a7c26E22610250A11d,2
0x67E99Ec6A72CD196BAF2f26E8d31Bb3d9Fa3F533,2
0x67FD3003aF4f502e88601469fF85b9291f0eFf83,2
0x67fEcA73b0A7043f71432CDe81e9037E99C156Bf,2
0x67fF3c9C675d584ad7aC951BD99bbDfa17067853,2
0x6800212FeF0f1729B96210e3Fdadf50FC21cF4e0,2
0x68089Da7d51A38676eb74bAd14b052C0D48A5099,2
0x680Bb154B266E977Fb861952747Ca35ACf6a0836,2
0x680C17fd53d2Bd851507D8B342fA3fd4545dC58D,2
0x6810af97aD262928182D9551E068ceB5cdfE7d3F,2
0x681B35c1b97f0aa37a3a9547750b6a14E0e4421A,2
0x68236E5032c51022fc73D607Ff5B81b969A95de1,2
0x68265631Fa49597E83D31761CC4f180D4067b926,2
0x68278291dFe5d89ee1Ef5EA779CB702dB72F1692,2
0x6832799161e4b6973dBBCC4fAdFaC0b9A773A421,2
0x68352abeB54E1D7077D21b0dFb2dB2026976222a,2
0x683735262E3a8543aeFC939ab890C6B037418Cd5,2
0x6837412D49C78C0e2a9159c214d243c16F62EaEE,2
0x68383ecb301563dec6a2b58C18e2252EEEf4C952,2
0x6838C9D6f8c1A42b73f30078D659100aDC02F82d,2
0x683987EE37b9B5F0e33aBE07D4049727B7659851,2
0x68553cbFf2c6bB84BD56AEe58cCE2a8723F91e2A,2
0x6855D597d71411dbc0277da3C060C80E950e23Ee,2
0x685Edc87A5a1d9d291055F2f08fef0281632c7c2,2
0x68634e035322376A824B69AF143fB087ea214D55,2
0x6867156fc88bDbD765bea0169abcD7b886f0B788,2
0x6868ac4f9B92421c0b8D4c6B39CB38Fd87ACF394,2
0x686ADBFCAa75f7491bBA9F8d035613671c11B507,2
0x686Cf138B8B80409Dd8a39a53f8F28cd390e5F8D,2
0x6870beb1724d6a2a602613D7593f4d5AE727291d,2
0x687262a6C924ca06D8dD4240728065b6d7c5c930,2
0x68783cE26215837359Fc3e8c7Cb59e93f2Fb7236,2
0x6880F76A5a2382d39E3ED0c6E5746A698B1fc980,2
0x6888F9ecc2d5b2Ac8e959710C08E151bDD0B77fD,2
0x688F9499f748053b14541F5c596c53A1b002F52D,2
0x689Afbae02a62d10e9a20A6f76B08D94eB7361f0,2
0x689E83863a5CaC7bf875304d6ad7A979cAF65a54,2
0x68A11b949D68276c0220cf6C16ae6515dE2187Ba,2
0x68a239E7b7274e81950e0414FD6AD6C8BEAA2960,2
0x68Aa761c027B5d5f528f359101bC9EC31504a18C,2
0x68aB3D5783a4c0135D9C15a5cf95D9E086722222,2
0x68AD1Fa00cB9D499B73e85c6449766374463B6B2,2
0x68B22AAe6e01050cA135c893d192e6EF2735a9C8,2
0x68B3003635407218021436457e50d36a368344E2,2
0x68Bbb53a5759e9E8D00F96e0413F5EF560505290,2
0x68CB715CDa3e365cbC1d63378a4793Da2C5ffE40,2
0x68CbB67E163e6fc5e9780B130A599BFd5D0FBB07,2
0x68Cf8ad5be84c37fF39129739bd26DAC3a302c27,2
0x68E03Edf580aD00A27aDfd0070463E659B3C7EbF,2
0x68E1B9CC39986B77F0CF56C094625985Be350C38,2
0x68EB1C4b30fAb39aA04B8C43C0763e475Be93ccd,2
0x68eCB733BAf087c3FaCFfF6eA87158d79bdAAB90,2
0x68F6e1Ba446134611cDBBCb11582dD39D3b62968,2
0x68f78692e09bA2D1887aFc6fab23E60A29497dfB,2
0x690117c0DC2F684D6CA11a521075fdcC534Df72e,2
0x69085197925c43ebC19FbEE28796ace6712126c7,2
0x690De3A521741D3FbA8BD95923518E79772fFcBf,2
0x6911340D182B260f18f960A1a38b3B33356F7941,2
0x69180D0598e43CeAfA2cF7839926c18c7b271f2a,2
0x691cA446940433e0327E84348AE327C9F81b0F83,2
0x6920DE5b146426C4520A7Ce8Ae7D5c5f6eAeA25a,2
0x692Bf7775D3FfC7aDD1F11aea04873825afe91D3,2
0x692f6e860DD1f952020dFf238d1fF80802Cb74D4,2
0x69337761c61eE68D3e12dcB3a8E69d6239146c89,2
0x693a41259650dE0D6058e802f7b66eb8632725B5,2
0x69459BA40bB3B8cFf9b0a1daa54ba5571c4dCeF1,2
0x6947F763A87E2c0ceB1e0BC7C2f8e0bD96E88eC9,2
0x6952857F66e728d640f350208E67fA352aBfA344,2
0x6955f23eAf0fe69D417E15236b61C7F37F288888,2
0x69560abD2bA359EE78B93b0d46b895d3fEF35555,2
0x69609Daab4805178A2b702e8669cDeEea6855adb,2
0x6963891B5Cf5fA669fEC7B380529e21335018cd6,2
0x69696a07F721086fE4ac5999889922e63bE69f73,2
0x6969A3a9cC1245b409661ee3F7ee1b447104Cd83,2
0x696d07A647C9e2F2e0FfEF6791e633391Ad4280B,2
0x696d2e0c35397f0484B16CF7AbC86E8c287677A3,2
0x697489147e3CE6aa99E0fC00bBF58429a6BDc2c3,2
0x697a1482123f776d7b24677d7449cb9C65672A9d,2
0x697CB8B5754E1e9001abe42d6be95fF598Dab13b,2
0x6983AdAbED67c8De6392fa12F12CA6B5Db7457E2,2
0x6987246082B8CFdafe2e60F1558a3317d083115B,2
0x698aD3523334dbdcBED2EC48250C9D0Dee5F027f,2
0x698C3A3F06B7EdBD175169d1cfa219c8232F48d8,2
0x698cD5B7F3520a7fFAE944b9B00827EDBCCCEF64,2
0x6994Aa3C83455705A514798FC29AFf6D94d06dA2,2
0x6996dbE85d0fCEAA00f9780Ad3aa4BD62BE5f36A,2
0x69992998f2e09f026B1Ec4f0A7F837017Bc77640,2
0x699a4Fbf7f094cff9e894a83b9a599B03b2723A1,2
0x699FD96Ee6f8C31DC3C2c5fA94FdC21B5052Efd5,2
0x69A00FAFe7E935FDe9Ecb5c53f23e0E409A33E12,2
0x69A47ca9B99414C602dD1ffb2fDb6d6305301676,2
0x69A77B9Ca4D106690751866360F7bB5952B2666d,2
0x69a885B039de62a9A5F5A984a2dBedcf222162c6,2
0x69AA6F3e4FA0ECCcDBD10AFEe69a5585a8f40e4B,2
0x69b1d3d6BfE3aBC9bc7E094c178e0e8573AC8658,2
0x69b8b8211E3be3b31E54acd8747a349D5Eb11111,2
0x69bDB22C666b3F4E8519f18ca5a41251F470AA6a,2
0x69C1DC4500d91f6f5f226dF5768aDCA5acfac203,2
0x69d2b59E215b2E5c400ecBEE0675b0CFAFD36DC4,2
0x69DfBF540489f57513C9A7d164ab14Efbf2B3882,2
0x69E0995F48122285EB3BAE51edC64cA28cd69524,2
0x69E9Af83edF0Ea708f6FAa57AD1fc8711e1B3125,2
0x69eE3425960b0FA7B18dc085f3015bc8bAB78CD6,2
0x69f186c06c473D44fb8675bAFe8304C14630fb82,2
0x69F37Ee0453d4AD3ee4a6464a9BC346798B4CdB6,2
0x69F81eAB61055e34491131A690eDD1eD5Acd9841,2
0x69FB30e452051BC24d62706215e7a602b128183f,2
0x6A037b9B16A88BCaE5614D5221991B423e90A315,2
0x6a07fD04F65bb5FaC56c686A9D1ac0Ae1d52d749,2
0x6a0C7124394b844639da8B5d4cF1CabF1B6cF571,2
0x6A0eDfDe9c6D77C193F3917B6203F207E59dB6c5,2
0x6a11090320D68c95B4bCa9C3eFd66b66e296DFE0,2
0x6a19891E91a3D4d690Cc8F9627290D25BFd34Df6,2
0x6A1C503b25aA33DCC5182039762d5dEd4741693C,2
0x6A1EF6F7185c6E2a068831bD96236eA26feeFa3D,2
0x6A209783F73021894b09e4e054144Af61938b2Ee,2
0x6a20A7355f76f28cD0e20Cb294307c182ABe00BB,2
0x6A23052e6C71A837E8c1C1c40A4dA93E5Dc9e829,2
0x6a25AA31964f7f6DAea0e46C650B241682b445EA,2
0x6a2A62b0e19C35550D563BFe0DA4767Df37Aa867,2
0x6A31Ca573fE30a3290d0009cbFF4105DffD414ef,2
0x6a34b191fCd11531264fa53F3Dbf572F65cF9829,2
0x6a394Cf9Fe0024615411Eb7F03B6ae19c29c025C,2
0x6A420bD561fAFD83D40e8F5B1b3b40Cb4C336e07,2
0x6a45FeC6Dd688753f4d40f95835af1Cfc9c7057a,2
0x6a4C74B615Ffef36fC12f33C81193E7dCd64A2D1,2
0x6A5D26288b3463e9fB9A18eB0a5B7960F2D46790,2
0x6a63092A466861931F012B976dc5AD41e1eFdcBa,2
0x6A6611AB2f6be27a69d95E8e34a47bf93060f22B,2
0x6A6Fb1440CEe27690CEc90266112BFBb21996c7C,2
0x6a7476Ee10008f18EEcd7AeDb282ED5F76314212,2
0x6A864208b31d24d1c34061a1083De6F5146D137E,2
0x6A86E2Eb0FFd0e0dF35EEba2e55B85f019aE70B1,2
0x6A90A22b8af50c0c59E038f57596C5eCbdb695EE,2
0x6a9266C1a8fc9E87e70f7c928F0c9CB12E1bf9B2,2
0x6a9696899e5b114342882C358ffC7C4e620e88Df,2
0x6A9AF23F770B34C32Eee40047eA695B6907E7E0c,2
0x6A9F0BA4D040df8946699954eDB9A26B740dCa81,2
0x6A9fbf99e90d915d4CCA84bc5AfbFf755cFf131D,2
0x6aa065A9b4408c054b8DcC24bAD1049C8E318722,2
0x6AA840994c2831Cb8dAf455A25ce90A493AE7332,2
0x6AaCA8EA40ca20F17b3F1D8E9513C900a2c0a55e,2
0x6AB1E7A4b05324d4D0d58897f467b10C016A636E,2
0x6aB4498175e760f2D990556BAb6424c1C4B77777,2
0x6ac23cA42e8487a1f8Bf48d5EeF6851CE493B10a,2
0x6Ac987449e18751327b2cc1C6C61713052f9eE88,2
0x6AcD2f61eE909F9BCe9D34b4FccB8d95cA715E4f,2
0x6ACe5E1C0A5F70Ec98Ae0EF58Ca863F1D16d6074,2
0x6ACE782f7E5E27a7F61997Fe3834917de2F657bA,2
0x6ad15117EB6BFAC2D33885FF050dFd2AC2724aFE,2
0x6AD2265B42AC8eFdf28cEa181e476f9cE9129E52,2
0x6Ad9D916E0A88C7ED3356fF779052e08D84cCBA5,2
0x6AF34e971ceb1944Bc379574c37Efd8ad03a022E,2
0x6af480e6Df723F6A64ebFeC3c4c8272bB174281a,2
0x6afae90037A9E02ccD72ceeb1781D0D190172c84,2
0x6aFcAEF17a202dd0384b59095AEC5012A03d9D3B,2
0x6afed50a6D7263aD500C400EDE53D5A484a41E34,2
0x6b01f42aB2481A8A376616cc0C6269AFB6fa430f,2
0x6b0427FFfb826aB00fefb0e1c11CF1BC2FB20196,2
0x6b071a6F27789Be677D119Bfc7838e37dF5e1446,2
0x6b07E50766b694EE1fE04cDdb52fE15Df8D02381,2
0x6b083258046e1a1db9C2059e42d6eA218F82ab53,2
0x6B10E7ef8C3eD64F4C7FaB67d009A7d2a7F31aEE,2
0x6b16285a98895975306674206Fb6F178d928B6dB,2
0x6b24E068f286004faCB0be3E5d903774950Cb170,2
0x6B2Ce227B0073f52f28fceC376D2bCA747742C42,2
0x6b2d83cB538Bc3b046cF8D388F37e617e54B2Bf3,2
0x6B2e8027F8d04371C86A0c3Cce1A5ed532877B9A,2
0x6b30CD3a4cF051bb223A9f489552d8B2bEc6b019,2
0x6b33716D771CF8e1a7B80e05A5ed25b75d863e3e,2
0x6B40176cdf732dbB35C1d0575c9B829817410984,2
0x6b4E7bE8aFa38272F55575Bf5f50f80E0392E478,2
0x6b520C97Eb18BA6c09e10b17ecf280dE273b62e4,2
0x6B5D8283b94573Edf6bfB71641ce95FA22160b76,2
0x6b606B5Bcb814ccA9266DEF96b5Fa2042FE0de41,2
0x6b611D278233CB7ca76FD5C08579c3337C01e577,2
0x6b61a9739D08c59e35073a1f4088996403DD8878,2
0x6B6512Abf3d357D64048E92FeE9b1267D11fFb65,2
0x6B69aE5D3CB76641C1e04D14C5Cfc6b589c8E8d3,2
0x6b6Cdc3A9980A18D9045f482848fB04c54458aae,2
0x6b6dBa589eD3229c4452a1e80ab6466F04Beaa8c,2
0x6b7315F7307496f3740883c9506323133dE74faF,2
0x6B774426dB153dC60Bd45507bfB09a644b238dF7,2
0x6B7d6508693F44738A67FB424B50C774e1946561,2
0x6b7fc3a9b0d746a54AAD49e2d87f538F739E1C5F,2
0x6B8013B4ecB2796de1BfF699279bfc39236AE81f,2
0x6b84479a1e76eA3BAaE43e50238db3d67dC07632,2
0x6b875Ad27E57a22298Ca4F96e036cB88aAcba18b,2
0x6b8a157d8a2DD6CDbA2D5AA88Da9969D73FA49Ea,2
0x6B8AAD467DD7A13C73f505dCa23555e5AcA69248,2
0x6B8d4D330a78ED0412c1ac98DCEB6eb3437264bd,2
0x6b8dbdF6ccd416B6cF8e364d9Da9DD028ED748a7,2
0x6b92F28c8F5aE59D85E72203bC8062cb29c8C5D1,2
0x6b995B80BA0A93ab2E06df4cBcDD182a935932a9,2
0x6BA18C9f386DE9f23a42803F93170Dc12f6b8e09,2
0x6bA222cb7bf3E9E3Bda9f5C4962c221806a55Ec5,2
0x6Ba9E484a4DaFaC57d4F27355eaa71f224A59Ab8,2
0x6bAd948E774cE23b17EC691bA8eDB7c49aE51d5a,2
0x6bb87D6F2b64042cB1018663B927A13830119D02,2
0x6BBB19122942f7b3016a5ED1a75D0118c9C90904,2
0x6bbF822152d750aCf598f7b5076552cFFF18d812,2
0x6BD1B88230d7F97667e06821e02D337EC51B5b91,2
0x6BD1d69BCb0247fD6093C90F000844623242EabF,2
0x6bdEc8E5175a9577993944Ab5285Bbe2d0C6C950,2
0x6bE040C832B9bcAae76BED8c76295A4AB7Ee766D,2
0x6be2c00b428E6Cc86317183Ca284E6643E611129,2
0x6beEF2B2fE00FDDCa12A8CDA2D4B00435b0ba3b6,2
0x6BF3B854d481CbB718525518267E0e22ae3Ba4Bc,2
0x6BF5E8e3711C4Ff787874bae84bb6703E834c565,2
0x6bFd2FCc5A9D63BFF13E74b0630e8d8890b5B7FA,2
0x6bFdE378Cc51a45D3f98a6402B226bEFe7Cec00A,2
0x6BfEC329b392Eab4A29A47DB1a6FDb58D1215E03,2
0x6c0578173dfE9C399A1aE93647e8Cac7DbB3022f,2
0x6c0C2DE30ac7220379bd344CccA2DCA004611Bba,2
0x6C10a7cC9becdB9C7baeAF3C6e97fE056161Bb64,2
0x6c1227e4bc04bdC55d9A5645fB4C50C80b704256,2
0x6C16De411d2dABF64DE29b4c03f30Ea632e62574,2
0x6C22e1e82698ceB90321a84eE82fC00d76171955,2
0x6c27660bA21Be641a03Ea919a73efCeC09BebB9d,2
0x6c284d3C5f73A8d5b0772F217aBCAD6EAb8492DB,2
0x6c382fE681B77fF8daE55f0517A8769Dd8F89cF9,2
0x6C38d201a34Ebd50670062eB2E3BeF9a400996De,2
0x6c3b2710579228AFA2D33eD99C9Ec9F9cef88cA0,2
0x6c459efC19c53F9dA79438BF788F6496Bdfc0868,2
0x6C466Ee2DB5aBC62164481B3af65A7d7815d3ab8,2
0x6c4f36f449abe6e00866c20d245d602168c93401,2
0x6c5782332a80B5A63dA38474996A07dbDe0Ada06,2
0x6c5cEb8593fAb9A04b38586Cd06bBCF588888888,2
0x6c65610a32A6A9722D8f91D9F62940b69Da756F2,2
0x6C663be8a598938Fa515BD522F41118a63833639,2
0x6c6a95a83368115515B7e887170D195872cF0621,2
0x6C7386B13756936EdbBB96Fa47d4dd9240C7B64d,2
0x6c786Fd86b622E8181a9e83627c86D8af0782771,2
0x6C7d606124cAdF726B3cA37FA5F3a8Ab0Cf11111,2
0x6C7E1515277757997ecC040152aD106188Cb0007,2
0x6C7Ebd3fF35311a1F4f36f587502a626C2DA4d2F,2
0x6c867D74f1ABc6Ddf5857Af64B9DA4DdaDA72CC9,2
0x6C86E7C9db55177f1097Bc56E793c7aE5D13d465,2
0x6C886a1011795e4895cC12aEe315e086b05D4158,2
0x6C889A40Cc7111c7BEcc927b37CCF2c5f040e37b,2
0x6c8B24906DbAF24Ab61a717E3938b93375B24565,2
0x6c8eFffB9A1067deF371f543A52f41B9722f48C1,2
0x6C8F20568e94667AE8eB4e3e62BB38391225F7D1,2
0x6C95D435B0DBE24b349a26fAC2Af72B4F0d2e383,2
0x6Ca9595BD6AF3309A8c2B0C669810c12F85b1eA0,2
0x6CAc73084C78F0FE59249168c5aEAEbC8556C885,2
0x6cAcB42dBAc4cdDf59D2b8513CEB8CAc57E5E71E,2
0x6cAFb34abF394FE70994f7b9bcd0E006C2DFd6F7,2
0x6CB1697fe884570681edA5e4BC73B6CBDeA1c61c,2
0x6CB507E2b1D90c2bb1c8fab06489d463c469A10e,2
0x6cB7fBeeDaDCE62a7E368DB10e9D0a70635A4c75,2
0x6cB87737fF0a43fB543AA126258eB08852BF8476,2
0x6Cb8CF2dd117D47aEc5389F8F93E2ec9672c6AC8,2
0x6CC10Cd4f0ed5A0b8fadbf1B0938061B8e3c0B31,2
0x6CC4122cFfcf97ff29E76fE7370Eb94dA2f64C79,2
0x6cC4eAD03B6FDa979fA33b40546BA5D09C35396A,2
0x6cc56DF87592a290822674519e6120cf1A59512b,2
0x6cde0aBBAe49728077591eD977AA9770a26c5fF8,2
0x6ce759c9468adb2399a81B672f6Ad2135fb46c93,2
0x6cED9B7419929e3243Bff9e9d60bce7D3FbB57cB,2
0x6cEFB1C8aA2AD3ef17CF8c9e3DBF27f361FA3861,2
0x6CF8bCBc0a248Aa122A6Cae51f384294b1A47f6e,2
0x6cFc601514dDBfc12d9741c7e80A717BfA6572c2,2
0x6CfD7d3222E54053dF035B249ebedEc0E40c17EA,2
0x6D087d2AB26850f817211B15cf85B5DeBc501dE5,2
0x6d090407434E6a96898cfb7FB16730c9d11E8952,2
0x6D1002951E7AA21011EE81071CCDDB95e5837382,2
0x6d13E68d0E8CF0Aa3271b52CA246AbB402010905,2
0x6d14C2e98BB35F31bfA277D6f0548Da6a618765C,2
0x6d15059A53cce00DdfF12Be5dBdcF9A4D49a1C10,2
0x6D25B4756F9d249701CfA622f6620C5E09a99BA9,2
0x6d273EcBE42fc70E5e0d4D78fb75E0AaB88299Fc,2
0x6d2d75127C2d45ccbB70d6e636693253d0d40e86,2
0x6d32f07Acd09E83ff5Ef1f1ce396acfcEdeFA542,2
0x6d4A84acbC90414d66030915e51b84715B310E84,2
0x6d4b642fEBeB368c92df0Db562eD2e6AB0D3A15E,2
0x6d4F97bC946e75b3E7ECDd88deDaCbe46Cd41870,2
0x6d504476CeAA18eb8E607527a262eb12a7B5BCE1,2
0x6d5130937282bA7D221973b40a78De4a5Db3a224,2
0x6D51dA7097C8D3Eb51C5A105200635C291669452,2
0x6D542969FE331AA068c687A07bd47442B418F184,2
0x6D5937C73DDDb10Eb9aBF6178747f8EA5c6AA60D,2
0x6D6015E11e3608cc746C571976427462B21c9fB9,2
0x6D692e2d76720730C9Bbeb529Ac94131c5Ca846E,2
0x6D6d305c7c1cD32bf0330cCe86C5044429A95721,2
0x6d6f9aE649FeC4fca9065752ACd8286e1c7C5e3E,2
0x6d75BD1c110f0f69EE7525B3f04438BEF71B518e,2
0x6D77F0b4326c8EB55fB1FdA6C9e408C02413f898,2
0x6d805Ad24dB126512b7DE2FE8D0560784717Bfd8,2
0x6d883607354A8DeBFeE24402cDEbEeb616dA2666,2
0x6D89E952462674160e68595CB32B4d43F91cBF1D,2
0x6d995af82eed8d40908bA88BAD98cED3DDe61A31,2
0x6d9a197BFb4dd3a1B20b2c8763936a0A1eBE0a21,2
0x6d9ed472Da62B604eD479026185995889ae8f80e,2
0x6dA30E9B5b1F3061F1D90dDC779Af7b5701c41B0,2
0x6da336C6052c385d8c74eE60b0ad14b3d8026311,2
0x6DaEee20683dDB6f5E34C030882d2f81a2129df9,2
0x6daF2736DF28b2F2D9f0CFf7Ce4fFd8ac06cBE5C,2
0x6DaFa61685C525ed893b5571cD72D8b853ea1bb6,2
0x6db63306AD78e629537e7B740560880143Ea25F4,2
0x6dB7f35Cc36f040978bc3f066613CA93DABDA0D4,2
0x6dbBFDF05Cd7270816376B886Bb68b85A56913A3,2
0x6Dbf0d9d7Cd87eB5f48641151DA03c4a16b74B01,2
0x6DC12Bb1cF8D299EA7F7A1e80F7B9f429BdF9932,2
0x6DD7A2948b38bDe6Bd4503F8EF1eD71c700ADb78,2
0x6dd9EF90821aD274130c8DFa53582AB6c2A19593,2
0x6ddAA9551f8FBe14f994D2281f1FD62bEc7b0a0c,2
0x6De280d16248d8B6da1620aea56c53e6076ccF74,2
0x6dE88D8642B118C8f4671F552a96d5A763996C9d,2
0x6de8bdD19Cd76b89Ea2EB1ab6d9b245433652ef9,2
0x6Df18D128Ae852D34201891C03E943A3e4A2A552,2
0x6DF5d1EC0834438E15FF13414962399C9774Ef98,2
0x6df630aE49B3a725b976f91e2f0575F88Bc2c02d,2
0x6E09282d734aeF6C34faAE7D3a822547d19E3434,2
0x6E15BdEE944ECf0ab31EBc2072562f031eF67bce,2
0x6e1c06A33Ff24f4B055970d172f1257B7C7f545e,2
0x6e1d9ac48F065Dd02997e5dA3f0e2DFD9687cB9F,2
0x6e300cba264c8314050fdcaC2ECFC04C65758Aa8,2
0x6E33d3F19172357d61FA6C7266fa7766be24b210,2
0x6e3401Ff143D959e6465e53338Aa4174Ac488cb6,2
0x6E3Cd6B1d5311aFeb1357d69fEecFD6f0CE54E18,2
0x6E3Ce812dD5A2309498D9E58b0E1Ec81ECD2A847,2
0x6E3f7dB5390e393AD1B5e46A1046BB2ce8ff974E,2
0x6e4CFef94900f34C6a3E1d37D4C13C313A728505,2
0x6e4ec434353FE3A7d9D0B5e0Ba4500d9945289Df,2
0x6e53e8380dc25CC9359e7150B619F51821F6d966,2
0x6e55d38a3dc038293DD666e5BBda720CEBB6c23A,2
0x6E5670ae93036ba0d9944F09Fe8B5f28dD01C053,2
0x6e577e8D7732BECB110FeF5d9aeb838B15FBa151,2
0x6E60B38F119D94fd8d1BbEbDE9B5Ac71b0F31CDB,2
0x6E61bCb6D730Aa3225469F7E6036284337eb9637,2
0x6e6266b08Fca5110C0c76Bd90CbBF2C695E58b78,2
0x6e65f196Cb9CA29e10f37B642d1A6183c0f12b62,2
0x6e723aAc26D5C674E10096D708f7ff3EdB18C56a,2
0x6e7C11aBAA836dBCe2E571729c2bcD88E27D102F,2
0x6e825A9F5e250F2F64dC634Dd4006C3bB34A9CC7,2
0x6E8427c453d9367F9C01e3c9f6aa4a4cdeE835Fe,2
0x6E879CBC4a35Df7b978baBc9440d0cD2Ff2A12e8,2
0x6E8A96deE46B02Ef2E02A9488096bCF9A8Bce43D,2
0x6e8C0901D667b79528f69fEA0307F9c1122EB47E,2
0x6E937C77bda548D21036FCe0AdFc08270Edfc9eb,2
0x6E9387c9D15567320B980Fe9f52E7E28fe344f6d,2
0x6E94c95403787B9b988f28A55975E10037780732,2
0x6e9546bB05941fFeB070f4cd85aF28F491c17CAB,2
0x6E959Ab0CcC5dC5DBb60CBd72fe23de125a68aDA,2
0x6e9dae1b34ff2078aecc41d5f901a34be2c945e1,2
0x6e9e5Efc250965ed45d8534038eBf0AC355BB6c3,2
0x6E9f548Bcd0671912cEcAA25AeE787A401Aea6d1,2
0x6EADE8eD7e7527208F468Ea8d401AFC7F4E48592,2
0x6Eb19cA1975CeE505B28F426e1638E9c6a18514D,2
0x6Eb28880b0c29A97bB070d283bACB7eB8E2297CA,2
0x6EB512A1E3dBdEc0db6e2A3daFFA90f57baA3061,2
0x6EB9425ADC324662492d600E2DD7Ac32A8D76166,2
0x6EbA7203d689f57EC324e3b5C41e5D0A6fa5E734,2
0x6EbC074b1087ac99A5DEc0DA7A9Ac7b8a10D8111,2
0x6EC0cFdac4Ddd66E6d05D49f63C6edd389d2530E,2
0x6Ec5958Dd316c61E1f5799CE45dB06bC668c0dcf,2
0x6Ec637C6748a294230eA488211F86dfeAB073445,2
0x6EC67528C40518Cd9368f5b8f0a6A09FBB47FAAe,2
0x6EEf13A95042E257c03D6c5736be9C8F9024Fc60,2
0x6Eef96fb021680f24d3126d480955c6A1C4B6943,2
0x6ef8D86DE858bc51D758AAC5B3dFED2BDe32aF6b,2
0x6F0517B694cB223f43Bb13f858bA480FFe85E6F6,2
0x6f077C76664B5f9f2c2bBE5d4d85873348bAeFFe,2
0x6F0B3a8a7D505d91cF8Dd646a98b8149E0D077d3,2
0x6f1ABB7c362771C098EbEbf588E37f4CA3dFe77e,2
0x6F1e85436b12537c9c280a556d1340ecE0c6F172,2
0x6f1fC79E24416b008d3ad7344C8456b9687e172c,2
0x6f208ffcB317Fe12698B44B0a8Cc607012A0B2E4,2
0x6F280A7545280140f368676b9907CA0be2f1521F,2
0x6f28291c8868461a8a9300fD84e07FD44ADdBFd1,2
0x6F2A5e29e04587B08B5aF33f118bC4791aC632D2,2
0x6F2C6bb6F6ae4aD67772806A1FF43E333cEc6324,2
0x6F2e0F9CB00B2B77beBc255BF0bbdA6831C55555,2
0x6F2eABe074864467A7E6d0DfeBE10014b5e0B26e,2
0x6F3979fcAC9FDee771b96A0f957b0F69EE615EA6,2
0x6F3b66DBA3c318C405a0733D5D2cD67BFD57Aa08,2
0x6f40809d44b37Af0f11e0D088F980843f04269b8,2
0x6F457744d4A69c99824175fBf68EFf853C6f28E7,2
0x6F4B2Ad8ba02c21c5f180080a372d9FC301A5A4e,2
0x6f505dE5aA9C26E72A6E5a0017214dFa6C092536,2
0x6F51fEC7fCcB9Aa951d875A72e99216e62040D6A,2
0x6f57C7143c3c41A7c60FA8Ea0A18F17ca00D7dBb,2
0x6f58C938a4162560d878D1c55024742cDF7661f3,2
0x6f5BeD390C998C58718D85A077CB26AdAdCF49D8,2
0x6f5e2a95F8124BDb413A07d4eF1920BFFa791f72,2
0x6F61ef53aC587eE4a4D8b8AE50d5a6F6AB3F9D5a,2
0x6F6452eDf5cDD2978F9C82CD50aCA6A623Cf97f5,2
0x6F6D658388CfECD2A76A699951639363eAF40B65,2
0x6F7119DE892801F0C07f868d198B510b9C676F6e,2
0x6F77082fE3d9554700656d75B51D4120D7B5Bc59,2
0x6F7cDA2d64de66c84c05513AC0fF547f1818b150,2
0x6f7E3fD9e119E1Fbe4708b81E10604359e56a0E0,2
0x6f7faF69fF104505AFeA8C4c9865Aa482977569C,2
0x6F85BBD20810E7f70f6a99f78dD7174B3A2F1c22,2
0x6f8a67AdAFea9154C01c3342e63f80Fe348b8664,2
0x6F8de902D661a6770893561187E1471f882e738E,2
0x6f901d63BCE80501BF272A264F862461aEe88E2A,2
0x6F913229f98F7C7b411087b03444A307cb2aA95c,2
0x6F923dA4eb6A3c23907c0C0Df39AFC66cf888f4e,2
0x6F95A7e2699c83dAf0AE6eFa91501BF21F846934,2
0x6F96327541513BC4070Ec9CB88134dC1C6AD1ae8,2
0x6f96e12157B7511Ac515407bd909685b156BdEA0,2
0x6f9cFAccA63145c906fAE462433Aa1d1F147eec9,2
0x6Fa3508f67DAb24E4Bc1D491Fc53Aa4185528F43,2
0x6FA93BC6930056029eD466630618808D46d273c6,2
0x6fa9b344e1c241977157dB8F65Ee6369c0472781,2
0x6fB4EEa73eCb50d1d7a060C957967d0a7d379a66,2
0x6FbF856ed413F95b4694475e429F143cD2cCed05,2
0x6fC3e3e458724A74496351A7cC3969c7635d3E1D,2
0x6fC5420c5E6C5d9BCaB1f43897203100F714F54f,2
0x6FC69C75376C8252D170Ff59ef683F340525a5A7,2
0x6FC9a00D72bE12911eE0213299ba2A25E21D089d,2
0x6FCcEF81197674a1605Eba9B12Dc450a8Bb780e3,2
0x6fD155b9D52F80E8A73a8A2537268602978486e2,2
0x6Fd317808783543E1E8D5522966F9Fc2Bd286cbF,2
0x6fd483B5c4053d579Ba9e1c1Ef3Aa7225a556667,2
0x6FD96F1a38989407577E2eb2633af6D2E64D72Ca,2
0x6fDaC5d9D226d4aFC81d5Ad393a0614d85e4d7a0,2
0x6fdD86259eea6E68A066c17bF10500eF2D2F37d0,2
0x6FddcD5F3F86ef108d4fB535017f3434be5f795F,2
0x6fe0e426357ce620C6Fab2393985ef9a98D96329,2
0x6feAA5ceeDadF6730b50825c7896316491838b3e,2
0x7002025bdb3831F3BaBf8DC82A580466FbF4c761,2
0x7009a9fb35Ad495942Aae4eCBFC5673125D7F6dc,2
0x700Bd2A9270c1D39692d97852E913Aa908ea5f42,2
0x70134b15c0A4ed52370bFF4AC131FC0311c351ae,2
0x70176ED8da614D70941ddFd4c0da0C6C83dD016A,2
0x701c6c1f71E845E36f5E80eDAc81F0810A806A2A,2
0x701e26CB35Edb75E6104d1fb7FE1433a05a44a7d,2
0x702877736dfF6128a1188D3a1c7CB9E85F92661D,2
0x702C0a12818958c9604B5b268daE5A1a05502b4D,2
0x7030285f4c1B35dcAE20218ac6006a8e90f55De0,2
0x7030d32c372b84049b3bEa96930a00E759898e03,2
0x7032735CB86B4D3e4BcA44818E7BEa351b0BF71c,2
0x7033553C157F3Df6eFe3975045219D82834b85fa,2
0x70357CCf6E8736cD7DF00e6BbBDdDD2a815A2ad9,2
0x70409EF4C4933C0Ad2d727CA6a568d2A2Def0022,2
0x70445b7435ce03C4d09f428bE7055Ac5BF58073B,2
0x7047ed35c4c2C89360616cB13a42F6Fc378A404C,2
0x704b792dF2B35e57DAb404672bD08a9252956781,2
0x7054536881c0E76C2369C1caB8C00513Fb1Eb5a2,2
0x7058e3650889b05EdC0650f9e5A07B89f8e71256,2
0x706369Be44744549c5a713de9F5CEB87b62919aF,2
0x7071d80944BDF6dFCbBFca1bF4255A42937473BF,2
0x707d0CF9Db6cca1A7595d93Cc72C55e20D07a4b3,2
0x7086a4fA1668576625dc08aA6f1622E8EDc41c41,2
0x708983DcA28BC3F39E7aF4B3c67509C505bf4fcB,2
0x708D67244898b3bf7283b4a496f22c6e88F0b1A9,2
0x70919Bf703307EDDb8419999e6DDeeF62E13c468,2
0x70957f51BDcB14691Df943eDE785652AF6a37268,2
0x709874171Eb69207327DA50026DD5E3457F92edC,2
0x70ad32678404620D671B6873af819cAdE2E724eb,2
0x70ad955d5F34991E81Dad7Ce2bBE418F8D5EDC07,2
0x70bA81296dA3b477A7CE3F1A5f3c9977732D02Fc,2
0x70c16fC39e0acDB287dC85E5E1e7d27dB1217644,2
0x70CDd03D55eCDb73A379A8b8CD508a78Bcd65464,2
0x70D50867373331acDa3513FD353ec4d394F2331C,2
0x70D5Ab62a604F6f6C4f91EaDa68623aCcB835C50,2
0x70D68897272e6FAac92E219bf14B00f702fe79fc,2
0x70Da6B63037f2D162Fb7E1B842EB14fB6F43F2dF,2
0x70daA14Ba6e7691815b10ff27beF779CA94De823,2
0x70Ddb5AbF21202602b57F4860eE1262a594a0086,2
0x70E140091CD10EcF70C2917783dd3fcf102447ed,2
0x70e896e7D2FD56AB7C2561Cb10Ead3EC6eac32F9,2
0x70E983a8303f73Cd7af87E91D528B7074dfade6E,2
0x70eFDaE075E6325D4AA454439F971B49C5f1c97F,2
0x70fF5a166b5F6F13F5ebF739BF947Ec895f2653a,2
0x70fF86082be6a3bC557628af972f7Cea468081Bd,2
0x7101064F2f57C79054ECA0034fC544E9e8DF7c5f,2
0x710f08f673365eE3891599F39cbE06DD40CC7FA9,2
0x711281C1b26AaEd86E40e4cAaf76c1962B45E161,2
0x711aB63F5a8118DE021B8bdB19D0dd2Bafc200f7,2
0x711AF6be52b827C27F1D318a7eC9083B6f1Cf39F,2
0x711bdaFEA11Ca315e29a331d427d9f375b185766,2
0x711BFA1309EEe9aE2B123bc6cAE6c269F102DCB8,2
0x7123f6484F1207200DFBb0fa76A0C22658f83AFE,2
0x712869e688D974C0451b9D2A221f00EDb5665f7e,2
0x7128c2648CD9b8E76DAB1276bD436037c362aFe9,2
0x712d6444E4FAA4F2d967fC93544b616BF3b2676e,2
0x712f6a3bc30A598fBFb0CF3BeD0cD5230fe707e8,2
0x7132f37E94E8752ED37F3239597E3d927ccC2d83,2
0x71362355D840C5BB69f21cf7402b9cCD6b8dBA99,2
0x7138E7CC6dBa3ad317765D9F2ac7EAc99394985D,2
0x713aec88C216Ce4B110Cd7c0F8953B980055713f,2
0x71423F197ABE093e5C7877Bcf49Cb0e7B598F40e,2
0x71502370891A839bE6b0572dC88Fd3B173Ad14B3,2
0x7152b55B9b0610A2DA7bbcdBA53bc13Aa39DaDAD,2
0x715cfa8562222E9b4081C688C41D3327330359Bf,2
0x716529640F0b4c43149Fe93f07e47bc4326B5513,2
0x7165454b12A6F858F56CDB8e375ed584a49fc0DC,2
0x71670E1e15DB57F7277823E8C97FcF1D8B8B3303,2
0x716FD01CD089dDB1D44047BAfc889faB771fED3e,2
0x7171E64E979265aeD6588577D1c6b60A701d7866,2
0x71725998422d362E7E65f12ede6040D4772297bf,2
0x717677F4722d86755e0B6155Db9F0304Ea64F971,2
0x717981A3abc513c74a0c7133A589bAe9f0a175Bf,2
0x717E9df2A203Eab05605E0DEaD28FE60b05c6f76,2
0x7184964A47060E2F5FEAC02260550b243B4770F1,2
0x7187Af60a0730De93eD5741f83505e6856ff8ED6,2
0x718B5059DA91AAB1eF66822BCB27efcc8074c7Ba,2
0x7190075B7fB416AE0f7D5C55bd8de9Faae2226Ef,2
0x7191d534E021D3CAD7a8B374b50838F857aeCF07,2
0x71940Fd796BE294300ac1D61F236FB01Ce58A5f0,2
0x71a6Fe59D8165304F4741b6945ba44AF2C3693fF,2
0x71afc732faC4F9081B9848f861f1461ff99d6AbE,2
0x71aFfD3DA39f3e2Fa09AC0EdB4b7850C3D00CDad,2
0x71b93c76DA0E3CdcBDaA56488b7De90f23AE51AE,2
0x71b998508f50a8875490E35F163046a6a9Cb1B71,2
0x71c066D87625CCf56d13f62B54b2154dea1d1e1c,2
0x71C80BDDD1bDd0e258B353A49B8BC7CC68186CAA,2
0x71C8C61df58deA7870778Cba3C76dB5572eEEf57,2
0x71ccA1F6cDe602fbAE48903E7e785FFB23c39f2f,2
0x71Db79E1b73efC130AdEc111c6C343CEC578fAFf,2
0x71Dbc1F748074BF88b3e1F9729B3fe0dD5a3567c,2
0x71e13030B439c96B411Ce7d04EE55E786fBAB596,2
0x71f1aC2E973067bB2F91D9824372DADFd9836Cc2,2
0x71F488a40473229741df80F76dA689BBc22CfB1B,2
0x71F59B9844Df8593c13eE73032E7f9705Ada29BD,2
0x71F9CCd68bf1f5F9b571f509E0765A04ca4fFad2,2
0x7209c8CEe7143FdB473260B9AeB06d610c8c5860,2
0x720A4160A5218AAb9ae0268d1e2FD326539062c7,2
0x72145210D11D323BA087Edde7aC3c026563e2848,2
0x72165F3DB87a38FecF058c8c1817a4641eC5A4a2,2
0x7217b2Cf4cbfbCe7419290B1949B417d2507a65C,2
0x7218f7a894c4f258086E08889e9a94D54705dD4C,2
0x721Af93ce6cD292fb5559bdfD742Bf6d2FC31A34,2
0x722D46c3A9475D895016BE328fc7C7932F68B68c,2
0x7237293d7fbf244fA1f411772E05C22CdAB23d58,2
0x7239BEd940E2CA3B170d8a996Ff2E6EfE0CcAA68,2
0x723AAdF9329A770c8A77F205EaACc879b6E83F55,2
0x723e6B1456A7c9b95Ed04010d1864dd0d45d27B1,2
0x72414610F4F0586d1e7933C652042A45BE2EfC0C,2
0x7242660C2A7454d67E8799d95767CD1bFe9517F3,2
0x7245c9Fa8abDFeaD0B02a6dA954B1091FAeba561,2
0x7246180Bc9134c95bf9fc35860D3c731a9a2F867,2
0x72464215cfC55569e4962aDe8195cf6782865F23,2
0x72471A1Cd7E50ac5E6872bfbbf487f68Ceb312b0,2
0x7247389692122f105EFe909714c3D9712823b003,2
0x725422dd41203A92d97859174dB0204012b06813,2
0x7255cBb499e075E35666F30eb4dD3A3C04320FFa,2
0x7256B675f7E0cb4B97b323e4faE2186A595f0E9b,2
0x725BFEfA695c5B4bf826f7CD3aCe83A7bf4cD31c,2
0x72729db8c290afd915E6A9a9292449784Cc98ed5,2
0x72735aC3B6049a8279db58592D2f787467160203,2
0x72821542094dB0057EA0a0d564dD0c42d8260ab0,2
0x728a8A6353Ee822481A83E9CC7B408cC8ac24f8e,2
0x729166ae117CdF845c41DEc5D25dEA83520D7698,2
0x72968ec61617F6E8660f2b357376dF0d624c1351,2
0x72afbB89e89018801758d7e109f5a40725A3e4fB,2
0x72B89898F975da9bd3bbF53DCada8980e048ad93,2
0x72BDA0787ffc1a932678818E0295541577355D62,2
0x72BFfD1C8D60d31404eFfADB2494D2372DeF794f,2
0x72c1401d282473CF44DA4d3ff7183AB89824F8E3,2
0x72C5AEe0ee63C8DBc9e5933805e07777f40fC107,2
0x72C5cd18A51D53Db34072546A7A38a4f73600d92,2
0x72cA89759bB5558fB16Cf55E3Cd0Bc9f995A06d7,2
0x72d46Df481a7240eA03BD960f3A049e2A6700E9a,2
0x72D4e8965d9b2C2f0eE9d4985B3D8D5ba24cc90E,2
0x72Dc6eE3BbfEa72FeF009EF6B0D6c2c37AdfD31a,2
0x72De26f1e3d1F9409Dd742B868D7a5023487002b,2
0x72DeeDB25dD9C554157e618C1e34Da2d1878b5Af,2
0x72DF473E162AbffC7fB7Aa67137f32e997a22222,2
0x72e18819BCc0A4d62E74EBC22a4F3548237A4cc4,2
0x72E38986f1D909d93a5566a18d418fed65e812B8,2
0x72e680156324b5AFA5d0D84B621844424A8BCe42,2
0x72E6Ef60173aeb0A72d10dF89EA9CFF7cCfC4F83,2
0x72e7B5056a5694217c15f521d8637F461055AaFe,2
0x72eaB688A5917BD8ba8840BF8D113514ACe01CEc,2
0x72ebc10EA322864080b35e1727136b71B0F9325C,2
0x72eCA5E1907C6766553d0937689907D2f9509219,2
0x72F22634E70dDb30E0A39301bFce4BAb9e656301,2
0x72fE708527b3191790295a45f978b6b459Da15eF,2
0x7300284eF67e78F7003AE3C14513C364FAfd4113,2
0x7306BfF6B2439a75EA6271139FeAB29c7765C1b4,2
0x7308DF81fB5490731B69d1af19D36e12223d00C9,2
0x730947310c2eD7FB25f8B79a5635224b488B1382,2
0x730d88a10bA0EebBB8B1eEBba3a43944d7699775,2
0x7312DC72dceB3861f566fa6624c7B608616AB47F,2
0x732C253ACbf762bE60f59A7e1122F6363A52f982,2
0x7334F2367d97340FD7bF6aFEcBE81fbE0B6394F1,2
0x73376058E3A5C780B5C2130775269C115D080C7d,2
0x7339407D500e61D582AbB4522a2A3a334E933333,2
0x733F19CeC81c71DD27C9BB094DDBb8a9f7e9E0b0,2
0x7345BFbe5f996cBacB15794fE7891fc91A4C662e,2
0x7346a061b772E8872F33c52Df09a93Fc34F0f5a0,2
0x735008E77203e2106d3eB31E4a94465c79EC7FD0,2
0x735Ae87c74e903f9944D537Dd93664e76FA415D5,2
0x7362884499167304477FA37d6ea67E8E2FA50450,2
0x7364412d201aDEF374fb67D3FE999f21947c2358,2
0x7366A9AA5F2eBA0541521976F3f23201894FD855,2
0x736841752C5380187Ba8a520ab4b60347F311200,2
0x736cB793b7Bd1921fd7809EEEF1393fDa06FAE04,2
0x7379Ed6c7EEca47367467D88E5d819B2675584Ac,2
0x738169f074e82326F4B2724F98f6AaD4902636e9,2
0x738dEC8877Eedf8C4a0f23E03fA1Df4657eF6998,2
0x73993f5E51A3ba277cC9E545Db1e8a83E552738C,2
0x73A020EB0e9FeE28fEc92c7124f650d14e21Ceee,2
0x73A532089767aBaA9C211cbc830De2075Cd9eeA2,2
0x73A83CF3C1bB6109df8F8875C9f7bBd919689b73,2
0x73Af89579B41f1C575DAAe6d973A0F4dA3025409,2
0x73b3F8d30E07633cb09B237E684C6e2A739E32A1,2
0x73B6BD40dbA340925B7aB8034dE792bEEcb56D3d,2
0x73C96043e755c06F2610bDB15f9BA5Ed0114C100,2
0x73cF69585E83430E8c948141f9De7A83f3bE65EE,2
0x73d4b342B7B9370D3fCa4bCE6143C8Efed773bb8,2
0x73dB8F967c0efFa5664688f52C21868D1d7bCC9A,2
0x73dFA6e8D94eF82def33E5c9523B120f1B828CdA,2
0x73e9c7155dA42ef52d6cEbe8a057Cc758E5f5CD2,2
0x73ec7C2fc4e4E26AcCF831DB6792C25Be68673E6,2
0x73F013509043d9b6962494D7c9BBE3be8A455236,2
0x73FdEa8F6000BfF072D9dC8F85f2C856F612E9a9,2
0x73fF29A5A1314291C75835a2756CcD91E2829D59,2
0x74002fDe95eD9D417190285a8A61738C9f4A022A,2
0x7410C82e57f44f81D7B11692a8fc22FF139ECb8d,2
0x74151b5B6ec1213ae1626a4EE1f8701DE8B830Bf,2
0x7417f744d16040d8e80cC6664F7D62f80899AAce,2
0x741C6bBA46AF8155c57478bedB917F3Aab31e179,2
0x741C76e74906572C73AE07F4D47d1C8F40Bbac5B,2
0x7428b0e718ed201364aA009C11c364CB7d6F97eB,2
0x742ae51EE6387385Fa44716a335f4c54952199A5,2
0x742E5b619e313a4B193B8E0d0a9Cc968A4ADfa38,2
0x7435a9D165dEC083f4D61D572c65e6d898e6b606,2
0x743615338804B1Ad0ed8010c6Ebf4A390B3b0de2,2
0x7444E30D691C2412A3Ebd5f1695903d5Dd1049AD,2
0x7449dB79272B496459eFFd4E72fC60B0e2018Aff,2
0x744e4c1fFAf3295e3f52bf6AeE309b8A520a2b7f,2
0x744F7102f2e8E82d5c61004f2Fb5DBD2ca5F1d82,2
0x7457b24f074c2fca51C17cD3bAb091897667EC2E,2
0x745D81601ab13c63ef200848003d548514C9eeB9,2
0x74708574B4232EF2Bb524Df892922aC71A9fF6fc,2
0x74775cfeA122Dc5773BDA72aE7C16fc88f852816,2
0x747F075cbf3bF8A0b2A599147761842f061ed1aD,2
0x74804E78dbA83926570f7C01cf2948Ce430D6228,2
0x748685e624da8a192F61F8aC16E92C3dF8118b83,2
0x748909a5984a02C24BE962AD0E32340969bA9CAA,2
0x7489D0aB540c24500dE80701f551eE7f53287aE4,2
0x7492557fD3FE036d203aC15DeA0E50b26daDA8a5,2
0x749622818051cAF8CEf68395E4dd9f3a2Daa3c59,2
0x7498eE7AaB51ca1062396D9AE0302aD39f5ae270,2
0x74a2551F37EBD83735B127B85BB77Fe3d0aD9b89,2
0x74A39147c9d6b63290466da57378a57964Eb3CA5,2
0x74A78305878138bb55B2Ab33D841D0FC824Cc24c,2
0x74ab83f0A7F2900b6236FEf0B6567cF9029cCbDD,2
0x74aC50FD7C229E9A3524Be5e3D5342e59961B648,2
0x74B15EDDF0Af06B007b55B0391A068cc51d59c62,2
0x74b73C38E2b0e6511e0a4c67ad02BAE400F9e007,2
0x74C375E68fac064c5D72C9c9EC1756131fdc8a17,2
0x74Ca454dCda0B54772893c1acb84974225E88CD2,2
0x74ca986859677251580945F9B3f280eA64fF3DE8,2
0x74cb5e97D276B840a183278e44558247153940A7,2
0x74d35F1e586743040D0904543012FA8FB6bb9E00,2
0x74db5378054d78C762F43Ff367F88Ea00c16a3F3,2
0x74e1e054de4644431669b41057db1D3f2feeb1A0,2
0x74E2584Bb9513e9A8Aa8de6Cb2649b633f855D21,2
0x74e36138aA5CDa11e247c14c77a7D266bb32e327,2
0x74E3cbc593cb7F5327E9c038DD2e0648Fe34F7E7,2
0x74e78ECf96d49194681c4A1c647297bCAB535673,2
0x74EBc8E018990F4ca8CC56739C0091a40485030F,2
0x74ECB5bC322Fc49aeE46C19b7f374eBd0aA2Bf43,2
0x74f0Cb42D43d1a8A2C6d787F7C001740425C4e55,2
0x74F1507661ccFbDEEaFFde563a08851D9FB052a7,2
0x74f20171738C6B682Fc9Bdb686f815A5722FB6CA,2
0x74f8D15B0769985BF7135E1176E2700BFA935496,2
0x74FEc5f08A4593C33fd96B565ec236E78b125d63,2
0x7510396aD67E149808964722fD8fCF8CC82ADC85,2
0x75158BFEcC19EB7018D716CcCfaa3Ba32b5EbaA9,2
0x751994Daeb035D20e73e327f7BA39ed569d36497,2
0x751F98b43F160F9bbb7219E47dd2cD83f70aDFE2,2
0x752093B927a7Bc1D9472CF09D4441e4dDfC9eE5C,2
0x752DbecAbF5d996F85276959AfDe8F1DAbaFdCc2,2
0x753904c13c18F45670e9718943C975C0aa97a884,2
0x753CF57210D2Be5239C26d8C5f0b30013398Aa5F,2
0x753D9A229abe6478F41Fbd8A0027Eae277940b91,2
0x75424351DcDcB1F73c2Fd218d192667CCad8a6D8,2
0x7543Ae755256476F32ec2cB49C253C4e5d47B806,2
0x7556Cc553036E8E67ca77B72fCa81657988DE13E,2
0x75575b397edec422066F1Bc4A30635F6EFdAEe80,2
0x75594eA404910Af91F6E2684eCD94D653d08CF07,2
0x7560FdD7E6de7b792E9d53062c5Fb53AAD8dD565,2
0x756126723CE9552375AB88a7589da5DdEA1216a0,2
0x7562F42f9E673bC6B49D4A4D5D4E543D7c98CC5C,2
0x75741D131AbdD3973d6bA00f09948C15D138059d,2
0x7575047fc3E8Ba808FeFcc0932eafDf2d2b58718,2
0x757b4D4bCD7d02d0f2CE81c5acBa6C6f7FF05dF6,2
0x75832054440DbFB1DcE2CF0cc0e1Deaa1E3505Fa,2
0x75874Edda73Ad5109D09a56d51E1fB5DfD50368b,2
0x75895DEE1c1A5bB7E91c18af2625d343B52E9235,2
0x758e83c114E36a28CA1f31C4d2ADB5Ec7c04C578,2
0x7592cA1ad468DDac5A97A5625c1c55e36338f786,2
0x7596Ba0190897aa85184C020CEcD9Db7593070a9,2
0x759F9166810640357eC6948D0aA3D366835dC402,2
0x75A015Fc13AA36e708A9c7b76438Bf565b73049E,2
0x75aBA048AF778D09139410c9aBa262724B5CfA4b,2
0x75ae96D7D3965b67981B8Ce4b38566f66b1cCc3c,2
0x75b0245F2f5Edb4eFEfc4811EC0B5d4Ec469f97e,2
0x75b042943AA8E09005Ed01B4a9c9F9F4cf85605D,2
0x75B080cc22919989490E288Af15939EDA77B5b0F,2
0x75b8773ad6006F504c9D28182c78850322C54974,2
0x75ba4E5D93BEF6Eda6fAB09752Ddb659d8668070,2
0x75D3eD2e0d155A5954C6881d426C04280Eb17553,2
0x75dA6faD259297018A8522183cbAD55c166D173e,2
0x75dfd6C553FdC5AA6D754c4483ddC2f8688846E0,2
0x75e398C4044d00a60DA427d54A122163D128F34F,2
0x75ECAacCa38C3518749bD21a1f93825df2e959A3,2
0x75EFcd4DC3D3562FB51d9C6316Bd9acE97687c37,2
0x75fFF319fac010ac76902752c4C9dEc7a74Ee648,2
0x7600a927c4476E17E67F1DC005f5A245f861A97D,2
0x76036774657c7BD61f7a1bD7E0DC3229F2fE552A,2
0x7605D018F1236C5b60b096c315faDaDD56420bEc,2
0x7609b625B79eE6a5b3B8fC81cC37C487D00Bfd5e,2
0x760AaAD6e696F6F366002686A34C59B76c233C34,2
0x76152584d124C4Aff051daC685FD434b87A8Ce50,2
0x7619693ea378E9376d90Fe90E2f6dd5ED342110D,2
0x761F99d9E31d251A849282e439E564Df1dBEE858,2
0x7623b5f2F8cD66EeFB9b832De0d75EFe0B711e43,2
0x762f598A49CF1b0C3eca94971560B49a8367b5BC,2
0x7634a834DD5Ce5cb863221412881F436298dB79B,2
0x7635cdb8B87Ae795bDAE4e47f8d8C696E2596755,2
0x763cd4D59E150Fd4C3CB5C0CF10c86C799E7C015,2
0x7642b832878b8A2Cd6a21E7F1E07c00203c07295,2
0x76443F52feb3561aaA71A01300602eB0b052bd45,2
0x7647aE0BA99B76A5f8701444C3B62F1b39b31DF3,2
0x764cC130e8D66a3c1Af45B41D57C17EB69F1c141,2
0x7660506f88f35f3871C7Cb8C784F9111f46Aa89F,2
0x76620077a426590Cceb5cd2Cfa0a3Cc4F7a12F60,2
0x7665C425b5F3A0249644024bB32a179Ab2D5E0a2,2
0x766a8E8f00777a674522c49e43804f5737001b3E,2
0x766e7BE7835f0f7c256C58A14BCE5B6Af9362aD7,2
0x766E86ABd6b434599B5DD7bd7E98bC7bf9c597fC,2
0x7679d96f8901a97ec6c53029773Ceb71c5ae3C2F,2
0x76858aC68B0e12B381e6de5c10Ae3C196EA93aC2,2
0x768ea79E5b767e6C65e358d02bD7553D265F728E,2
0x7696af215F9aC43b1D35ce859277c9c7e81362B4,2
0x76a030121eCA8E02f455F0946dF32F666e21fCCd,2
0x76a6283044c51C965537B358A1AF02cFEaf9a976,2
0x76aA569c53e3Abb850a572ED07dbEe438B93e131,2
0x76AB2e05E05457a6d9Cf4739b5E7C4cbB5b27926,2
0x76Ab741084E3E29cffFAae98C8e921CFc95133d3,2
0x76af53882a5C7B0138Dd939Ae50e86809B19ADEd,2
0x76B4B991d3Ae570a2D0D04Ed511e9779080c5340,2
0x76bAB7F8B19C12922c2c4CE9757b5eDD8674464a,2
0x76Bb1Af6f36Fd8D3993B963a481aca7345E9912c,2
0x76c8F17E6Adb0F5280D67bd9fe726Ef19713E04a,2
0x76C954e47FdA25cccf5b513b3fc9cC3086BA945d,2
0x76cB05C13F8290F86cb0a7C44EAAb54C7E4b1C3E,2
0x76CCbd4835355A894796CEb4EC264df45a4B2a4f,2
0x76cD3459546e2dC8782B5fbd0A56dDE1070e08Bb,2
0x76d07df7c5532e8f4EB5e3d5E9c496A08A558770,2
0x76D6453564046B92b3c841237C5FB5E9350CB1cc,2
0x76Dc384fEd456E051FB7C4B56734553c51D10bD4,2
0x76E837783d9B45A614bF8cFF3b87B88bf88e6Aa4,2
0x76f5b114c533756beB9Bd108F50A7DE4B53FB6d7,2
0x76f91DCf2aA8F542A5Baf8AC9B06B074d80D4015,2
0x76Fd3B1c514375aB9614f3881f3aa2Dc5e098823,2
0x770826A9c803110C3E3cE456c8143aCfA90ed29d,2
0x770B9F9FD003e8B6B9EE837E7668706baE1c2d2E,2
0x771379b2011f83a6c526652999f33f0D2b13Eeb8,2
0x77165Dd82b12fd27cc8dDB99329eE341b79859a2,2
0x773171bf4E1EEB2C1f0941DC22D0A6E65B5f1867,2
0x7736E603ebD146CeeE0f14Cf7818eBF265b31107,2
0x7738b6D3F54a023a659744e65816cE168F1d42CD,2
0x773A89a9b1E9b578620ef2f2e1FBC88f13a1E3fA,2
0x773aFE9D9b6D50Cc2a14c52C31c2f8635694525b,2
0x773f74639fC1F3053526ee64f95717AEeBEE0539,2
0x7745201BaBe17CcA29DA5C8f62BF2d5c29304C81,2
0x7748b4C7a844eb4174a5fcEa423742ca21fD9F1a,2
0x774af66eD15C8D176411Df1a7CB3bC57Db323B33,2
0x774c7fD14FeAD97e6a8146Ae42C43682544CafDb,2
0x774e3f79FE0Da23192Ba0D58b26B9BaaD14398CA,2
0x776BDaD98698b62FBFd208674c487A70bE0d78CE,2
0x776d03f1eBAf5e9910Ece12875E2c7d609DbA9C5,2
0x776d3E6B287c3A4F60bead9E2B4D6F6a7E598468,2
0x77709c97Ace248e6eaC27b24180708722B7dC21e,2
0x7770f8744CbC409A1517fA30Cc0A86d16969DEe7,2
0x7770FF78B811BF6883c569FF261dbf947261d4d5,2
0x777779D479F679Dd7a076F694d0fe00794F3bb12,2
0x77779a804cC67097468c983489Ec178Cee82947e,2
0x777A6341A2910d09f0a830D75EF69bC182A9D180,2
0x77822bbC28a6cf57E57acB4A98991C728cf8b76B,2
0x77861EE047bF56E17caedDB9C836b2C62C321c05,2
0x779f8ad1724adb4c239d3e112a7d336e8452262b,2
0x77a304A320df87c5c0c882b5554fDF88CeEbdcFb,2
0x77a77edab838a848508F0C5E4223792066b6cA96,2
0x77abAb8599aBEf75d977776BbbBDE43C55C09D9C,2
0x77ae6DbED775E797E08F314319a30662f0e9A298,2
0x77b11B0b2BB2C713d7432d85d71308F3aEd249e8,2
0x77B6c6035D4c5044173c960c2F85357c86c8869E,2
0x77B783eAEa2DA8389F141fbD6ceCef03848Ce64c,2
0x77Bb7515D764b3C4aBF55F52E57Dd7F0107727d3,2
0x77Bc0Fe6C8599016B02d85Ddea3ab37558aeb07A,2
0x77c3D97cBB503b08551399134eFB990DfaE79046,2
0x77C681753979400dC7310B770E88d9C823d1D808,2
0x77ca2a9A4E7EB05036aE17e26330c436b44D1D84,2
0x77ccBA9FDdF2eD0825167636292D2dcd64D208fC,2
0x77dB2B7E1524Ed0E57bb6d9D5b3E09B2e79dbc13,2
0x77e6307785915161C95D0938B1Ab25401537dF50,2
0x77EB121bbD8AD1620B18f1A52bF2A143dEa2f0fC,2
0x77f191f15B78abcDf0a5578efa4652BC5fb8A399,2
0x77FC66A619f71aEC1A8136a77463c96eD74EA6F4,2
0x780409dd3B89762cFEBe423363BB33E0B00E89E5,2
0x780B192c7690fB06eD85b941585daD21eB44729B,2
0x780d292E298873E88E91dC85a0D3bc74F01D94c9,2
0x781295b64A721031e7cf7Ddd3e08b9d31977F3ea,2
0x782381FD1a07df7f7A1963f9F352b5E91E108fec,2
0x782A5a7A6Ae23cbF6DE9412f094B67344C7e19bb,2
0x78301fF7f6F0EA515460edf1e840C8de9dC14a55,2
0x7831494594F7D51f30C989f4A0b9ebe9A27d9447,2
0x7833B2c15AEB05f169e35E2292D1D540ec46926D,2
0x783865747bae49fdaf94D4E40dA662517E7762c4,2
0x785Db3A5A0854f2766C97651a61968BC8Cc56d55,2
0x7864546b1037aCB291C10D9BF59Fb541B235c0B2,2
0x786817099BD91abE1f41AFe6645D7d949192685B,2
0x7868AdC966c78DD43F120ffaC9639BF4a5ae43e4,2
0x78779360a65747Ca458C221bc6676f5b8C157C60,2
0x7877a7a92779B4AAe05b8D7FA377B1769a447681,2
0x788F7c73C5a4E2F7eaf3191fc4637A20F6a5d4e6,2
0x7891eeB1bdCdBb793DDb7C9f0d1f4C0Ca737cE38,2
0x7895A0a2d2898401aeFDaCc8b205E7b6B5804F7a,2
0x7896a8F7A39a434Afd2D3A3F7e890AB02c537C0A,2
0x78a99954A7becdB4bB301f6992258A1aae3B1B74,2
0x78AACB90f186bF118BfC0D8C64896f970221C5D3,2
0x78ac6e7800bDdB2594638cfc0048BCF605Bf8a70,2
0x78AfE42Fc1e686375d121af4479528e00Fa30691,2
0x78ccAC503fa3bB35bBFfb453e91bDa1C5A23a66B,2
0x78D819B2bF56a2fEF3f5E3EA5ce0EAb2C122Bc56,2
0x78d966fc14EEdF4438Cb4427aF46c431b0B41e07,2
0x78DBc9057209816A97A083fE69B947281A970403,2
0x78DD5E4c0d405dbe1b49D90E58f4fF3Ab9DeD94F,2
0x78De78a9Ff0d5d3fdA21622D0BbD7fF3e85DdF57,2
0x78e1B09dB45a76018212aFdB724c1402c6cA33e1,2
0x78e2F2A3bc25C8e31B70a46D1F62fEB08cBa5A8d,2
0x78e36963c86c6d34471eDE772d682938fFc3749D,2
0x78e92D885d642aaaB280a6dd66693CF2d3aEedA0,2
0x78ED505D543Bc500C854525E98f7Ca940FAdaaee,2
0x78F0189c7E620f6Ad533Db16A90c872cA04E2df4,2
0x78F2922C22E87e8cb45c4D75CC06BbDD10a641FB,2
0x7903BfEC49e0c76a7076f2cd849cc775E0055052,2
0x790534f76227eA8169CEfC7e1C8C5B5C08CdA951,2
0x7908d3A0C312f032f68f168c7A2D8C25F191CcE0,2
0x790CABea2E36443e02Aa34797bB8BAf67Cc41615,2
0x790F17bf5B59b915e1c231fA63DEE280B7f465AF,2
0x79136C50550f5826d5825E05adEe46E08Dc6eeAf,2
0x79145837111A98d9490E64f1786bb318df731130,2
0x7936917568Af0bA341B2DDE1676bAdEdFbA2AdcF,2
0x7939B4bb3Efd90466EB24A8677472b1F89d77777,2
0x794939a89Ecf32605190811E67710ff7Ca6F94E9,2
0x7951E803Fdc4EF54e0Cc91f5b4F12c176eCcddea,2
0x795D1389286BC7d165E40DF88831A25656806c0f,2
0x7969B564036804d9eA9D656905dcA8EEc5CA8c14,2
0x7972A8Ae3Da82A2Ca16921E109e5F920c8aac55b,2
0x797a97Ca0A9eE12749F6a3503E38DFF402cAD9A4,2
0x798574003a6946c36eE6E82D45CbBddCFcA18DD4,2
0x798F4c43D06758DB34E3A2D2Cd4ADAAA2029cE0b,2
0x7992451F66632E187635e4BBd38c4634E6855555,2
0x7997902e6F352BF620863F093b0dA9b1273E65CC,2
0x799F19d40c8F55467a5e2b9D0f57e1C89a6fE340,2
0x799FEaF061773BE889d8A029D7381E24F79Ac08e,2
0x79ae97f4eFb159f6930da6e07D8E721C698D7C9B,2
0x79B43eB824c9C872C7B072B88f7119C31e602d3c,2
0x79b5f606F107868d7fbeC6b10A95d0C1418780D7,2
0x79b6Bc34E791cE762338D11cecf9Fccd6397065a,2
0x79bE06d528d9Cd624E1f89c606665DE2C7bDcE23,2
0x79cF2507732dF36C6514dcdC1cfB20ae83cF5B5D,2
0x79D16Cf60FEd867F3Ba893Ac61C5dd666824b21D,2
0x79d43C8288b22916E3120A8900B1DBF542815748,2
0x79D786f83193f7123Cfc00B8ed7f9D0EdF9FC5CF,2
0x79db97b222891Bc4f10f16d653C1653dA8207Ae2,2
0x79E818FE0293ec1B123D10d9107ADe36fAF68edE,2
0x79EC2d060DEFF1236BcabE3a1d4b42659AeaB3b7,2
0x79F095C916aBF6861333939B44453D1f4DB4134c,2
0x79f6Fd0072d97863BD037DAf5e0D811B3d25A18F,2
0x79F7601C089a81e201D4a4b8c25cc1CEFB9286D8,2
0x79F7c5AC10965e9F52aCD7f91e1914c31661d576,2
0x79F91E61466426E50499b9bD56e46ac2f9Df78E6,2
0x7A005f65bc88527783Eb71f33522f4074bFaEACD,2
0x7A115eb53fcBeC274CE7E92bc8b1Aa797981Cf2a,2
0x7A12C5DcC662129012d42Fe5ccA5722D9D8eF9e7,2
0x7A13a425CDB6e2a2ed748Bf5AC73FB9d71A2d225,2
0x7A1431c0AfBc5aedD00fC52331E745D7478F12EE,2
0x7a1F7A7660133dc6bC67B2F959121547e3a24Bf8,2
0x7a23cB9653FEF0158BE2e1933C127946C239aD05,2
0x7A245aA5278b5d62707Fd3376cEb36131C4d4e0e,2
0x7A27b0e5d47ec43f14e38254D3780D6DdD44A07E,2
0x7a2992672C83193619415aC6e617dE78710F23D7,2
0x7A2CBA85B1B6B310A716fC5Da9CF24E78D016443,2
0x7a3010b00D9866C80cadaFECA573490e432BA3AC,2
0x7A3d4569134579def0976E48951cBa3f4128BCDE,2
0x7A4192D7E9c2e8B4280a866eA9332c2044BCdf1d,2
0x7A440852d62a83B8b5be68704B72AE40c65CCeb2,2
0x7a44a31423A2eb681d9f5cCD918Acb0879578901,2
0x7A49722aE043bBC31ee65BB510c81AF5360Bc8c3,2
0x7a49bD85530C2eF3182024199F144477c93779bB,2
0x7A4D7538e48F775678337597826D225ed3134Bd0,2
0x7a4Dd4e7282a0DF7155a715F018C5558Da5AE315,2
0x7A4Ed797B2872F65742a53849108638BfAaFCFe6,2
0x7a5fa4A6a3eA782Af471A68A7baFe30FE2Fb99aE,2
0x7a633a03A345665A5C3C393cA3ecCf759aA94127,2
0x7a650Ba340B9284B4ce58F2a736958c0Af11b8B1,2
0x7a65bE6BbDC7FE0B3f58c0ddF87C17f976bEc78f,2
0x7a67426d8975F1429E907F901EE1926E69714e70,2
0x7a699bB2281192464067bD0148fE980455088888,2
0x7A69a43f4246b8CCEf5AF90641b09752a30F5b19,2
0x7a6C06A7a44838c9960a22AE90488A672E1274e2,2
0x7a6EF9b9a35595Eb6db93D8748cA3f220D6694aE,2
0x7a6fE448bCA3a9A47391A70962e33fB2D8c503E1,2
0x7A71151f2D40DA8a36D68f34630633fB478f051C,2
0x7A71281d8Ae2beAB2cc749EcD38F1D3abB8724BA,2
0x7A7578A72c66223Cb9fF8057A4e40a14F7BD3524,2
0x7A815f66416A00925d1a3c1C349D6bb9e681f8Ba,2
0x7A81674A63D204c39Db1BE424Ba80Db12c316b87,2
0x7A920F360Ec5d5380c564FAd11516485199a2574,2
0x7a9511307B02aF0f7feD6375152Dc56dDDeC9eB5,2
0x7A976FAaf9C404c680593b20123039847F083D0E,2
0x7a996133de46b0c265AA0020cB725CA654a4D0A8,2
0x7aA0994EFd0A93d6c17E338f784a736A6c474ca5,2
0x7Aa52FE721818d221Ad94Ba530d5B3bdB4cEe555,2
0x7Aa559A129066d6f039df3B63C9384BedFA86B5b,2
0x7AA6E199E704dECC483e15639f3f60E579894834,2
0x7aaC0412940f8eba3287AA50768F9e9f1e703B72,2
0x7AADc326D982382Ab276941407B03d6592560473,2
0x7AB1d2A0b9c4911e34B8a5Bf2e6E189A1f9fBB56,2
0x7Ab44743d36ab8f1A621E3fbcf12B0757236F4FF,2
0x7ABB6BA0697a8EAF61a6A0bA417B67F221E1511d,2
0x7aC3dECf55d6a615dD668ac3F5eC37BdD7Bd5CE7,2
0x7acc38F2e9e2fef3C05d916c26Feca02eb77B9aE,2
0x7AccFee2cD78A12A890a92338Fbfd62b2F507B45,2
0x7acDF73a0083441F96131E4160b7A36b8558eD4D,2
0x7acF6893eD46e9cA5CAF21fDcAFeEE4bF3Bd3bfB,2
0x7aD3A7ae4C2fE67b2Bb72b9Cf67EE9f49Bb46c99,2
0x7Ad5c4d0061c4a340D0845f653658F99C4c72fB7,2
0x7Ae44A7d950dfCB12C0A8cb07eb068548c59f4F1,2
0x7ae5D378fF28765116e1B268F6152968589Fbd8F,2
0x7aef2fe6fF4A9Ec8d1f26DB66210b57Fbf2CEDFe,2
0x7af06229D88ad92227A6ddd73c4B134e388f6895,2
0x7AFfe36B4f8c821371e77CC679743DA093CbD8cB,2
0x7b057AdBeC3F340238CB1f99521E537aE098E4E0,2
0x7B060565D2e678841cDe1D6A6d23A885c3Eebc63,2
0x7B15C7618Cc69d86a652fA6367F9c6B3ad661712,2
0x7B15e2abF2166a9302BE4a88B5667d22CB61c55c,2
0x7B189f459179dB9B742BeEF1c823860987421Fac,2
0x7B1e531d27D65130C12913120dbe456c760992cc,2
0x7B1EE23Bc7b5441B18EcF0Ee3c23f02d929f4DCa,2
0x7B2503B07c41ecd17728332c3E59fbD5313195f1,2
0x7b2a5406ec0eDf07c7F2694341A3fDb40c804D90,2
0x7b3a715653D3D83e41433D8C951c0B669ABec3F0,2
0x7B42A219Bb14d0719757a391D7cC6AA7F371E144,2
0x7b45836D84d9283CbAbe63864E953089FF5EA182,2
0x7B481C706e228Ed798BEeC18C8e04893E2FEe1Dc,2
0x7B4A81e83D9fC0Cc442A53a69cfEFBfECb92Fa07,2
0x7b5258ef89AfDeb8423A912077CCa907f4A20100,2
0x7b52DfdE9aFCDE563600Bae8A2E8888e3CB86e78,2
0x7B5396ea6B430DE71122d7759Bff0367765b9217,2
0x7B5b3d543fdafca0F00B35113F244c0aedCEaF4b,2
0x7b5EdDeAcb70db40600862B3B97EF5472c8Fe8F5,2
0x7B6C7C33B8DCb6eDdDa4d726B8368F9447Dc5Dc6,2
0x7B85F6Ad47c397099557C09C11E087b5f0828F4b,2
0x7b8888f87cF65e5c82A3831A1be70c984A11CB1B,2
0x7B9d7F4cB45115ac11CC18B6Fe1Ce8d45f0F2A83,2
0x7BA302F12610Cd5b7a1bee7517A88c219c553CF3,2
0x7ba6A978Dbd6cFf0E3e9821A58bc76FC66C274B2,2
0x7BAC21a925e014EA5A07DD85007c0d3d9880A235,2
0x7BB39da8974C6f3a883DbaCAA927E4BE78cFBA56,2
0x7bB3Bc8164885D8D8f287e9336b0450b8683DB4c,2
0x7bc2310AfaF7c5a30B071e45E7ee9908B62C9b7E,2
0x7bC7Adc27E154E2630B04b1FDA9d219e0502C02e,2
0x7bd799fD4d0A67e8D8Df16aE471302229Af6B529,2
0x7be58553335CA8aE53c5a4B51f775b394e4b7F8d,2
0x7BE6f9077e19c43f28430507667059B81086113c,2
0x7Be9b19e8CBc1956353bac7C49964B43f968A547,2
0x7BEe0798d688E6Da5aBb3666780dbA76094948Ad,2
0x7BF43BC642bC9F4F1c6eb540c27526f12ba52F5c,2
0x7bF9E144f58a846767535624a8B5a2072cafc8C0,2
0x7Bff15E6A7224b6c70977Ca36dDeFE0A44C897c1,2
0x7C00984E31ac6dAE3e6E886156AB4CDd80d7BB55,2
0x7c01Ae01e6D7C42D12BE86c6695bC158de0B6352,2
0x7c0334563c8a5106be25B34eD97Fc0aFbaEa4990,2
0x7C06D05CBd3da1CDE99370f0143e26593F074C43,2
0x7C0F7971fe41Be2Bb88110da058a6806DEC33333,2
0x7c10caDd12D7e71f3a97FFA13b711912585a268B,2
0x7c20f50810B83984f542caD075A4De4c373E50bB,2
0x7c2E18B54171022cDA0F210E9865a76F694C20C1,2
0x7c2E5aAab15b04192c76EFa96E49721DaC3e884c,2
0x7c2F38c6b39cD8107E49C7Fc3a1908EAAC08E8D3,2
0x7c2fD35882315FFaaEc9a9E6BBE5a31E61061878,2
0x7C3127fB90926a8499e9612cAf400BF3dC868686,2
0x7C319E9528FF664A0A1c2DdB13048DCdc865A108,2
0x7C3327E6187e1d977cE9763471520999E2519b38,2
0x7c3EfD59A45951A3048375485BD58252551Edfa0,2
0x7C3F3543FBdF3F6dDB9766B63BD038E4314C1C8B,2
0x7C41425505CaCB0cf1BC527c88799D1850423396,2
0x7C4182f24fF77b5650d7572ba3187D13Ff68aF4B,2
0x7c440909184FF4b45d96175ecCCdE4BD21901ab1,2
0x7c48e51d30bAEA37f1eF9e06dCc61842a7379a6E,2
0x7C561a2b6656219dA8fD5E7c1AE9F1AE4DE4d569,2
0x7C5A938a80cD99fC98D0D1Cf678baC837Ef21AC2,2
0x7C5c8C7184b27DadbdbE23d129229eFA0Cb65677,2
0x7C5e287759f3795B1cEf7Ad1f8fD1a12dBe11FAf,2
0x7C653Fe5ba38A17436E229F9A1206C35999B3438,2
0x7C665F07f04E9e9645876312e67A67c5A091f82b,2
0x7C6A2644e5A42528cE28Aa05CC5081C24b3Dd812,2
0x7C78E29bac87126CEE67012608503384621077cd,2
0x7c85fB3314d7E36F562e09ecEC4fFb5A1207EF67,2
0x7C8aaE4d3F9762AC099179583a832861F0f33d40,2
0x7c8D5883545991eA198E090f58AC9f6C5d5d970a,2
0x7C8F8fA8A25A1C4cB41dEed5A836e4EbBd812ED1,2
0x7c9120c4871daFa8508DE1FE20F8FD50cC7eB733,2
0x7c914b8c7d9a12CD94197d87903126BCc11D6420,2
0x7Ca358aBDd6aE825627e4BA4e2d70D180aC2A968,2
0x7ca7245295cDEFbC68ea246EEAB4a0EB16045e72,2
0x7cAff44695CaDEFe61e44bC215489098996F9b45,2
0x7CB487d8391b4e67CD3785F0e7DA9B5EE316B086,2
0x7cB7bb0C6270E4ae66674f2c59F6b9C8a6F686D1,2
0x7CB9B3eFF8B9A7ADc87a4e58AF765F03b1B4a040,2
0x7cbfE5C2219Bac8F00B3A4d6220CeA26E4F8e14D,2
0x7cc47C8c70c3ED6b93f6f784c3f84ec7a578678e,2
0x7cC85C94bb483F4f76Ea8fd6f205e0D88DCB872d,2
0x7CD5FEc6Fe7A517886296BD7BD4777e74E8cD827,2
0x7Cd7Deb62Fc17236FE411a9afcAA3b4936f624A2,2
0x7CE1Aa38c9d827942A0664ddeF12C1C200ca2EAb,2
0x7Ce48f2f124d59167145dF4CF925f1bd676dEcdc,2
0x7CEe0618A6a6996B419f88e8f4F119793FDc9235,2
0x7d0D4312AdE311C9d2cFb220cd25A12eB186b764,2
0x7d12810c4f0139135C77A42970Fb7783DF177B09,2
0x7D13072de95298985E6130291080692225039B94,2
0x7D15ce82a23c3b5390DEEE1cCe408787d2c16607,2
0x7D219Cc357e1F209326BFdf21329507b5cA6D6cA,2
0x7d2a3867626b322a4A6cCb297e998835c6Bf0d38,2
0x7d2bfeecfA5c816C0b170C794A051284cDbE584D,2
0x7D2E83ffb7621864a83dF65B865cEa31bC76998d,2
0x7D3A152CDd6f4878099c780d0bfed51B3C5C2EB4,2
0x7D3d120348a5Ab64a7EBBf7d94D4ccF840434bb5,2
0x7d3E93E0c8DBC24F903C8a4b7A7C004642487415,2
0x7D41BA0264cD1D8Dda266a44dE86FFCc08B5736C,2
0x7d4dD651D9F08c20B6D28c6a7cD7dEcA17b46AF8,2
0x7D4e9b263c10d401f2111B0E65A8412Fe3B68C0E,2
0x7D57746d771D52777f36EBd905dEd3f0A139606F,2
0x7D5d6229e0D0B8E8fD88c6036227938E79b10214,2
0x7D5e885D7E3cD4aF568c05F0F781d39E37456f9E,2
0x7d5FbEa224200c2A780C3eCF37a2287499fe1273,2
0x7d63FAd338e4C37a14Ae5bCD57110F563d560E4B,2
0x7d75faf546180A4F0db0adc0A5D40fF795f77a61,2
0x7d7e4D6048047eD7701B29B406432e83b31E9f40,2
0x7d8419824064798b404C3aC3aBCc709198e55491,2
0x7d8a0c7ce097ac5506b3416287c0c37055dc573d,2
0x7D9063f8EC74588cea572F5E6298E2b2645Ca887,2
0x7d916029BE31302c8227f8C67a502c0C314D2a85,2
0x7D939a6e92cC897c44323a346Bb4a656cB75244e,2
0x7D96fD4E1F804110c648e84De70c96286Dd3592C,2
0x7d989d28f37847B00597F76D32C9Bb8b1eD1c34A,2
0x7D9CA41921345919112768Bebfc50383E302fdbC,2
0x7D9f97953b84420185DADAeD8dB0e7ae54c21734,2
0x7da5d18915F8C12e91FE5e861DF41351dc902d1e,2
0x7da7186e67195e38B8f4D3003751410103374784,2
0x7da84e03706ca1D01437f32A4dF06A56AfDCca6f,2
0x7DaadA4017CA32AE21a96210622584445e12667b,2
0x7Db1BE91Ec07C2Abf95F8d9C1650815D6bc819Fb,2
0x7DBba75089CA9d504ec438Fb306EE349bf53C105,2
0x7dbba7F0551AEf5894fd6ee331B95dbb4349F5d4,2
0x7dBd5A076D0f74f3A99923cBa040750297EAB0ee,2
0x7Dc3dac7Ba713231Bb05B14F4aFdf79CE2A05386,2
0x7dC8e726cac18bA3f7Bc80D6Ee00CBd3147fdC20,2
0x7dD0335636459D27c8a9E2bE801d5C7B93cf88f0,2
0x7dd330E5A59A4889ffE863708C2630a4e57921ae,2
0x7DD4C4EBa4DA65ED85A5e56Fa7cA1068b3aB920a,2
0x7dDbAb27DbBf929115Dc46002BEA0080Af44a620,2
0x7dDCbd8045773FFb2E9A33E22f764d7F1aEfF938,2
0x7Dddb22F2274330B179eB05525B67DD2B67f20E6,2
0x7Deb5d3500598319552279e125529e4BB8d63B97,2
0x7Df172e521125054cAA01d73c4Fb4d30360e1079,2
0x7Df478759e9620aC6842F534Ad8dC5eDfaC7d12F,2
0x7E025F789d2Ce1cFb8E401f8f427896692cBb534,2
0x7e0bf98649f198A9a476561352029e40Ce8c249D,2
0x7e1404d8D38347d62424AaB978703026c3c706ad,2
0x7e2739a84e4babdc5d1df6ef8c15cc06e08d1cbb,2
0x7e459Fa2aDEb3DCFc4d5f9db33f9237FF418680B,2
0x7e487c4Ef05F3EaeF9780f879f759396CC8c9828,2
0x7e4DbE0aC11E8aBD9C9fa40602Ed76F2c5139Cb8,2
0x7e5517F675759235E25CA7e5f6561C62Efb014f7,2
0x7e55c8d2EF83864523AEaEc29b59C320ffF4b8D0,2
0x7e59Ad2326028CC318c000a47F7DafB123a0296D,2
0x7e61155Bb0200b59d8F7595052516b60D36aCe98,2
0x7e69AA5C7A4A9F7E37594c3Da71a918c218ea401,2
0x7e6Da26B52b86F8d529f7668d594574A1F731477,2
0x7E717fA613F461DCa4BB9B03e2b112F48D428d73,2
0x7e77cFa85642B3526e5fD2034d63221D255b371D,2
0x7e78F72780148dE9A94693a3771db9cF3675E393,2
0x7e7AC3b4aBaC1062DDD54a353Bc2a460A18b020A,2
0x7e91ae8F48A8b2e00a1179813BDa0450E17463Aa,2
0x7e9984966d44c99d19FbB43b6bC5D6c5C3997eFE,2
0x7E9c0dD8CA2fc91AD930a0527A6bd9B1159C8901,2
0x7e9c70679fb21176EedaD6E999fB29e3A898f7d3,2
0x7EA2d1b5BC939b2CadBB3E26f9b913adED960Fd7,2
0x7eA3d4a5BaF4feE5Cae685475346B7A7989Fc91B,2
0x7ea7e83f74dc18ca65b5e1668815278A1b856968,2
0x7eA8AB18B43b77a8F5eA8F68e9A6Ae587C5fD0bE,2
0x7ea8f81BA630bAE9Db4B5f67e253252c2BD5FB1C,2
0x7Eab3236fb6A5DEe88af23D48eB36F74e3245ee5,2
0x7eAEaeBc70857e5E1479306E257799FC727DcB4d,2
0x7eB101C6D3DcF680149632a439c304FaF56eC2Bb,2
0x7eC3A120F24Ab172842eb13cF0ce93d91f939c1e,2
0x7eCaA5AA164d0Ce4dBD876bB269c3D005cAf36F1,2
0x7Ed17D81D422bF2Be76a7Af60DEf778ba9935ead,2
0x7eE505fF1E5A821708c63d4Fd13FAA670b8ADc45,2
0x7Eec30E13A8F50362FB590Dd334d32E23Ae11622,2
0x7eEF04f693aB2c5d30a4235972D557cF8484cFE0,2
0x7ef083A1Cd15eE85807245D1b518659Efe7Cf2f8,2
0x7Ef2007fC91fBC8Ad635e96a0A9bbc88178A08e4,2
0x7EF7aF403439eBAe15cfCA23854C6A111b4ee3aE,2
0x7f0B8BbaA8c7f89a94262886A56FF32cC217EdF8,2
0x7F0c78D9304CBb96eF1d197E9C1Eaa5Ca84Bb7e2,2
0x7f14A4a23371B6b5A786aED594e3BFf26F9Af201,2
0x7f16A43033e73109755e1F87B263e0B3A0dEDcEa,2
0x7f18076948B3E414A81113f05045F6c1408c3b0f,2
0x7F1B40243ee3e0F0D973f265ad35E5C0ba77E78C,2
0x7f1E0A23396863c7784559B3b479db2C753e6b78,2
0x7f226E21C3e52a823eA1C4b12c1Ea2F04a9f1394,2
0x7f262f3590fCEaC816c75f0Bd4fcD71a3da5ff82,2
0x7f290cE2Acc8058Bc625870BcB262876A92394B4,2
0x7F2936AB0f0986f7931C31d45B03f25Ea7698dC6,2
0x7F3237c8C3E06DBDf593D007B03Fb8c80E0a0769,2
0x7F3286E53bda699c9988A6E3cA71658aE9121d23,2
0x7F37352bf6D74DA8228B466C42466c290BB17c54,2
0x7f38c5A558Ac3d10e4436d28e6043A058054bC85,2
0x7F3A22f69317ADc2212b973B6543AE6Cd48bdd03,2
0x7F42F99c5772216332C020CD21e3d7C332f04624,2
0x7F48504d7bF059cE6454aD7401EC758D5a3940F4,2
0x7F4b4B0D2cd05326229f7159012E3339c0f5E250,2
0x7f4e0836B4CB8Abb61fE498453276279806cca29,2
0x7f4e9bc5ca0F2adab142E15Ca02a2B6D6aA1d9a7,2
0x7F4F8C0f9c093B87EEe2E3B5360f57e5747865dA,2
0x7F5a977D28A6251212592565a4e5365071702834,2
0x7F5bE51d48529467CC92d86AfC33DE38093D856d,2
0x7F61DEB41f475960d9B58a6439aE774c8cB10e44,2
0x7f636AF721D4295Ea40095c1f42a6F17964bFC05,2
0x7F6779a021C1b1123495bDeb4305bF28346f8dE2,2
0x7f7A8480bD6A9F8709a5b04AEF82c47b41ea0c2B,2
0x7F7B5B2e96C48CbD47EC257FCC7d284f7b06279A,2
0x7F7e1D0C9A9e8972E9ddF1D9AE89F37902E81B38,2
0x7F82A862D492ac5B12542Bc75c7cf5B9B2ff4CF8,2
0x7F98b963a8C6B451b9316912Ab6E2693527Ab2e4,2
0x7f9C07396a28DD56b984bbbE3B57749DA0B5B135,2
0x7f9cd4C1EFEd13d02B85bEFd8Ab50F35135705b0,2
0x7Fadb25E7f074b6A73ddbEfFd74bBf4E74132e9F,2
0x7FaED47C53F3F3a3c388E72eBf79a1d85308C969,2
0x7fb4d135cbB38617B69042d6B27f0c1973BcA7b9,2
0x7FC220CCfaC75d42ee998213A2f530E220DfB79f,2
0x7FC2601003D9789f3c8b62c43C8Cb6f4F72F59CE,2
0x7fC3ED2D3f870F4B74C0B7388CfaB23022A3e1C9,2
0x7fc543323DcF4C4959Bd7657bA032A71c1DC4785,2
0x7fCCF116AD1Fd54ebfBD17974F919c6330d55468,2
0x7fD8f3DD71324c8C4A6A81f9dee6887e8D4A0D36,2
0x7FdCc82629a9D0B8e3439BE7925EDC1B3C69E7fd,2
0x7Fe5b3C8C5acD9dF737533fbA331219D06898521,2
0x7FEF7e194b5939D25B9523034438d341d61d85A0,2
0x7FF0dFd1eBd30c7B5e85B705bBE5FBB2E287734e,2
0x7FF237B01c39336d587AB79677b032bd919Fa833,2
0x7Ff4bb2FaFAa8df66A29deB12644F8192d800a3d,2
0x7fFAad8D1DdF3d343fA1d8DCcfB78A1582feB6D0,2
0x7ffeffE9dF05A94D8213002B3519eC79beb55555,2
0x8008fb415784BbddFEB032282A271d5c86896507,2
0x800fBf5188706f572F882D982289Ef95C0C2112b,2
0x8028a6D9D08363d21Ba9d9E8bC6003a4A57B5e2e,2
0x8032306e4a9a81fE0cb8D17F61190D31C8F0415A,2
0x80337d2FBf7697A148bb46484197aF0915E3805E,2
0x8034a9A2Eba7986cAB22d3eFAEaD31A1C467DACD,2
0x803A8dF42CEE280F945200B316F06F56a57Ef5D4,2
0x803fac5C4567CF3216Dd26CD2AB9cFBCD254419f,2
0x804077226AfB07DC23cc591D7Dc4F3d31E270Fb9,2
0x8043C386a4d4b63aDEC2De52b80901E23f1d0A0b,2
0x804b465D8f5ff4cF3541C0C7B3330dde91041159,2
0x804B5C9f9DfE71aC6d7118714994d9721b6AB713,2
0x8057C3830d73eD358dF578d810a3E1D31f78c49F,2
0x805acD18b8A6524C9953Bf42EbcbC79878405202,2
0x805C2692cB45ffaEbaB5B844f8e38BAaa031267b,2
0x805CF339F34cc11C120dd43e98Af7510Cd7a1213,2
0x805D3624b2C04c279d61Cf50972a1ABd6f0f86a7,2
0x8065fCde907cC0CC56d4dCaa7c78237432A94b68,2
0x806d2cBF53F196080C32189020801EC5e3F1a33e,2
0x8073A475346E14E5e9839d1Fe2D27323bC4c9176,2
0x807f95189F04C8A666a450fa6fD2427A12de79BB,2
0x808111829Cc95Db8A07f103E6130B80bb06dBb4E,2
0x8081b52e0fd6Eff7b5D148970271357d4B5D2b7C,2
0x8082D6CE37b2087934CeF72E13dcc44733515C38,2
0x8094131eb35aC860E75A3C6EdD485201C5dE67b0,2
0x80aa81015124d76450175f02CFfC4326AF3ccb76,2
0x80acF6c7Cd6075510E0FCd4F9986c77Cd60d6253,2
0x80Afd10c0fF229579b05929a887Ba3dA1bB33333,2
0x80B99081B93f25B62a54E0F32b6316e4D0476272,2
0x80c42D21361ffeAA7C3deE43A206C9782A8234a4,2
0x80d0C4c51F581104D716B7b2f43dEBf136C82ccb,2
0x80d17e98481e1971b083aca6A588a0442dab9223,2
0x80d5006AFa7A0bF7C3c280BC3453aF622Ba13ed4,2
0x80d73E52BF4a0E5D30e6Ed400b71548152bfa94a,2
0x80D8A23921D2b6E6A2Ef4C1854237aa5F107172C,2
0x80D9a857AB00316D7Ba1986cD7125738C37b2569,2
0x80df198392e4EC8ddC417AA14cE90eE47D10d45d,2
0x80Ef2FBf028116090e4eC664571f981f48a1f79f,2
0x80Efea5028D6C782CE029ce292B8dA6Dfdb6BB59,2
0x81015F2bC2F680d307Be755726aA34Bfa2e108c1,2
0x8113C447daBDDD03BC693996e5325CB84c8Edc78,2
0x8117887205dDE6A398d670416CBFFD3cC931a3F1,2
0x811ba9AF1881D96Ec3330fdA6994535DbC230623,2
0x81219502f9B1B16B9c3456DbDf5b12065a9da94B,2
0x8121AC42f24fE104b46fb4175eC0A75e60803c7f,2
0x8126e33bD65A744955077244b01C23e0675D9bAD,2
0x812e5acf1986dE3A8a07B65a4Fd6D7f996E7de1F,2
0x81360EB964e55441cC587955b9A039F1b60995D2,2
0x813F5Af252695765075d761957A8112D4aB17039,2
0x813fC9bb79EA3AD07A8AD995aF7F35829b919f3f,2
0x81409E4C1a55C034EC86F64A75d18D911A8B0071,2
0x81460dF77927466C7e1932b4A7f60558F108B815,2
0x8146241D02bb2533B00934277091fCE776a787DE,2
0x814763Ea57A161e6BB12312AccFb640311C08704,2
0x8166997F23682e66983A117956CA1e0153252997,2
0x817102BB4090D0d1C21D6C25654f89865D07649C,2
0x8172a6B456951Cf8f81EC9b779DE2A77f00cC8F2,2
0x817892AE61dD6327B33B49841b3e18808A1D733E,2
0x81824494f27640bBcb7698E141C1068126EDd552,2
0x8193c89D86414A7b6d1b899b01f64735582c5FC8,2
0x819D6195c1a9E44354DEe70F6a15bbf62456b17a,2
0x81A84307689D2C30A3A1AcA9EE9392dD3DE15554,2
0x81aD525036AdaF17ED7c27fFdffd452a32851B4c,2
0x81Ba93B26bCe8cA5d649B6607DF15E6D45462D8F,2
0x81BBaFAF3275305084B1d86c4E47323e8444c6ff,2
0x81Bc8BDC661e5077c98873838857973ef75002b9,2
0x81D1DEC11b2007d1164A6014dA199bb5d1544046,2
0x81dcAB1513d88478a3536348d6d7560f2d8762a4,2
0x81e36B82b857C45272E27A6cB6dEDB4bEEF13e80,2
0x81f1141D216e381d0d8F894Faa90D5A8DCC68A7b,2
0x81F4b13550858369Cf071aa03470704168aEC6A9,2
0x81f8cbE7586efF289adF4918Dc43c7c7A03FdAEc,2
0x820994Cce3A277A703891038Aa4300e29B05647e,2
0x8212191eAFbaed6CFD4b96CF66213e55A0EE5d8B,2
0x821225A238D9748F7f8Ade72a44A8d0756E03454,2
0x82168438cD9966DED2cf6eCAb63aB42fE52e95a3,2
0x82183F2cfFca479952f3aBc768BF275979cB6566,2
0x821d8FcC0330469e5B59b8E63d1BA59D638F693F,2
0x822584f015C36b9CFBadf8E63f713754cF795c32,2
0x8229136d4732AA98A067798BFB24711E3D947e78,2
0x822Ea412608CA2390AFCE98eB72E1ff6E75258B0,2
0x8231C319314575390F49fE0b4E42213D8e8f56f7,2
0x82320FE9480b0a0e5Df7011A9a1CD9Ceedef784e,2
0x8233D306B04F57dB9B552a662676653cF6fF44f2,2
0x8238183271e9ADbF8c86Aa127CDD6ead6c8A64D0,2
0x823b6b8DA270906f0a231223e46Edb5BDeA3ff13,2
0x8241573a815615FB0894DC6BC92843385290EE4C,2
0x824b46D76F31b2E9aE6A99d87D5ae4625cEfD948,2
0x824f8d3BB19A677f6ccd9F40aa680AA62149412B,2
0x825540AD71A7cCE2655C1Bf80956c332C90c7aD9,2
0x8255C2742ECf0363457CF3373810D21f0b931e6F,2
0x8258e1189095C7169D47fBd4323f6b7889cfbfed,2
0x82616EC1649d118eBCD02C49f99A575d313766F8,2
0x826520E65C4675cAd0F511a6668244fDdd33C1d5,2
0x826731f5C3bcE0B9285ffa5396e688f3E21E8644,2
0x826ac6eedBcb4F7bf4cBB2c4e887B3eBF1fd19EF,2
0x82726892c467579B5633faCcA2304f0166B03928,2
0x82818fe3964Df3Cbb2d6a18C7CC67799a5a64FdB,2
0x8285253CdcD7Ac274A908C0F2E53AF2AFb96C7ea,2
0x8286Ac6F9258f36f980941f32383339355Fa638c,2
0x828d5f878fb8ff3437e00FfA56541DC0c7D1200b,2
0x828Fae5Fae04c3b9B6f322429C861FFb59ead8Cb,2
0x8290326F3d2A01659996B0DC1638c3374b49BF65,2
0x829313E8483D045850CBA24998443dC5bC490bef,2
0x82a0BFf44E03a3cc26845AC67CFabeb221CA94E3,2
0x82a3EDdE66e4086A1e3baA9CE53b06dD2b91aa4D,2
0x82A9FBad04CE3b75DE94624F100cce5f52aE5c4d,2
0x82B8e6F18945F0857033D659E279f56BB57B5bAF,2
0x82BA8c948A09F150f74404363d6cd8c1E5031b50,2
0x82baC37FD0012Ab1408219B37DE25a7a3E837aE0,2
0x82BF2F53920d0D4b0a0443ECd90986E93c31d580,2
0x82c1f4Ef710fEcb5DcBe4601833b2057832858cf,2
0x82D8495377B61B318A54971FCf3D6F6dE24FA3Ba,2
0x82DD2a20DD6db1469c3c67ae6db7c36F3eC3c533,2
0x82e2a1bf5111B41E3A3A950A6e7615FCB65894A5,2
0x82E4b6DD0aab928BA43414932e9605C7538cc644,2
0x82F5944D0fB87c00B316BEeE3001525492843813,2
0x82Fc307fFd7123012326e7F3088EeF000b77Ba1C,2
0x8300f444462E55D11Dba5823a1584BaDfC293Fd9,2
0x831e05f352477959D0303ED5b9aF37961265288e,2
0x83201dD1579C4eD34EBBC4341c3a0406aD7FeE63,2
0x8320C2f6D05a5Cd45c752E68D3b943C64482c441,2
0x83262FB83eDfCA88489CA9cddf61F5c94E73Ea96,2
0x8328d2c9B7E3BA947BA11aB1e1F3483fc1E69f65,2
0x833717af2Af3F221658E50a579c4834799f349EF,2
0x83375d062a8C343f2D590c1203CfEe44d3f38Ff6,2
0x833AA7434671A2614120AF75bB0eC6f112e5898c,2
0x833D2Ba7842B8e2665261672FFFa37Ec5de75119,2
0x83415D785760a4fB598A0907a5354b5CEc41ebD4,2
0x8348142049D036042056854Db492dC20D3cf6583,2
0x834bCcE9b6f46bA26Ba5e130c26aa179dEe91CA4,2
0x834D9d2077d8A651082aBdb4905a5E10c8aa9381,2
0x834Dd9C7DaF3B1873d2683e91B6dD6D915E909d7,2
0x835b9eDf89e7472AaD4a2FC4fDE8a4E6f05Ae9f0,2
0x835F1Bc7967Ccb9f350A310caA494412B537Db6b,2
0x8364063A3e5EDaA6c9A999a1Ad94e8e8dDA2C71F,2
0x83687EeCbA06800C592803dFF3B1c01C5eEc174E,2
0x836cB428667CFA1A8f0D08A618712a4DF9622924,2
0x836E70Ff3aA6fCA0c26075cadb2D42019CaFF65a,2
0x837686CFdA8a79AdfB8465d39240C54166bf9a1E,2
0x8378f16DAd92B8aDe9024A2FE692a1F08beA6A6F,2
0x838825916A8f71EA5871De8Ac2E89aAE2f58b6fC,2
0x838cDF71df22cd6C45f5AD27FeB16dba44407b1f,2
0x839CC25556AA2A9884cADB2dB8a9eF12f7e7f863,2
0x839CFA9acB6C6C8D0ae723bCAB7Ea7399e7c4358,2
0x83A1613dba13D7555C14016eD03C1e6aBD888888,2
0x83a325381D952507aB0D7FcDAf8Bc44d5528AC51,2
0x83A70d0064C298DFB164C8a07A8b68A221819414,2
0x83Aba34053e28a5413D6aA4B6ef9C84e71b8412E,2
0x83AdCA8246380219e7eB044679c2BC29C243Bf64,2
0x83Ba4b58F7346033b1AB1F889b88b2BCC698215c,2
0x83C1C9E210a7D943dA9d56444eb3e5dB5DA24df3,2
0x83c269784EE6A9c465dAfe0B4dC0b7D1D254573C,2
0x83C9440dc34DA00c47A0d4dC2b598d7BDB1b53F7,2
0x83cA60E090DA1cd7163Ed427420d799dbe0eAd7A,2
0x83cEAbcf672378256C4b872000f9550c23bc2cF0,2
0x83CFBf713E60b0dbb093EFf8659284C23c20FF27,2
0x83D354DDE623d7206Ab169f871548D2f48447F3b,2
0x83D4f390a6fe93F8990Fcd768665744baE5db220,2
0x83D606f310ABa097B8dC66C9a84f7667f6dA1c67,2
0x83D914CC13230A26D4d505a24782153aB7EA473F,2
0x83e2ceBaDcc0f9A3F427fd28247f0991DBd5d2E2,2
0x83E7322328d902940c490634396860d875E448C2,2
0x83F31065854cBA51550B4a64ca3D5e4B681347f6,2
0x83Fc6f5aB0246C6e176601Be72F426E3D29f7A75,2
0x8404915C310291b99b84b5611795ddD1B3Ab3A97,2
0x840514b8c7bcAb1ada9d7F01DB24DDc915cFa8CC,2
0x8408cdf4B471C2400FEA05707125690e5f6Fe822,2
0x840Aa83E358C411083b71b2F48F02A99167CF087,2
0x840b863eFAA52F671573132e2D0143b2657DC010,2
0x8423753fe03a4f0ACf792E00426BF6f758aE645D,2
0x842404c4FD4117b9249bE4F38456B740AC0692C3,2
0x8424F4cc5502Fd5fe49af78FB7602a973a854fA7,2
0x8424fc75BbE9A86AA6Bbd2054A4c8ebB82a1c514,2
0x8425176e0b0E1d2CB0220a7EB7702F215440eDf3,2
0x842aE2BC8E78745a3620526FffaB0B806C5487a8,2
0x84331719480a5fb603593cF3EB9cB5Da9BF75B8B,2
0x8437cE97EF2153d94b9175F0B4145740c2A55C09,2
0x84433D07A273a82626A3c7f4Fd6b7e44505Ec4F1,2
0x844C519486146Ff9a01E54849817030930FE5c45,2
0x844fa7A9a2229bf727f31F0BD00187f6F41A1f1E,2
0x84509704fC066981318269682A73775Dd2Ff5398,2
0x84525Fb41f0EBEB6DFc590cE8B77A2A39E05a8D1,2
0x846015175604524C3aB50EB9293E39A3ac47E0b6,2
0x846024B2e8BDe0Fd3A0C36698139E90E9B62dF95,2
0x846113540bb12B60C0E852F50d9A5997Ce6E7a9b,2
0x8466965B426f6c2395910EC5a6FcC5634D0B107A,2
0x846d7968d273D34E2B2eB000650C639a348d490b,2
0x846f9323A0E86A32d7A82e1F898d57a0e47da507,2
0x846fB3A7E3d69af184e9C7bab92B0322df319B5d,2
0x847c1B4F34E93D2ae81B9D099c3E52F53d9aBEa2,2
0x847E61DbDDc2F4C7e84E55404Df57eD5Ba59F33c,2
0x84827Af2aDCEB0bA1B8eA57977550E9c424E5A1c,2
0x8486C325E9Bd4B847F841a3939f230f6953E968A,2
0x8486E8d693C7FB8662655e45823013290fD7f1d3,2
0x849009126b161b3a95BB2B663b49d9FB33f0B35B,2
0x84922162a6ae4f7030749ac933616aA2a58AF823,2
0x8495475Dc7192112e18D397147c2eDA43b52ac24,2
0x84A196e86eBA14A5D3396CDc58491a4bC79E1242,2
0x84a665D356d29690B2917FF55dA1291aD60FEBb6,2
0x84aC1375658A540f4BD7d7EC6cddCB012a055b54,2
0x84AcE7dcA3CD1e1250290DbF10CCd5551315900D,2
0x84aF9877D57bd23F83Ce8B488ABbb2E5D998a61C,2
0x84b2b5d0fa27c4e7072ed2958ded221E855546d1,2
0x84Bb43A408bE9c4eB92870Bc22Ff82F8c5f951A5,2
0x84C391bbccc83c5D09A8c3232b7d5963e3f2dEAd,2
0x84c6C95c6b177af7FEC381e37664A3bb042CcCDD,2
0x84c83687CA8cBcB7D93Ae749C72f5bd2CB85B4b4,2
0x84Cb79bB16Cf339dB41df077C3780e54Dee5b0D4,2
0x84D3aB3b1E970AECbF540D866bc01dF4deAD13dB,2
0x84DFFD4138d1fEd764EfA597fd71edE2D82A7e10,2
0x84E2e73e4A1275C2B7b9D735bFc2E9cA4763Ed66,2
0x84E3eb5CEc7F77c02b8EE2c3B453D13457536ee4,2
0x84ea36443D65521DF88f0737EDEFAcCDd3bcb216,2
0x84ec797CF9997c4Fd3d5BbFB5DD4073eA691585C,2
0x84F922cABC29Ca8DCb61EB9CF8b762D29fa3C7dD,2
0x84f9aeCa6F9eCacA340Bd9535B4f642EE74360Ae,2
0x84Fe1EF93Ad2C1CF269aAFC7868accE7fEb004F9,2
0x8506e43D89d80BB24d678F67f9e063444b8AB536,2
0x850a8Ccc51ED828093007804eC225bD78B93AE68,2
0x852056ad928cdB6AB3B2b748393a15f74634cf7C,2
0x8520d4Df60EA178F690B65f9951cF37821957E57,2
0x852358DE02723333Fe94E70EBe3e716403b85Ed2,2
0x85274F0550D3733180e91d00047Dd82d49F682aa,2
0x8537c79fc902EC807732522fD1bF1AD7834ee8E9,2
0x853bDf5376b3c5722CB20c0efbE8cEc989A69121,2
0x853c69418605529A68907AaF7789270e3CF69d97,2
0x853DAF9a6f8dB020eA73e6F17ed0221e51dC5B14,2
0x853E7d25266314e59c7735Cb865d9E1c2Eef86D2,2
0x853Fd5580792e3398C5D11777D30B8d3aF2709a9,2
0x85441c5deea4715Ed8308Adb5AfDe5B08728229A,2
0x8544F8B9571714Ed4cd9F22ffdB6640d4522de04,2
0x85470BcF068270E1eb9E3041D1fa9888628c4722,2
0x854c461BA1AA95Bcb3Ac11d8E902EE89983c6E21,2
0x854fE39d5D989Ab4a487d929f5ba4735f52d4F2d,2
0x855228bA5f04b92cb610042EcF88760bb37941e0,2
0x85532594ef909B631D9DaB7Ba4Cc75F1A94a8A38,2
0x855D3dD5272B5D262E7cD69dA40407AaF20041B3,2
0x855fD353850Ca8b6Eab66f6e1EC5E0A04B065673,2
0x8560C7b9229b597468CaD0F36ba743Ae2cC2B2e9,2
0x856C1A92c879Fe90e16A72c3D49Fbf4b7402BB8a,2
0x856EA2082A6cDDDBc8F634f2e359879390c3AFD5,2
0x857453638b8ab1a73Bc588eCd594002e37E24276,2
0x857456e6abfbAb1160F454Efb552035ACd2228F0,2
0x85758906beD603cA74d1AF5E306B91D947D1a1ac,2
0x8575e3B5c39e21634576113E97D8f52c714a5C67,2
0x857d54C3f82e3D892EC17c125d94436434B8D0a1,2
0x85881484B7314174493571461B5e11711791d8f7,2
0x858EeF9D7aF3622729424F95DFCa2dEe0c26D3B3,2
0x85958bb556d1EcC5975fa4dc12a799f36f196198,2
0x859bC5FE903dFe749FE3331512Ff7297D2E924f3,2
0x85a0b588Bb59Ee7a8EAcf53Cabed649fbcD2b24f,2
0x85A87E7D4337798928Ec2FA8038B7efe327DA6Ad,2
0x85abbC31fDD045c38D08C500AA0a58d40AB26Cd2,2
0x85b1EEba7803807BDe2dAb73cA868bdd939CFE2e,2
0x85c32f0bEe0F6a3963707F697C1492e2DD081337,2
0x85C7B85dffc67eac772D9e0353896A0C67FF2bFF,2
0x85C8a06eCc67f5360E4b3F369b16D1426776f50C,2
0x85D4b10812204B5AD1E05Dd8Ce5c5384E583d4E2,2
0x85D61866C75f10fA37Ab2fcF19371F01d34B41CF,2
0x85Db4369EA64964C9FdA5abc28d7fF3E6ab9bb39,2
0x85DEA3787Ed3D7B40F5188729d805E718A132E4B,2
0x85dfEDCC805cd073f0A5F7ca3410EDd9598567e8,2
0x85e5c420DFb52c0d846Ae63a926958Eb863c83a0,2
0x85e60A02dC18F0F4716BF38cA54775D78320754A,2
0x85E8746FeB499D069690EEFC111CC19EFCcBA3eb,2
0x85Ef33d5a8682A6726F1dD27e4cD97561b593b1E,2
0x85F0a0BB2eF4192Bcd79A20c47B26096c99a9907,2
0x85F0d97c1D64049529eB5b5856E511bF86899b8b,2
0x85f537aa5D781787c1c7A47a9A39da4Aa5fA1a1f,2
0x85f9358623Dd1bbe6ad3b85F34De33Ec39e9e41d,2
0x85FA87D9703beC0530AE9d147A8002aC08932b8D,2
0x85fc4d9E2F6658A9f85CfeD606d54c49D5e6d16E,2
0x8600A503fbBdFdcA6837000B413763EbB913d4Ef,2
0x860899428586d34d11ce2c71dD3da8cCA29421B0,2
0x8609276d5A6eFd7A557a14C795d8E88697a95fd3,2
0x861641d9b67046c7D6e25f5Cf378077896553ffD,2
0x86174470eea3eb35524b3c1998F5f2a9097141fC,2
0x861e32A55Db966EaDB3906B8D74bd967FF8A02Cc,2
0x862b053bd569cFC4b1518336eAb61A3e0222362b,2
0x862d653514D569cdd93976f35De87Bf9739753dc,2
0x8633237a413Cf6d3c6c5340885Fe73D2288cC3F8,2
0x86336B346CF8f7D2Dca656B0E03feA921Ad83AD8,2
0x863961C44588ED047efC987c7073F4100Ad40a19,2
0x86457aC5CfeA5d2Bbda2BED0d7A16F1b64E4Ca9A,2
0x86483135FDeeD025Ae2083A6a158aF8A9a3F5D8d,2
0x864DF6e2a4c8F789A2130e7710ceE9C08fE85394,2
0x86526b3bbd496839B0eDcFE911F9bA6705dC2554,2
0x86591c101E1e30861dE5712183969917fc702ED5,2
0x8661D5eAc925E4ef45AB4e9C34b8170Ad5426855,2
0x86698c0507d774c01eBaA14C9178b5362b150255,2
0x866A88Aad6AFc896bF5Ba698c4dF2abAe1A6f026,2
0x866e18c52Db5f5413Bc6D2d9323321958d045114,2
0x8673CA953673456b79710D5aC463D3408d9D5d41,2
0x867dc97D982bFBD70afbabF0B0485fB19d9375b8,2
0x8682F01Bdc192F2Ef200804293DA9442F80aA91C,2
0x8684e68d3966C4281c21f1bA4Fe9bD9F7e703102,2
0x8685e0A045af323fa0Bed9b5f2Bd58cA7E997f6E,2
0x868867B99D7B94aDbfE379FA61996c4607dD6081,2
0x8695EAf5d8b4fA1F96d98B9189418A0f7ddFd049,2
0x86a211d4b29E32A93A00f6fDFB3FB07f4282cDa4,2
0x86AaB34D513A634588b2A9d6d7896f1f350e09c8,2
0x86af756dd15BF4B016794C684E776860b73e9611,2
0x86b20CD4064951C22B1370a2340F5bA2cC6247A9,2
0x86b21e92F866550B44395EE2F64B90aC45b34e1D,2
0x86b3B6B4f88d90BA14E4727df8747360d312DDb5,2
0x86Bb08922E56cb0C0B82c650C5D4E7e75C181874,2
0x86C1485ea4A1f04CAA1E8b4eA8198d324abD70b3,2
0x86c33d544A8fCf77CbBBFe5b17CA3542AB7abb9C,2
0x86cA18CCe62D9a89903eD189A6c79422A197E486,2
0x86Caff61e50c625726585011DCf7938c3c76598a,2
0x86cc0624c99AdD5a23Ba5de8fe504077EB733cFF,2
0x86D4481D894C9Eba80B4a041394c1112856c5ED7,2
0x86D463Ec7b6128973923cD784a60125A085157cd,2
0x86DE3dE751EE815F604af38Fb475F72c1284B5b2,2
0x86De615C13D70Db0363dFc796fF260BAD85069F6,2
0x86eCf9E6bc60809b3d62d19d571e9a431D148e41,2
0x86eFa53660C7Ec9d4aF616e62E2864A5Aa778899,2
0x86F312C54F5D19585A77A29433897e65E1a59717,2
0x86f409e122C7F3aC14C96d0Fe213F4410Eec54Cb,2
0x8709216d163D137Acca8404a86B2e686f5e145FE,2
0x871156C07c0966c4Fb35D74d86ab4a55865B4d16,2
0x8712122f338C79a114b8Bb0b7f7e60e71A66c1e2,2
0x871DC6D70ADcad0470be29c06B279D7f48604Ee3,2
0x8724F4351eB63018aa6a265fA7a6Bfd942f80dfF,2
0x8728C811F93Eb6AC47D375E6a62dF552d62ed284,2
0x872A91Ee9D1149a347D5d17e988bFBF3c9cc7823,2
0x874cFa7dAF989f4E54c91516554dc859010ef958,2
0x875315C3f6DEEec3aA02b8a78E9eDA6e13751099,2
0x875FB0aC585200F5a9b867988E2a715f359DA1CC,2
0x8765BBbBC020A058030c041CB4CeCE169E41E6fa,2
0x876eE7729a6985dFf84fc6be5bb12f9f37EC8ef8,2
0x8772d248f4dcc17ad2398f49eF895d632293F785,2
0x877d17c03CE83fCb1Fb77f5513b05166E9F3Dbc5,2
0x8781A4df5310c332DC6Cd36f8a8B6Da1fEa7bfbC,2
0x878548dA0FD5A79141eC6Afd154D2205b42aA3de,2
0x878642DddCbCbaE12CC8984dC153db1B5C2237B4,2
0x87875c880532d30184d37662b825BbCe6621164F,2
0x8791049156cb0d3ce5d9cc1c5fd3fe095dd9d82c,2
0x8793aA9D7cFE0aCdB109EC2Db53f17602db20a28,2
0x8797A47a9200b52Ee90B4c5b5fA5A0DeD56dD5F5,2
0x879ae51BaC33516330CA9323499997FA337F8700,2
0x87a3e74FeBc53658F60ebC879DBCe33fDD4Ab620,2
0x87A6550588f2a19EAFBCE5aa60b5CB9a6314d389,2
0x87A8d22A237fa6304beA291341eaEc21A2EBF4C0,2
0x87Ad4c68c010CeFB7C4c413b389322Be561322e3,2
0x87b18f0a2Ae729A45F818784E006a514Cedd8aA5,2
0x87b6Fd7FCb5bF8EfcAB8063e4F036D735B2Bd326,2
0x87B97bc9f5d2De99C886a80943C6B9FB7E83A90a,2
0x87b9B5F790f60B1A7501849CE0974b165B687c13,2
0x87bB7C98623Ea59EE40e2Aca8D420CAe8553AADc,2
0x87bda98fA0DD5FB3502756dd75C9189531B2D3d7,2
0x87C0B7626321A7e02C59845F2F5cE9aF49805984,2
0x87C6FD1979aBb85c430D89fa97cD731b440687b2,2
0x87c89F5F027b0Dc4626e92D92E5964Ff8661DF84,2
0x87d0a67897328A71ea8CB39A5FcB71f53A2406Ab,2
0x87D20Ea99c2A75Ba65Bc3E2974B263Ed162d248E,2
0x87dCcB38B1c12c19568cf6a38A93c844F09AA81e,2
0x87e4393fB6d07E728Bc3831233359DF740907F9e,2
0x87E8335Ce820f2c7f4F61EB90b07769D931c15CE,2
0x87F47a6ceBf5b874CAc415872ab219b1868Ac663,2
0x87F530b9eCC4bfF59ff823cea6eF67532339805b,2
0x87F99Bb69c43a00De2e918397C72AdE7aB8f4BE6,2
0x88002b21c492377Ad80E79C27776471623EFF1F2,2
0x8802719Ea260B4b75B07e63AD4DE0e83C8c557d0,2
0x88067B8D00824bDc295015b0c6Fb62Ed45E6A3fb,2
0x881357fBBd14E000fdBEb56ad3d767dD8bB063F5,2
0x8814246379f367Dc822f8cf9653607942345fdb6,2
0x8817f7134113Efb435291e60472f3678A9a724FC,2
0x881Db2fbf2828d68F247AFdc4129D31E0F5df086,2
0x881fCd86478064e1B4EE7d9852dbCe3289DF8Fc5,2
0x8822DD9Bba0F291F3f169E62C2f9C9DeC7e2F67A,2
0x882A472532851F9DD753bbE60C90270f09440268,2
0x882Ad88e6638458888F88f8875eda1D879eAa288,2
0x883151333cEC80036Ff673d0f78f39A81b5CAc49,2
0x88359E81703Fdce7571EdD143fEa1231cAAf0779,2
0x883Ef866F34F5b437Ea0e845d0fACb635a1B93d3,2
0x884Bb277C0cb83600BCFC3f118cd6C90F09dD88D,2
0x8852720043336104966b754b5cB6a2eAFA9b6fb7,2
0x885c04C2eAF1BA2D53fBF5116806DAfc402BA5ED,2
0x885e60EFBC9dc431560233090F88cc70f2dbebD6,2
0x885EB3bFe952ef8343D6B3176C1327Ba2c44a163,2
0x886591a158ca2245365dde0E0E5a4e4E909De97A,2
0x886646a2894d64FB42b45F02723e3E1d34FdE5E5,2
0x8868De1C9122d45F98428dD4BD8e6f252011ff5B,2
0x88724e4f119a9c532bc6bc79910A851c34821A78,2
0x88725D7071ab7662c527D4aD8F952848A0a313c5,2
0x8872cE1EA7A61e309bceeE2740153D30Ac7ad787,2
0x88746D19D42D025B84F126d6125e2E70D630429e,2
0x887769377a3CDD629A4F09e42D4125A6efD0d433,2
0x887a9f0873D48d9CdCFDc003A9cd8F4C6A4EB027,2
0x887D0F19fb66CE8316873fea693115f892BE724C,2
0x887DCe98c67E27a44D98601901FF179507a10628,2
0x887eA6C60D440903d98D7FC2eA81362b612ca0aA,2
0x8884db2576b946B758E788191b0dcBDEb01518B1,2
0x8886DcA35291F05Ed5d8e21F083998EA8dcEB50f,2
0x88880De439BAbf4Ce0AA60b81B3a91De9Cb5F495,2
0x88882c004c167Cc9beeaFd7D6050DeAC077f8888,2
0x8888bb2211929320ccF625B17c930EB9193A3e58,2
0x888A70aEE80b59C2c5E86BDD3c5E4a5649850bC2,2
0x889E0ab4492B2FB04a3EbDd04766723D063A44aD,2
0x88A276da4c555131CBC84b7Ea2B9CcA72a7c0Bb9,2
0x88A36C7495715768A803C61Dc52086c50483E1DE,2
0x88a5DaF11aa077c824D364eBeEdb182ca6f6E463,2
0x88B38c0a95f402c9812fE00b974Bfe7aED8adA11,2
0x88b6E74056BB26e3Eb84fa300108e9E3b1217cb9,2
0x88Ba7c96Cba77a916318406B50269C51aB57AB6d,2
0x88bb48E12e32bFb847Dc63Ccf0dA788665247979,2
0x88BB85da8088Fcc8E278888c33078dcE6880Eb88,2
0x88c035c9F58b6E60Fb41d3890f49F07f8248CEA7,2
0x88c173ADe5E8520213B061BeDE619aAaC5dd667d,2
0x88c1fC0b6746637cB631DfF98B2FaDdCc2133153,2
0x88C2DBeCEE7104c771378b4fCe75eCA79308664B,2
0x88ca1C46C81e93Ca1b9b61C8e325298a666D7EF1,2
0x88D25C861938a91AF4ad57aD964a8fCc6c6351d3,2
0x88d9b709dDd27Dd1dD1C761352e52a1c96Bc78e7,2
0x88Dbc2d6e3EfbBF543Ce778f892ad39e9444CB01,2
0x88E0aA7481B743F1364490ad355EaFDF37c411dB,2
0x88E167683D6EF4ce09501D3a73D01364f9819939,2
0x88e4ed76Ab146AB4F9fe9BF1DeB974AEF83e9293,2
0x88E57735cD545d696377720C566f55701305de61,2
0x88E5888396E33de49DaCdac7e1dD9b49A97F9B88,2
0x88eA7FDA1596b754d566527Dd2C98CbF5B40C45C,2
0x88ee51cC6BEb2F8823D6dfE307B685a0D41F0662,2
0x88EEd6653cb255e03FcC3644BeFA52FD08C86A97,2
0x88F1A802DAB034d61545251b71F6e4B9edbd6C15,2
0x88f556c6911D57c3970b4F9aD2a8a14263B6fFfA,2
0x88Fbac7e5558ac126d06d471Ab070fdA92e00924,2
0x890754777b635E887B8335676fA210490B0dAAD8,2
0x8908Cc2e0D9DDE9e9A9d3fE41d4066f054fba219,2
0x890A6ca5E7E14806903E76B6A8373425aCf99fB1,2
0x890E1C14433196dF62fceA48Cea1E79CBa77DE4F,2
0x890EaD2F31595a50385Ac5cedBe5299F7D17c70B,2
0x89115b557175Ea596C2520a6f1D27588c4239eA0,2
0x89135f8ffa1E107799cAef5328C6d3ae6e7D849C,2
0x89177787e8B88B6b95cFCD0501e79bdD05d370CA,2
0x89187D27D472Fe1bc4b159acDF6A7b89b310e20E,2
0x8923cdff38a43d1fd59d323C35b900047e431BAC,2
0x892b435f10014E3a93905205677D4F5Da455E0F1,2
0x892cB2e7348C80dcA3BB4b6c2b4Be61A89A58538,2
0x892CDa1f7295b3945b88d2a4FD859E6a28e80832,2
0x892Fd5B6bc4f0D1aEd7603fF80bd8806677FBa22,2
0x89335679896a1cF3267F68bF4Cc69fcCC597F5c5,2
0x8944f98fa091c6E7C5FC830277836aD3FAb8bdDB,2
0x89483b8aFc83Dfa21A8431ACBeF1c07d2a8798Fa,2
0x894bE12F95e5A57C2B7245b1a8B24Fd4B52A64C9,2
0x8952F8B808605b153Bb7C5B6d2B903b9c1de9525,2
0x89531886Dc614070441c6f26baD7511988f9a4e0,2
0x8959F4676F31b8972a2B2F20F321D93d00c36e44,2
0x895a258Cf950d5B0b8538115b6906770fB82B0DF,2
0x895CE388F2D9C051ABeb0c17530fe3759103e109,2
0x895F610bF9CE2397C7aDFb1545A6efBe16999e06,2
0x8960643Ffc9D824815C4add5E6474Bc519fbf969,2
0x8965201466Cfd7A2D412161c623472b6F6A394F8,2
0x896c5Ba724ABA6ADd4AaEA6d837e9Fc94E057D4F,2
0x896C968fc7e9FfeFE6f963d36f1776de571D6117,2
0x89739202aaF620e4041375A8569E908D0Bc635Eb,2
0x897Bb3A1Ea2eeB92eB2D436362588F0CA42D2C7D,2
0x8985bE0Ed8c9245cffa9f85253ABDAe06D5C063D,2
0x89889a231996ead699b50611737AD2ba33296A93,2
0x898D5A999d340Bd8aB2dE6bDFC76f881335497d0,2
0x898D9dBEF7BD04D3abD4cd3cBC33B2Ea5159bC72,2
0x899AF60f5Ea2a63F6c98663989e02b9633C0C7c0,2
0x89a1f12eBCe191C548173068A9c1042A1127Cfe8,2
0x89a21f26DEBFecFC53B322b06e2EED067667Dd17,2
0x89ab85521827bE89309c3cDddee0816903b44708,2
0x89AD098397Ae0c1A0633ab5dd155A35A2FE140B5,2
0x89Afb42b35faF2041099F544ae6668D80aCf4E40,2
0x89b9eFff83a65c15B4171ddbABc0d03830055754,2
0x89BE91B436D7fea0e3E395A8800d3824a33B5224,2
0x89bFaF83CBd202f53f94900da8c86646ddbfA022,2
0x89D5992a33c06EC362Fd670d0eeb8aB3aa888f27,2
0x89d5Ac566d4d0BF14daD8B0531dd4B3de47F9424,2
0x89Dc2a40946D33AB9158fCFD6cce824Ac747e884,2
0x89DebA722c82cb078e9ca765338F01dbB1890C76,2
0x89dEd567a39742A28FF719013a03B80a902d74D3,2
0x89e0c84d5f8e7c206C2feef9Ec95b4Ea547A90c8,2
0x89F112Df328267569cC1dDE97116Ac2b9A3AB3B8,2
0x89F2f64fa63C219647D19D74Da3FB2271d175EC2,2
0x89f6e0fF6C81EA6Df6F8E0EDA0EeAd6424e62878,2
0x8A09064A767F3013F6FAdC99C187E4A28659614a,2
0x8a1179C24d7A1089a25a9295222B697ea4F40674,2
0x8a17293a828692d6A07CEa83b69143565145Ab00,2
0x8A17d7abef2de3e7C4F883f31F358388802F6cf3,2
0x8a1BDfDb9A6ba11dEE57f7125bDD55cA54f651Ea,2
0x8a1f4B8a5fE4c2226c110Ccd0A21639f794ed50a,2
0x8a25503Fde77B0A77a03F19898DA15287Fd586b5,2
0x8a30Ee0434297f1e9231D81a3a209ea68FCdc646,2
0x8a31b6631a674c8f6124352527e54a39d68b3ad4,2
0x8A327Aa300906dE7841C33750555Ce4Bd7Ea662a,2
0x8a3B1cb205570571C584b6d9b9859b58C23Fc1DE,2
0x8A3bd97f3a9eAb117B7220C6A267032a0F9dcC9f,2
0x8a3c26c0564dA01152672184757007f0c5844788,2
0x8A3C4890D1c046375eeFf1756380c473641f0a3E,2
0x8a3CB64B21A5D1Aa353f53cD661bBa311D472b5b,2
0x8a4A39b2103E5DFeC39f15e3913cC5d2E87574eB,2
0x8a4B59c86F097B7dF93b8Be34Aa4B5bE549cA395,2
0x8a4bc7736D642788af51761CBAc19671766eed34,2
0x8A512EE3f0d46288Fd24846454752AbA6CF85864,2
0x8a57D04d6cB2f45d0b773E736bfB662F2801C253,2
0x8a61463173fA6196d3674b852183f01dFc8B8aCc,2
0x8a627a2DC179DF7d71Fe54075366675D05291A66,2
0x8A651D64E05E1Ebd6612e36ecec5184F549e4106,2
0x8A6a21a0FeC9D176b256b7E6C94B77bE790F3518,2
0x8A7E7CD49F67de6ADBE694156c88D107bc81b28d,2
0x8A7eEf44D3825A9B31cFCE21AE4DB0F4Bcc063E8,2
0x8A87859D426665C91099d3c735B3B91A4Dd2B278,2
0x8Aa15a0D8AEfaFE1dC94c9b3c9F55128B6ec1D05,2
0x8ab1EF55F1868040336fbe825a88F41014C062bE,2
0x8aB9af1398d01A4D0be719c22FD17660F1712a59,2
0x8aC39eEb5020EE561C0fDa42c7b6E3C59514e222,2
0x8aD1fff6C622B403f917fF8a004Cf87fF59a9C16,2
0x8AE7a130988572fEe839eFfeB94a6fe1305B2D3A,2
0x8aEE51CE36A2601C20bDE219BfB330E34eF01126,2
0x8Af1D131E4dfd3C9d4478EDa9050567C3B4A91F8,2
0x8Afb48dF6c7631F941682Ac9C6f7072C8F50fE3e,2
0x8afca98eCBFB0B705e11C4F55c88368403cd7f77,2
0x8AFDC23309D53404470cD6d762674789BB45049a,2
0x8b0FDfE3C4B82366b52A7B52880503790865bf68,2
0x8B1332e6414C830e823110667A6f0c10463D0f98,2
0x8b17b37A6434E36305E0C3d7553097dCD7B32E2b,2
0x8b17E329f3319Ed862c89cE702953AABB1FD7BE2,2
0x8b194B58B47ff0008ac89a99e54cFdB3ca2f4a5F,2
0x8b26A43d728FCf20d7A10AA9804ED198AE05bdD2,2
0x8B3050981dc694a8f21aC18A1E0B03f3B98b5d5e,2
0x8B3a60D7FE674365c7de12E0B83Cabd74D9e503D,2
0x8b3abf1D4D72502b4C2c07016459A49B5abe52b1,2
0x8b3C0a57Bc85644b0bE7a4f889642602CC2c34F4,2
0x8B3C7cAe7E74344fb4A2510c9EbCEb9E4331EbB6,2
0x8B3cf929dA8a9401bB266a7dCfAC2203AD6756e2,2
0x8b3E4F5c90e838DeCE601176174A211c79058051,2
0x8b40bD7695014D19e575Db8745597c10A687405A,2
0x8b4661ABf9E035BcBECd7B4Dc3285b0e69b05930,2
0x8B4d88fCA1faE4f3560745c2094A3F9dDF526343,2
0x8B52daBf42576C35634f775D1D29320C3DcAF16E,2
0x8b59D88098eD019024C883bf182E9bDA124Ef88c,2
0x8b629021C56A3AFA055b5E5F55a0d3731E7fC0b0,2
0x8b69230AEFE98781c0dE0f4bEcE74d4997CCc41e,2
0x8b702615Aaed8B7AA10C7a6Ef1e848015ad5B400,2
0x8B738CA6966015fE69EbCb3344093BBCb609CDcF,2
0x8b73c11e053581620bF5D7826D0942c50cb7B9Cf,2
0x8B73f8a71cbe6F2E5A594255522fcE1b712a6594,2
0x8B74378af52ffd3907a7E4777714AfB70255F8B5,2
0x8b7695E6e1e8572dEf96131dA1D2A5e63B337ec7,2
0x8B77942bEe3f4338f688fA6cfE16D81D627a7f4a,2
0x8b7C590E9ee1AaCdD7e63eFFb9650bC345A8A097,2
0x8B7F07E24A9D779B72D719123cBf72A5654eF2D4,2
0x8B8023898585E97DA73eB02A6Af93D52127aAe13,2
0x8b804267Eb3eBE525B6F93e08e1E730Bc6d8ed76,2
0x8b817adDce3553663CadA89Bb9585FE86e58E0bB,2
0x8b8189e29B2614C8985758171ee0e9fAd69a5D5B,2
0x8b82Aab492F9bf28456c91e4BD28633fb4c5B0BC,2
0x8b83caE6fCB77cfb966931c8414730E9939eF965,2
0x8b8d569C174E21854110D90F78740eCF419bF6ba,2
0x8B90b89e25DBFeaf7ADBB2F080dDC3C8B4F1F773,2
0x8B90cb3fF1e47DA6ECAA73054AC3a5F68d840Fae,2
0x8B92DE72cd3b81F1f9cF1Df8e3432fA686EC94ca,2
0x8b9F8a0330C67DcceEc401A76df6506145c48A47,2
0x8bA1a3031c3016d0ce55925FBE1aB6D43ea72080,2
0x8bA2eec728da62ec518C49536Ee21d6064014718,2
0x8bA7b97913ffb9134cc4a7Af6ccCcA657AAfa7c8,2
0x8BA7E34BE3E5601C14Ac5B75Bec2b24cB1BD37A5,2
0x8bb9B5d417a7fFF837c501Ff87491047E1598104,2
0x8bb9e08c804B64f40cFE8218790Ec2316Deb98f4,2
0x8BBFfa953F2FdB61D79e3906Eb1CFC5a4A9359d8,2
0x8BC0488E1f90C4aF8F7Cc9fA2d10F38423bBbbBb,2
0x8bCA9f3016A33b1e34135D5f536e46Ed541f1A28,2
0x8bcB8652B410ABF611471449B8627b462dbFA59f,2
0x8BCd784DB9252d952AFc22f1bdb389F111AA886f,2
0x8bDaF4d7e8A35364A14fA93461bBACb4454ff018,2
0x8BE73D367c6FE787c0484259057eA9d3E3AE66C9,2
0x8be8EC5C8d216327bc70C5ac4cB6bDc184CCf0D9,2
0x8Bf1A857D7fD8A3c366502d6BDe3f863f5dA8F99,2
0x8Bf32c42f576133f69D80CAD73eC342A6Cd6E806,2
0x8bF5B06485c6020d02412701329043F592080147,2
0x8bF79BAbf23256874BD04621D0aD2934DcdDB443,2
0x8BF8214C5824fA5cC90B548Ff95Cf3aDf3fcb8Bf,2
0x8c01dBAfcbA9a6129DA488c56869a67931aAE177,2
0x8c0d71FB1d0B39429B5BFc6d5f6e70C9F145a139,2
0x8C15897982549A5fa6a18305b7Ccf7262476133d,2
0x8C16883765673E513c27900A766685d2BD1f058B,2
0x8C1b50440DC410f27530876dE95A83b4Ce651104,2
0x8C1d5C32A43177342621017FF2f3d1cDc4F10131,2
0x8C2DcBd691CafFB6620FD10D2f34500740b7A277,2
0x8c434e0f3A9dCD3b37DCBe1EB0cBa16ed0C16295,2
0x8c509E461bCEbe90711E3eB99A6EF1F1dDdE3351,2
0x8C50eBeeeF5f021bBc3a6832A78533ACbE3E5D85,2
0x8C524a66402b34FF5F6145108865785496efb5C0,2
0x8C530Ae517F5CF394AF10bBb647CE972f0349A9f,2
0x8C53ee12Ff1AA1de9BeBaE75AF671B79Ae3C9975,2
0x8c583de201642b3F05875D353615744653B8380A,2
0x8c6148b5DbEf8c6FA7B319685A883f6a8b843640,2
0x8C64591265f2c8360973f1a1488a4E3B718102A2,2
0x8C69f340509bEE9cf531E20660bE27f896c4c5e2,2
0x8c71547F041bA7a8f6122c63EaB8311b0EA400e3,2
0x8c7cF45Bfe67b04996A2cE1760E7A9De7763A598,2
0x8c8b6E1dE775d06dC4d57286E46108831535817c,2
0x8C9c82fEAF4AC876ff7D3119cBafbC93431275c9,2
0x8C9cB1A30F09bEAAf5B9D532546339152Ad43d48,2
0x8ca1314833BA9445Dd4E93C0E7B6B4a2dcDFc7E9,2
0x8cAa117Ad644396e433A7F25637D3409f806Cf50,2
0x8cac0dae43C6693fAd0513fB39f6143dF6974748,2
0x8CB20D25E5D2baC7cd75aeC1c4855F1f095172B2,2
0x8cb38068a9b5DDF9C5b6F9f0896f9d302F3eE6C8,2
0x8CB79B09F07c3f378DbCdac0f5BB67461329E2B0,2
0x8cBaeE36216F2Be4Da44A5775E101153894Fe6E8,2
0x8CBb6F0Efe07aB0629D8345154F72133b03520d8,2
0x8cbeD6b39438576cE258a3d52E0a0a960069133A,2
0x8CC07211Dec9c64da2ed61faa7f44f13fC7d740F,2
0x8CC1Ef3BD7e917543B6fDcdb998080c686a9456E,2
0x8ccDB4E5D5Ca1933Fe619816F0b08DF2b98F1623,2
0x8ccDe36a1456d3dBf54Ac786cebEa06B94925383,2
0x8CcFAA2C191F60a5a625064aE9682Bb82b1c6d94,2
0x8cd3bec93D81f900F4faEF7f40259d392b616A7E,2
0x8ce070259A34dAe6D38e871a835452dEC20fAD24,2
0x8ce0d1a7f2d1C54EBcc9D7BAD9439ac2068609f9,2
0x8CE2f79A329A3AB2beBD1f682E4E03129241657D,2
0x8cE4aC8870050b63b3480280a23b8F6199A28197,2
0x8CE595e7Af00dBc617a270d5fC4B6b35f33BDF53,2
0x8ceC5493e460F7C89519F0ce30152c664C58004f,2
0x8Ceec00162cE4Cb3448A71074166f368e3b25d7d,2
0x8cf3B22af80106D8d0Dc3Ee545A6E4406D5aF4E6,2
0x8CF593d93D9e248939108a61D23831d6eAb3a829,2
0x8D067B54A1310AC962eb846363ae407DE6588D74,2
0x8d0c7a284B7a708CA09De790dB4A40C2C51D775E,2
0x8D14Fc60c6D9f7c472A8dba4c6F0eCda68fFa1D3,2
0x8D19Bd3819f7562bBD61FE05B964fE39D0cCdD01,2
0x8D1aB1AEEEb959389C30f17ACE37923Ec414ADBb,2
0x8d1Ec12d43187cA38030AD3f052140c5f2859b27,2
0x8D2666b46C84E1C6562253F2265fB538cb758DfD,2
0x8D2c7181A70085CEf2aB6Fa61018129a545d07CE,2
0x8d31Abf2856B3E77c6DB33D257d56a6109782b13,2
0x8d31f80527cB74f725Cfd08d5B4c7c584b304c08,2
0x8d32B662d7642033A9F34B43d2300C7698324722,2
0x8d354942B0564f565D87CAdBab07de410EE24d9F,2
0x8d3EabBF69465A965C0FE4b9273Bc3b8ff54De17,2
0x8D3f95840f995349B738226e587Ccd365652D3eE,2
0x8D42388603970610302d608e81b8c06224f0dE7f,2
0x8D457491f0B3e19648aCD94e6BE287cEa648fd2A,2
0x8D4cD1ba5cFb4BD3c9dEE9886950Be9323747816,2
0x8d4fde7a0694d301760f0CE9Ae5d557dA47AD7Dc,2
0x8d5aA69D76064eC01383b067EbDCf42B3937caA4,2
0x8D5B6dc06914D73A3F6D03c26bd50Fb6aD414bAf,2
0x8D61e68ddA208FD57f67086152a052AbedB45369,2
0x8D67157e5F7bA20E58688B1E5E65C3ef22036b90,2
0x8D678bd10A5F8cf83cEaE79C4e36BcC0C2D09D6C,2
0x8d783fe80ae7A635FB5b30aB0dAF96b1Fb4bCadF,2
0x8D7a1BAd45C296351f288f15fE5C4F916508db6a,2
0x8D8075bbCA6D84f0F2841dE3A14B7177582632C6,2
0x8D81968Ea4c7E52f8934f6D1D8105CeC4B3cD80b,2
0x8D8281A765281E2691B16d62ceE0F2F1C70d3DB3,2
0x8d834919956aF4f696F729bdCAba61c9F16529F5,2
0x8d8925bafC9aC275aEc5f1A2A2Bf604f59065fdB,2
0x8d8f7F94bf376eb75b1B1E018495207592276acA,2
0x8d90ab41BCE70BbC3a2a9912277D4ebb302D7e90,2
0x8d910779211F12e7F109792cAfe0A98185982DB3,2
0x8d9897E720dC7343De0B9d54f66B20A7a27a59d2,2
0x8DAbf4a7eD67927C362bBD217ccDf5d1C9a66e04,2
0x8DaD09c2DfC7c4C9Ff7f52CF61d09Bb7bC2A149E,2
0x8DB1d5551520A25100171a86Df8ACD40B270a2d4,2
0x8dbb11853Ba7A32007cEE8F1eADe8d01a99AF996,2
0x8DbF8016192745E924954E9e30ae313D12a7330a,2
0x8dc29b81Af0F74Ec63238C3202223E06A31cFb5b,2
0x8DC39AB534d110847Ae603BD906522Ab7c609FEb,2
0x8ddB67c83b0213A7015B09c177626A96D93E7F34,2
0x8DEAE30D02A3df7954c5b28905c9dD31C776E9eA,2
0x8df4559640e18dF02fb8E23f8b0c5061c13B2FB7,2
0x8DF60c1AAAD93562DDde418514955B5f84e10d14,2
0x8DFA9FDfF11Fe92D451e7019757ce569C1769463,2
0x8E007c76aaC7F6F8bb9C26846675F88A1DBDA3C1,2
0x8e0CD8e1A0839fc8F363B2419e4DD260c1245a44,2
0x8E1b7965Ac37780F9B161Ec7cB27395384E4034a,2
0x8e1E328ec9D26FEb8D1D375C1Ad6e7a0E1d73eD6,2
0x8e1f7a6315aB27B351055823A30168524B8c0f31,2
0x8E2A1ae43e5f72936B26B4C60534A5e22876f4BC,2
0x8e2b53d4b8364a48AcD6E0155D2469d2EC6e8138,2
0x8E2d2212df0B8f1c53EEA587FEDB07b40657a1c4,2
0x8e38E55E494514fC8430C44FB3063effBD2E80f0,2
0x8E45D6f837DcC9D26E2a7Dbf7B45a5A7e9BecEff,2
0x8e475970528896E185E9f7534067407C2b32Ad33,2
0x8E4831eCF4AC6aBE10597325837Ade4b30ad4d75,2
0x8E4c9fdc77B6E6BC2aaD3f3eA2b07beb41E8977A,2
0x8e4D5212B2c19eF1f4bb729584ABb0269a5D2EB4,2
0x8E51a07Df33f1aE5ec78E6581A515bC01f87c2C8,2
0x8e52D8c7F82094136E2c0588A3e76F664E7c2fff,2
0x8e57960b4Ea75C78Ab0DdC2fF669C54B59749AF8,2
0x8e592A327C6A7d7bfc88e5099016c666a02F91FF,2
0x8e5f0C070314b7b5eB7eFFB86D6887f752625438,2
0x8e600758e168140102eB35B87b9809DeCBa611Ee,2
0x8E614358597e663F41BF8aB02Ed0491f89a6D011,2
0x8E6452Dbc9570d379DC21D86E86a0f9A18CBDBB5,2
0x8E6Adaf3d85E5fCc2d8f0eFB3830724321263E8B,2
0x8E6ae75Fe180Fd766A634082a140697a6d2E126a,2
0x8e6ed79c48944265FE5D004010c11CB28aa105B4,2
0x8E723D261CcCD5C0fBd90Ed342ea600cc72fD65C,2
0x8E751eF8A23B7DE00B1560dBD60feEbaFfbC9344,2
0x8E76515D75032060610eC0F518e63a8596E4F297,2
0x8E79742adB81ed3CE83C2478C77BB14bB0Ad0280,2
0x8e79e7042def4e39a5D5c932cc3D534B8c811977,2
0x8e7A233E6E7C76143fc3452Ed5382884A4694ee5,2
0x8E7d7367Ac91aE626bbf584AB7d450589eFc5A3A,2
0x8e7dB1c27de49Bb5Edace681606aF2aA29889493,2
0x8e80A50e4AD76Cc6bfa66232C826dBb2593ec7e8,2
0x8e8BB30e8bcA3221E5049744Ace0B41c4f299252,2
0x8E8F245735C7726a58D4c0282a36474f86878333,2
0x8e8f84b84102Dbe31Fd8Fcec07d8eFE8cA66e79d,2
0x8E9AAF933EE85e46bF1Ad48244a093a2Cd945686,2
0x8e9E8E1eB4493Bf61C8E9B5cD4f6f2647CEea147,2
0x8EB1c3cd418d9D7Bf141bd108A2B71348a86b971,2
0x8eBEaef8b590b7A712a34478cF9972A00AACb06A,2
0x8Ec43D9Bc1CD039F64B08A2E227a5a660308D1Af,2
0x8eCb303d99aABce2f90f14342F86C19C873EF74B,2
0x8ed050a6e66afE0E3EDAfC31D3B1e8F0EE8f09C7,2
0x8eD876fdEd3699C590Be3E12cef56E23376eff3B,2
0x8edA16906c74AB3345080d036525A80cb9fC400F,2
0x8eDAd641d181086D8bE049Db75c6115CA3850e56,2
0x8EdFD0C9e26649E9F17F232F22c8BF45c59a4875,2
0x8eE58F631388969f362C83Cc51812D08d0c6da4c,2
0x8eE692f7d3AF764bcdB50d8Ad360f147D166f0a9,2
0x8Ef440aF5dfD19F82D9E73461350Ee29850B8303,2
0x8eFaCE48c5AF9583fAddaA98C5B34599A3052539,2
0x8F0117387b0289b6d5a6Ad3758C164396c465606,2
0x8F02c6F2E6090b4Fd01f9dcBEA5A65E9A2A743A8,2
0x8f0ce6fA489c4dc45303c5FE888Ca38Fe6d1A0D3,2
0x8F1258beBCc9080cAae164dCECC14C19a2288888,2
0x8F14e1D3842097384aB0a255d9D3F202ee6D909C,2
0x8f164C14DFF0c714CA7A786Ec41111ee5dF7a320,2
0x8f1fc3766884d4A890aCB2CF4bd7A9Af7B2a6932,2
0x8f2df56bCeCB03e9118a8c78b454e7eCf1592872,2
0x8f2ED3172E9C7f352A647F542541134755564E9d,2
0x8f3416cEaAc81569472cF5335d1b1bEb0E3CCa6A,2
0x8f45C24D6A45e1c105f466f1B103313609e163C7,2
0x8F45c71d9Df8a87037bd0f29E1FFA29177308CcD,2
0x8F46F995426317F7633f0422852bf8F9902bcFc2,2
0x8f49f7807d73A059fF1d08dFb568913293eDfa83,2
0x8F4B13261E0Cd1Da8403407cB45f65E616b6C8cD,2
0x8f4c947EE9cbd05b8EA3D58015fCc0f619131188,2
0x8F55029bA3d663d88170071884781B3b2129d610,2
0x8f59bF1cffa87b600f3387A9CBCF6F01A3776265,2
0x8f5FBdc4a08d48cACC468B30b55705529944bC8c,2
0x8F61040ac8F42f67E33592e711238A3F71788bba,2
0x8f67D0C775E5cC0Ddb1C163899362391B5F1749c,2
0x8f67e4bf9E86D0a7162A0B5D8ae75Dd0570B6a1f,2
0x8F751C079Aa6D14c9b39C4d18aff832836991c78,2
0x8F791c0592Db171D84167D10Baa70Fd6DD26705C,2
0x8F868A694c93AF32520F5E0B0c7394B21D46DFea,2
0x8F879861DcB087775c480D54C0157DA93d25b2B3,2
0x8F993520FfD225EF19e594025D30D86Da3993c95,2
0x8fa2d259A5A9AFd08d1E217424e3635B7A4458fa,2
0x8fA34A4F2DfD95675062c898efF36ABc7906E946,2
0x8FA85e5d76016c439C0D06c6Be5692Ba6658F25C,2
0x8FB3E551AA3008976c9420b63ce058475577F2cB,2
0x8FB42D618AF190987561f23e542528baC6FE969E,2
0x8fb95Ae93ba3FDFb86938e6f82476ec0f6bB2019,2
0x8fBc89b8D9eD06f9454b8Bd45277e64e1977693E,2
0x8fc082B2e73f89c6aacd7154871E11e102b554bF,2
0x8fc4DA7Bf899fBd55F9C48318a9b188B3dc0b7f7,2
0x8fcC8fBC26886a0a44AddA2F55BA97CB331C5e06,2
0x8FCef2806D7106066b9D0097E0C2D0F31C169300,2
0x8FD215267C4e51cDD935383aB471E1619f4804d2,2
0x8FD2c5905D6305c38285fF50222E11CD8bE056B3,2
0x8Fd923EDE45b6963241c664C8735dA6b83740d7c,2
0x8FdA0Ae3F9D91e95f60A631eAE417615c6EAE130,2
0x8FDce80c9d6114ade7020D8a08c3d0f51eD00000,2
0x8fDEeD34606881210BAa95c2A16bB91ccEeE9a4f,2
0x8FDf387D675CEe9C0B53916666Cd34Cb82a61e2A,2
0x8fE4d8fD2EB1C9D9dBDFD103715d3028B8a5EDC3,2
0x8Fe6045B2857545748b12FC472a793b99e8Ee11e,2
0x8fEa2a8377e1B593bB0A7692b655661A90B1a669,2
0x8FeaF4aA58495cF9C69c1A7769A9a28706f7C9A4,2
0x8FedC53dddb956a7F6De07d840B7Aa861C780B58,2
0x8ff2Ff9cfB21497e0416Aa721735E9D6B878AE7b,2
0x8ff4029A05cf14fd69C8e597a7396B5D7A93d0d3,2
0x8Ff538700B7dD3086fA534Be688b37a0bEabd02d,2
0x8ff7676B92FdC65e3324e3A7065F2e4089043027,2
0x8FF96BfAdE7Eca2cB1FCf6470b9204ecC64f683a,2
0x8fFaE526429A8c63728FB497990ef913f3f58e19,2
0x8FFc88e9EaC6D7D781733Db5906ABEDE6fb81D94,2
0x901051Aa2c97dcd54435B7167696741Afd19CDBA,2
0x9014DF05Fa3C62Ea443775B4D4b7f26853F4C9e9,2
0x9015220734C724e3Ff1078B02332D8Be7F9C17e6,2
0x9015bbDe15803fe0B1f3445Bb5F21f6fE3EA658D,2
0x9018914aa8f683a9583F6D751E74c1Fb7BABfc74,2
0x901e4C7c63C611B59B8e46669A7a247589F030a9,2
0x9023Ef16968FFea318838A223ef2A79bd9f99F88,2
0x902E3127bC014243e9666fa98cfC4d47Ef1B8915,2
0x9033Be4a8332A39Bd8a15123De436f9CEa82f6DB,2
0x903D72E44B448443CA06C403704a468A7474D508,2
0x903DDAb16D716a7c9b28E410E761e1216764d7d3,2
0x9040f3cf1d419717dc59995E1b7b1b413Ce26a2e,2
0x9044E623EdEA3B27b5864059d100911DE26C5E22,2
0x90529de12Ec5f96a39D580B6C547a9510E4990a8,2
0x90537965E815e056ae0058d9944F28292E146A90,2
0x906155f4B77Ff598353e339ab79c9b21474dda76,2
0x906442d7761cfc2a73b6215abcD0208715d5925c,2
0x906ccdd8bD61Df5CB2DDF39fD415f880c327f379,2
0x90758d045784D8b4D52f6aab56395c74Ba6458fD,2
0x907935029Ed6090A974684FEC520613dBC24Ee24,2
0x907A8dB66A1976A923eBd92A344903B07ca1020f,2
0x907c2e33d7ad52386253D8D12f6740C81C7496ca,2
0x90844fb96Fd2a3Ec32dF043B591a75f0914b9361,2
0x9085385839AE44Cd105Cf6cc080825212F436A44,2
0x9085c9d0E27343bFA2f42138d47aB0d88E8D8dd0,2
0x908F22AA2d96883dE0ecf30eAa4Ad99C413D7299,2
0x90902562bFfC9B0ad4a8F8b52C9d62A76406481A,2
0x90a93d3e25a556b2dE77c3a50Dffe26D97232995,2
0x90aC4d3e3E21dB847bF908892936cfc911e1de61,2
0x90b3426e6E18f5772FB94498be300cADA59a39F3,2
0x90B68f040eD944C178d776C90C7d7C40D7733212,2
0x90b873cafd456FD72acC9F21042Da81E376b6641,2
0x90bf0fafBDF33DBfdebaDe20D6E4c83F05721546,2
0x90C26A74C4b1e7dc32fc19A6c7B1F8BB8055Ee32,2
0x90c317b0e9818F229770ae37DFE8107ae00ab9FB,2
0x90CAFC3570C020ab052918658bE71f6703Dbd4A5,2
0x90CFc92ACf1a4d009981E3843F18E37E41d42Ab7,2
0x90D1D211C8D3a94698B8d1B4fa4019AdD4d81543,2
0x90D9eD71fDF52d0FD099d17b7266B1729F223F1a,2
0x90E21986E199B433b56b5E9E386DdA39F8Ddf912,2
0x90E22C430509705B9678eB1b7457223c4b879a2b,2
0x90eb5F0aC91f2e37cF2ca0C58feD01b94e0582a7,2
0x90eEd3c5F56a6d882162C5c0CEbd6fd710b0B76F,2
0x90F6daa8E6aCCdD5541CBd0544646C92023Bb9e1,2
0x90FdA29D224697BD8c49BadafB8Cd307d05a8Ca8,2
0x90FF9d16c59b78765D08aD341a4912002987F1bD,2
0x90fFF1DA2b811236ebCE74670F6f89DC99517Cc4,2
0x91061e4f0915dfdE2032b7887C289Ced21733c59,2
0x9106CcB4AF3E8f808742F26D4a439EcED922a14d,2
0x9109c5B9a5030532B4F116e055d3B1f1E74654CD,2
0x9116c16a663635a37fEd79c1170Df82B3eEb7323,2
0x9117CaA888286092C9eaD484fCb2f686F886a488,2
0x9117D32E9597eA4d02D58c9ea6E0DC3a8E1a9231,2
0x9118CFB918F3ecfFb7d4191373A966E5C8d13aBa,2
0x9122481520bf516502068487098824cD94652D28,2
0x912465725ec780B378f21644F1F90C8D4b06d47E,2
0x9124DdE4a21969AC3c4935b8AFA25e1C3313d9b4,2
0x91359E3671DD663975a0EEff56139369647B58d1,2
0x913aFeDa8d647aeaDE636Ea67627C97B5DCE7019,2
0x914078eE538396986AFD4C49D749828d987cAB73,2
0x914E4F7e40a92520F1D3529FB3254936f03aE6Dc,2
0x91583D16e051C03336afe0FbC3a30D4B6E711B95,2
0x915da37f772F9d87F84A9E521f2354124B17e621,2
0x916348529073444Db31C567ed74D03Fbd0b01b76,2
0x91671d0C02c7465b0948e819d2C2d261405301cF,2
0x917203b8efE9badc0759Fc9A9aD08cFFde3adA74,2
0x9178deAC61d49D30f5B49b1fb687312BBf9D960b,2
0x91801CcA41Bd2123cc566F724D0b9c87A66D661B,2
0x9182E891A2E015f7B13d0EcA340cCA50b763Ed3B,2
0x91840DC0297838bBcddb6C5D13b6558602AB6FbB,2
0x918f6253d8e0506c23D91bd59582211e353E49BE,2
0x91977d924e5C77C80394FF477Fdb4Af328e05a6e,2
0x9199A3224e7F6bbDE6602A5b86e2C17B72065793,2
0x919A24D02D4EAC82D6C72a4487437FDdEde52484,2
0x919D0d939802b9EF2c667323ACa45428c795d983,2
0x919D60B9d41309b15F63251724df0c7a6BbcC5C7,2
0x91A2C1e5Ede954CE9A0709C79aC2B2f7705A3fa4,2
0x91A327989F9BF83D06ba34D1897d22E4EE9f72Ac,2
0x91a37A0B8a26691be745f649DAb64bf5928229eB,2
0x91AbF5C451a2c41e603df718450ab52F6dC5e391,2
0x91ACac0FC8F76cA78A843767e152AaD354032795,2
0x91bAec4D1Bc7D17D6de74499075A8A64604a52Fd,2
0x91bD781797a394985A0147eB7030debdd98B77bC,2
0x91BDaa82Fef4A963148B306342Ec0135f1e40BF0,2
0x91BE2BCfe77300443047aEAc1be7237d57EC8C1F,2
0x91C22388A80737E0Dc4Aac25162C6EdE6df06049,2
0x91C3b66Eb1e74ADCce0954aAaCA7742E3e3A9552,2
0x91C5e2Ee268F54f2b3435E85fF0DE66Ee5654667,2
0x91c68CDF2b81D6e1D30381511dE558a5a2d926dA,2
0x91c7D2701Ba2F0B11FB857A49F5d657d7309425b,2
0x91c8E229D6a2d50fBfB210795f794e11EAB0A95f,2
0x91d63a6D6153A5EFF805C63aBBF1b6E1de8F79d6,2
0x91D98811b29c35B4a0Ed0fcc9D2FeE0C3820A951,2
0x91E308B80F91DE98c9D077D0f5d778C8378333C5,2
0x91Ea2Ab7813A90e2d707F5eAd672524683C63fA3,2
0x91f7Dcd53665572943B6D8145d1A2CEE7A49d7B1,2
0x91FB619f3BB635AE6C3c1FCB414Ef0bd9093710A,2
0x91FBCf22853C28caf7e844620c9e052846557615,2
0x91fd7D586D5136e890f63A33AD5F897979F7158b,2
0x91fdd311D7C06d7576D9BC9f97CE78fB59f94057,2
0x91Fe7D8d7474549B5ed4ABDe3F48024ca4460021,2
0x9202C70fbe4Ef611E2BcAb26b6F10C94475e7f6b,2
0x920Ee08483Ab444F264b0A312A64Af209FC2b5DE,2
0x921117539bccB65fc70892A2f80990EAA52C80B0,2
0x92152460677e5bB3e85a64Ff1E5b2b7bC072cE7d,2
0x9218c5C3aAB80fA8A124e28fAA8ED689b2631a97,2
0x921a660bF450817F887Fbd467B08244b75738906,2
0x921e3e3308cA9A2d5D67c9386B1C41e87F0901C6,2
0x921E7eA6df1237617612168DE61F0623Bd9066D0,2
0x92285783862A797307eEB37BC5a8ada59DbF1245,2
0x9236ef3480544BF357AfC477979FDaEA777a50d9,2
0x92470383dCd435252603A25232819c2033864268,2
0x9247A4a1a935bF275708f506a7a9b788b6598BC6,2
0x9247f8142AC5ed8Ce991d5f8753E325e4596b586,2
0x924c0eaA8d5F1876dE3022E776453517A4664c1e,2
0x924D16Fa2abF098b4a78B3f126A83B50EC588888,2
0x924DB40bF317AdEF922780020D0ead9DF3349BBA,2
0x9250512E55f0574aA3FC537fE70a2CF5aeA0e15C,2
0x92520577C11eA1a91a786E08bF51f1f0f30a4e8A,2
0x925Fb9b15739dE68266c9A57586C5B1f483B6a88,2
0x926439A5ab0251875802947d99323a253C80392D,2
0x926c32BfD01A61bA03460416ecc4A08643Bd04b1,2
0x927143cAa2D30c9ABFaF81D751f2A0850a27A5BE,2
0x92751F382ab48F3Da951c149FED86B22e5b58C46,2
0x9275ca246eC77CaB1adD4F032AfE5a5395f025eb,2
0x928257e18A84f19659153f986B46f3C6F64d689c,2
0x928730C3720b786843698182be0144dA95AbEEC5,2
0x9289bF56C250E91eb403F1FDA67D1d43304f6fBF,2
0x928E8204470175eF71d916E93fE44724424b79a4,2
0x928E8b34e4585f259cD645C5b7E45Cec5aDdB845,2
0x928f70242FeF609644eC35F2Fb4eB7ac76b63C2D,2
0x929086b75527325CCa345Fb3189e51880528711C,2
0x929B3C92A81BDd0174CeEaedb5D1973D6C39EE03,2
0x929b67DaFF3787CEf9061eCd474FbBEEBBFa8311,2
0x929e2C5c84b513b96b6291cd2D56A44c28613Db5,2
0x92a36c61398B6eFcF436a8362dC95a84F685892e,2
0x92A9E19a64C0A656fE2194cda57242fd4F5434Cd,2
0x92b15d4a48c7544113e3E87834Bf0141FaDF226f,2
0x92B3B63186ED8aEdE48d69F472d850e8eDdca150,2
0x92b5231fb1c6c21C0CA4c522f22B5E1e6fc6Fb67,2
0x92b90ca9FaCf0C8Ba89160eFf36B4DB29eB0d539,2
0x92c820A6009DC979D1054Ff4Ae44EC4f542825c5,2
0x92CF1AEC23A1faF66b294f68194Dd442Cf05764A,2
0x92d4a068c4C940af06C9C1F0B74bDCC1d0FAF996,2
0x92D4fd0f22bEc6Ceed65Df3ef74667d984058195,2
0x92E3e476a6a70558d3637c0A0019831f2D385cf3,2
0x92e7e540233Cfb76d5dCC83EC773DcAD0e4Ae9b3,2
0x92Ea02f39C4DA25a4a85f54286032ae11Fac950d,2
0x92f4b687FbA843EeE209B69419774d195757906a,2
0x92f8c1058E38D7d907D64fa94b5Ad9b9dd0D4B96,2
0x92F8f06A69e54187b764b8151282966Eba924772,2
0x92fd427178175BF7Af3681657102023Cb7E2A934,2
0x92FE5C9517e3a69FA1e40f05A8d5C1519b086C44,2
0x9305A412409b9fff070fA6060b1AE861BE00e411,2
0x9305b32210CD175B29cf0B329Ecbe85aB1Fe1192,2
0x9310866A80a5DfC8d75351C09C317eb66ece0D4B,2
0x931258E7554777b2235699E6825d6551399559E9,2
0x93155bC11A63ac28698756AA005CCcc61e02996C,2
0x932D0533cfAf0dce252A43B7d7a7BB373D6110ca,2
0x933398e56cbf7466223D26Fb86cB9cC6815bE4B9,2
0x9337Ce7E633230AA6F32e3C10d0A26AeDF92A82b,2
0x9337fF757607c0badC3e3796DDde445aFa7dF403,2
0x933804e420289c493BE3B1aa6950CB65dabEC414,2
0x93452Fd7c99846AAF93d0EDE63f335C60D5412f3,2
0x9345367E29F2ACb90aA743dd2616ec5B93f8a383,2
0x934b60dCFcF0AD8cF9Ab7B8D44A7e17Fe006a847,2
0x934f604D4E93185347802107c4dcDD5f180bbE35,2
0x935759A8Fd9E16a9fF54Ab6c4d4b35263D24804c,2
0x935C20Ec59cEEd44B6fe8869Ed4a9E3803AAD669,2
0x936420BbbDdC89461665A9eD2888898d04ef28F8,2
0x936fe0F8a1AD8ee885703319c593B7682C72DAc1,2
0x937cCc20f3021107871f8e616f3C2bC3b1936b5b,2
0x937F84AD95aB69379238B88e678E9e0d181cE521,2
0x938557694499B871c06Cb7CA9247077098f68Daf,2
0x9386261Dc6F8Bb4BB78C718D41Ca910cE24Af852,2
0x938691ccb490B456913e827Ad86C8688E12D4C80,2
0x938C524687F6a443204cEDda2ab6fb4EB65B78c1,2
0x938F30701A23e03F0e28519d291DD25C4Baf6035,2
0x939b42b661E9bbC1F116e6E52DB3ea52609537A1,2
0x939bfe201dA74d19207D33dE0f7f3b8C2CFdBee2,2
0x93a3EF018068eEFF070a39DbFcf0990236787598,2
0x93A4468486a997b63C8bBFE90f8B36e74BAd95B7,2
0x93B14F65bbEF3C24F8612eC21305F30F5fB3c264,2
0x93b29C177b4c33c6469b2f306b122f19E11B0242,2
0x93B996f91E60502Af0C9a4D7d94A8668257D4800,2
0x93bB01FAc354Bf0dF57b80272103c38eBffE2354,2
0x93bFE3bDbCfb3ed92D31e281a6529A14696b27fb,2
0x93c442C7B3B064D9367D34F40b42772fF350664b,2
0x93C8C816Ad9Ff9E6f03534E5180F743C66AB5954,2
0x93Cf371461BD36be36b80602BcC5c8067193879C,2
0x93DceCe15d7E6b86daF3b660a6d35A3B06e8A637,2
0x93E380b8299A95458C82EFb6A179919022CEfD24,2
0x93E4145600DE55F6cD6846d14afacDA06138B08d,2
0x93e654aB630Abedcd6843E8f1A5dAB58099040Bd,2
0x93EF3f8D2C950Ac30B9e018B52414DCf7D077E32,2
0x93F1420175472F1B14F3225Fb0e4E629A6eD9600,2
0x93F4592d99175E8cE373D4764ED0c85FD3df307a,2
0x93F56509552443b0FD3B6301CBf3b43808444462,2
0x93f5af632Ce523286e033f0510E9b3C9710F4489,2
0x93f60854008d655585a824948605fA9EAbB65bE4,2
0x93FCDBB510c345a7e14e9ea84DAAd14Eb2869181,2
0x93fCdE8A2F5c59B671eadDe5bB5811B1f5388888,2
0x94063b1fEF88d41560ffed7E142eC9493D477777,2
0x940a725135A033E355212e92F29F4386878eaF67,2
0x94271D4fAfCB729737d57E57403fdE853a401D21,2
0x942a3aA12Fd9D3E3AB97bCDd7b5081e4ae2dAD26,2
0x942c50C65Ee2f461983BA0b503e2093460fD80f6,2
0x942d77C9a351f3d73f75F2eeB31DA08d4De48143,2
0x942eA8Fbe052F53c81e8bcC702100541d7a3be77,2
0x9431D1615FA755Faa25A74da7f34C8Bd6963bd0A,2
0x94326d52640c1B71b1179eCA07b7ED9edaeb3676,2
0x94331e55e86643E1f30eACe9d00Cedc148913d73,2
0x9435514493Ca082d4A93a45bfc4C2b14d3bca54E,2
0x9439A7530b7F20268BB189c8ac9Cf4d39719C2eF,2
0x9440FFfd2B2d68e720Fdb8A97C9e39339e97c887,2
0x944e7A79188b991f6698854aC7534f9CeECB2988,2
0x9450A8BA0D4F1886507015d3c1F6fC1ae11093f4,2
0x9450f30184a574E6eE5C028C112bC986a5041996,2
0x945cd3BE876cd3807000B06a47d1cbE527cAc34f,2
0x945Da2c8d4aAc47752Ef8Ab31a9E2570b07845DC,2
0x9461B8d69B785c868e1CF7878A398F3A6706b4E1,2
0x946292FB70a36E2801cA51d090C0BF2D48f4354a,2
0x946adA88f2C5DDedF40f52f4C75E4adD6c72B4E5,2
0x946c284C5E5A37b40ED1107d662f4715a71a663C,2
0x946C6BC08d0298eb0B461C01Ec365446518D8530,2
0x94890c8301C96e27FF54760f651Fa0a0269022C3,2
0x948AdE8e848aD86291f81c0c6Ea284bec78DE15f,2
0x9491e057e1169cfef0aDcc9748bfcA7688A1F534,2
0x9492eF5c72362dfBD0D5AE1D8bF0F8D5e039037C,2
0x949Bb5188787c87a956Cc58e117F9B2E12636886,2
0x94a2A7d984B250031CB7Ba124ec50AdCC8C1B693,2
0x94a629F4346fa3724be0BD8d099c61E33E096c93,2
0x94A83cABde391F2eB7962c0e187e099D6Ced7630,2
0x94AA50fE3c1ad32b0419004eeE4f278ca3908876,2
0x94b53466cB82866E1b787650E57cDCd132113684,2
0x94Bb68f05c46B46AeC5d766eE3F6FD89c12AfE64,2
0x94D01ed51EAF881A238F4f8f5C2f44ccB035f9Fe,2
0x94D536b58671e56C257530B737a8b17274d85769,2
0x94d903a9aD2C3B7B6f7cbCBFAF2B399C1983137C,2
0x94Da1e04238F661A5E61a94646CB7A4259320686,2
0x94dB91f43a035333A014c46c3829899629140d92,2
0x94e47c14f24Fb175FbbAB0f4A675Fc786bbA1E41,2
0x94EE70190a933C6134F6706046ECfb1a3e4aB6dC,2
0x94ef56Efad3cF722cD385bD6d5178C3063b83D1A,2
0x94f5654cF2105c463a48ca183FA5A80D0381A5E6,2
0x94Fe26cf4fad18fea473B84f4Bc6800C7cA3f407,2
0x95056a1a7C4426d5bE2f5d2F7a7f705B5F5079CF,2
0x950F87406B0D8511A83C92b6Ea5A850b7B9Ba0B5,2
0x95139C26E8bAc5aD0abfDD92a2Adf8D2Bf34f43D,2
0x9516d0145eD67839646AcDdBDd344E6708130C15,2
0x9517A589Fa29e1D68650c5644eBbff3a65A0bb90,2
0x951aaFA2bE3CEa3EA13449AC3a36a585Dbe92133,2
0x951C21677bAbfb68456a9F82bCc654AC0D42B30e,2
0x951DABD0b614ff691BF58344B9f3aB68F2406Ef2,2
0x952D23152F31277437ba0AcDb8cc03567cAa985d,2
0x952D968B82BF8355c2A36f11f91E2111c4CCe691,2
0x9532c2939647Be9e659A9aB5bB1AAB68CB8636Be,2
0x95332721398a5C2A75D591aB95B89E0ef0BcAfC4,2
0x9535a4B32C4CB0d4cFFc20a81d58cF3492e0ec30,2
0x953d2E139e9bC749F3F54f12773488CC7F8A3b07,2
0x953fb29586853D31a7fC6848B4596B1D3d491fd9,2
0x9555C934b751AE177fA16fD1D47f398C16B5F772,2
0x9557188B66D6451CC973D9ac42597E914851382a,2
0x955e8147e54d1553e922eF007D2a47d73088A21d,2
0x955f4460cB635aca703F701b51807189226bed39,2
0x95665290Cfe7db8beEF561802D4B792feF68396a,2
0x957843b97fBE768620FfddA0F3329261417506A0,2
0x957a832aBefDcdbb5433c46FDB99E4C36Acdd390,2
0x9580299B467b478E9C852694614f5eA819eEE680,2
0x9587b7E0EB1eC95D1FD105383a33E7B619E73f5B,2
0x9591e1356492a99C18E0576fe1F95292aA2c5050,2
0x959e53Ef35797D95DD5c402635E7D0Eb87273d31,2
0x95A115d5cB1c132936544dA2D9B5F973a65888c8,2
0x95AB0297F75bf81F5a7c0695cCaeCb7aEB4dB9C7,2
0x95AB496348eC63a56cD99E8FC6dA85F4cF5A1FF2,2
0x95B33797A290B02578a49995721803e2cb9e9518,2
0x95B82fFF3b8F1c0AA49EAA3372e38a523ae84981,2
0x95b8FfDa137fdBd8F6e660D9741EE19c0B89Ae5a,2
0x95B9dd87E3822C2585c91EC06dd07Fbde5b5904c,2
0x95Bb9E36D6B6Ac63E2c0034B8497538d6dAF1D79,2
0x95BEb60352679810Add3c15998e4E5d255CDF65B,2
0x95C06296b909822fAAEAC9abd213b0B00A105D1B,2
0x95cF9511Bf739cBD2935f6B35515d9e11c9C5434,2
0x95D2fF028353F2824b5f25342aD65BbFA8C1d890,2
0x95E1c5413524727d4c85A7e26E60FDa47C3De431,2
0x95eDE3F23AA7e2Eafbc67b7F6066017A5049A1eF,2
0x95F43144b6E161AFab45adF7F15aaBFAC658BC7f,2
0x95f98D14CAe8ec377Cc8E2BB17938d0a59031931,2
0x95fbbF7F170aDc6461Fa0939C316f8Bb9eDB4a23,2
0x95fe6B228dE177A7EdaaAC46A2aD6D3682A14cE2,2
0x960375167f676a702EFF2992d50d7C96Dde42476,2
0x96050C6a1C62B7C759a6FD4d945c64136eD9d511,2
0x960BbbfF5a99317cF2C1370426Eafd3C54cF0Be1,2
0x960FF98b3BCE6d1Ca22A6ECd85f260a1DB9776C2,2
0x96236aDB640eC620A85898378375cEDf03ca21ff,2
0x9626a8E841A7EeE845eeFE885E4cb26067A6b9c5,2
0x962Ae89c4371CE97b701518fD10950E9f688E88f,2
0x962Bbc0946652f858B8bC0c6c7E49B0f54322D4d,2
0x962Cec86ffA29E348E028504Bd43901093EF9C95,2
0x962ed8ceE777Eeba1083C8D3e3D5AA6bf56E170a,2
0x963039BA0Bb3DD583D73cE5224229417b3B365f2,2
0x963F5b79977CA3c4254791F732A758F20f7DDC29,2
0x96463e29607f0F400dec7905b375F07Ac7E24cb7,2
0x964Ed3A833DeF4C4774339052bac2D9779339211,2
0x965fC1117a0E5143BD658e9C3609e239cdCD267f,2
0x9660FccDB11E70493858109a02019e9478886f30,2
0x9665937c67443Bb321ceEE7A17AF908027066b6E,2
0x9665E9589709983AE12E7f421cD32196d53817dd,2
0x9670A65Ee6BE532e4a26a92861f28E3d0F5EA681,2
0x967Cd60e796d9B66aE01055eCA6375d43522252A,2
0x967DB255812EB2BB9296a4E1b15e67cf27f790F5,2
0x967EF4430CA401DF672F02e67766E7af708a64aa,2
0x9686F865c55BfE7db971E8CE4074D7B90ac74FB8,2
0x968803aB4194BbB0b06a8F3aa206e70EF5eAc6D7,2
0x968d232BFEfB4D2A24FA4C472AFD071C0CBfcaE6,2
0x968DEafa4C90a42C835Ebe1D8D8165C79fE0e8c7,2
0x969b8E5f5331dA0e8B57Ed35e19A0D631B668F3A,2
0x969ccB628E4253a7559fD82B85012c4d6a6915Df,2
0x969D53A68324116141EB492DCe08a3fcc817Fe4F,2
0x96A00c1aA38D7b39d5B0d30B5c9BD525Cd70A639,2
0x96ac2F5739fD9F622d04cCb6aB45a6c8aA4519cb,2
0x96AD75aB6cfdcAf69194bDd2A096dCf1E969f5D8,2
0x96B7C306b17578883Dc61af021C7CE693CdDcC41,2
0x96ba0cDDfB0175A3b342d98fe65007d703f9A0A5,2
0x96ba476E17F8383C864D55FAadb4a2bF202b5078,2
0x96bA792c409C27807eb8e81f3F63008Eb1e55442,2
0x96Be4B850d39bE929888155Ec324204fF0db256e,2
0x96bf1d6d1327A9Ab67C48536BCAcF59d0B7d3f5D,2
0x96C98cDDfB3d90e9aAb01002F04A99d0Cd7e6b95,2
0x96D2f7b6280D8E937Ef91d9B0D37A07c28C657aF,2
0x96dA2352a794119463BB26AA3a8932168e6a6a87,2
0x96DceC634942202497CFe155bF560AD24132E2dF,2
0x96DD761E54f3eBb0B117e00158c1D2c73D7Cdb9C,2
0x96df6554EeC41Bac5692Ae34412364999993Ef70,2
0x96E02D995923A81949c73d7445A1b57639d1c415,2
0x96E4A596087b811D61216684A4D87C688C6cbFFa,2
0x96e78a025214945B0645fE5Fa79D2A7d5D1B776b,2
0x96eAD81E6DcDcae0f2Bf4C6b808ccA8fAC8cACD7,2
0x96Eb2f6406aBDa88F40E3806A8B0cD05Ce917Db3,2
0x96ef1d80EacaC8358CEbCDA55C7ACb891DbA8f0b,2
0x96F53E712eD6273b9961218a82e8aB877A8f874F,2
0x970796871806ed99E96a4a19E7ce0E1CC01e7A30,2
0x970AcC1058260C061B7DEad0ce434c5E6ca5a812,2
0x970b90185d59632a620Ad71240E7c70f533B4008,2
0x9717C803a022884d02bFe6c51bb311587E516d7c,2
0x971E67Fa1eB932c06FFad5B902027710480cd83F,2
0x9727a7440b0C1103Cfe57A2DB0B1ADed9D430608,2
0x9732cE8ebDee2a403f695c48c30d6cea0b671D36,2
0x9733E08D26824c11a454E88a7EeF0419a5d76f0B,2
0x97357aD5dbAE82bA61A2180A37bEd13bceaff501,2
0x9735C010A9cCA24bEbe3a47355699925e0fC3b8D,2
0x9737bbab31b863071F87EA62e06EBA51E37D6cfe,2
0x9744107209BC6bc3DcAB27460d892756C87f8AAe,2
0x974975388bef0B9737ab049E88e1DB7Dd30AfcbB,2
0x9756fb60f5CfAc66cb03F4E7881468567dA91f7B,2
0x975CB5Aa4e3CF34532490cCD0019b74ad4ab237A,2
0x975cc8065446b1FCFdb6cF6276D5A0326A9A1377,2
0x975D36a5AeCE1bf101f8c03A227A933e706eE5fb,2
0x97625739B12020A2711b40cdaEeB7C13ef9774be,2
0x97686564027A23a86E1a6eFfA6e11D6dbAC50966,2
0x97688A7a80eAbDf68107EeD9aE39ae94ddeDa3fc,2
0x9769a99cadb5Ded048057a50b1cA61e4C4954CDa,2
0x978482015863de289A738CD9fa44FFA9a71156d1,2
0x97861181627E9F979Af8bf5f0037Cc77C762c467,2
0x97932301B956B8487132975D331b0A9aB1844AfE,2
0x9797B090294444f2E0d558bAE4cACB444a888B97,2
0x979e0F6B06153D9E771D63E8070BA50a533781dE,2
0x97a9b8A4A903c9cbf7aC8cd9561A7CFdA5c51d77,2
0x97C3679081a24a5AD42d2c020Fb82b3BAAEA1a21,2
0x97cb91642902ef48709bEcA1236813495FceEB71,2
0x97D4d4bC09fE9c110Ca835CaEceb99497B8FF737,2
0x97d882E01991303d08B19BAD690abfEC86E1DC32,2
0x97d968788c44c42ba7c472def8bd2e022867f736,2
0x97da75032ff0D0EC974C68d468A9b6F5a419A7a5,2
0x97DdDcbB6a6209cb02432b8d7A6e3AAbb0372b8A,2
0x97e1e6C70fe9F2209792640336534bFc9F93AA7A,2
0x97e4856ea1199EAb289b77aD8e129254261d258a,2
0x97e9E65edA435CE80c95d554bf8FBb757FCFcbfE,2
0x97Ea6C6506B6EAa61DC2a360B34715bCCC4c2225,2
0x97eaC7868737E6C36A082F75734CA276E8166666,2
0x97ECA0877dE97901Bfc610009eE78693e0BDcf00,2
0x97F4363B5465E1CC21Bf9eA314453348d0839A44,2
0x97F7d37Fc5B3236d6bc66a0838AFB558a3566E6B,2
0x97Fa47e55F28b492fc6Bd6E4803E834D452cE782,2
0x97fb1B368A0AEB6b055c0DB62E5E7CB56ff100AB,2
0x9803d2482De87781e053277b510f158b024663A3,2
0x98091064FAe6b4741c4c92B79c14c2a0a80b26C9,2
0x9811EAD34C9e10FB58C3d3a43997a59164Ef6eB2,2
0x981266532Ba833Ba2c9Ea4D91152C644bfd7F068,2
0x9815F6253289Db9e9096Ec27dBE62E5fDEdE9a8c,2
0x981713D5E3b185A678fb14cF244E8fff62296F1e,2
0x9818D389BfdC90D5891FC67bb403d932426f64a3,2
0x981cBe42A14630Bf834dCd6812B0030c2F0ff2e5,2
0x98236AA97eb699F4E523130EC34078954496FbbC,2
0x98262Fa40fC1876964105b858ecAB409e7F3C3Cf,2
0x982b44FA3Fc8f9Bc4E338899288053d0e23146BC,2
0x983604263BbC607f2DBa43e188B65c6b183604eC,2
0x98370c2b3BA6f2131CB15C3e9e1fb9bE7c7385d0,2
0x9838be340052f681cD8322b301b1866A375E9e75,2
0x9839fBC1562D83E54025B40f1A9b8d54228e83cE,2
0x9844105F66f44147f7015701fA5246e8A98b2a77,2
0x984b18B1823Fef04A4Ca7cF1e8A0eF5359fA522F,2
0x984f229260A4bDd19dcFF729C7C45DA57e5772f8,2
0x98542A7baC725E47dC787e0CB38352b509307c79,2
0x985D34521C5714Ae391c723B7Acb7B7124ACfE5B,2
0x985D7Ab589E56e091696Bb67b3cBB72c148bcDDc,2
0x986438A7C9e8B6Cc36192edC75a1a00550F548dF,2
0x98666A8744DBAcB546FF36Ce1d2e444CDC149e9c,2
0x986bB8c55F83370A3d6595D453Ae3f76Ecc514D9,2
0x9877026717be95c2Aa1d95870BCc4F20304cE0Ed,2
0x987f28B0Cf6D18982e82312CE7068CBcDE544444,2
0x988162C50dF5aB1D6Eb403647750f3b41fCFF140,2
0x98898D7e73761DC2e600b3D14948A17A10F12D36,2
0x988990D0801530e4fDfE7e93BB0706F899F7e48A,2
0x988C145Ced2ca3DeF0406A36147F218380791B3D,2
0x98a0003F7A89744293Ba9050731a6c5444D54109,2
0x98A14EE90E27dD9c1c50bE4f1467abA1Db0220c7,2
0x98A5d1e533D507b63762b0E04F6aFFCA8135fE02,2
0x98a7930FE1b9867F4d9d8De2a5A34B14f4ab53BF,2
0x98Aa0854C09beA63Af13E295a9a7593F3847537a,2
0x98AB8cF3a98D5CFFDF3d9A2CFa48660095566913,2
0x98aD1B45F79cEE6BE8DeAAC0264513142b2CaB60,2
0x98Ad61160f8137C60acbf07Cd4D5a6ca8458C58e,2
0x98b4d97CE047377B63A557645A1B99070bBD3EB0,2
0x98b91A1c016538E9C89b0e24eF5E519433CA002D,2
0x98c411263f9B56581c2B23E7A3ACa5a54329bDc7,2
0x98c43dA65205b7c53A857d79f3D1F6fBC0b76fA5,2
0x98C99ddd122a9A52cb2630AbB91028a75b3200bf,2
0x98D045c46F593CF94C39CC9484A5B85b9F17F856,2
0x98d0fA2A8E7Ab5a31358c217d2D90073Ea11EE3a,2
0x98d104574a7802Bb87ea6A2eDa1cAdCE3d9EddC1,2
0x98D4b8d27E6FCE496D91e10e6B1f6B1Ee4c054DA,2
0x98D86ab025312C267bC89a768325395A42D1dD0e,2
0x98ef5fb0AE5D67201681DEf8c5113602b822e6f0,2
0x98f278Aa4C1f35C40197fCa9a0A65225A3009246,2
0x98f7fB7F232bd6e02FF9E34e73A1dA649caf3Ba2,2
0x99038BB60d8D812F8ac47d3bC3ae6ff0DfD3e68b,2
0x990969af978eC30774Afa1B5C00492eFB85d130c,2
0x990B86889D561dC15baF5CBe0670Cc2F13396D28,2
0x9918481Bbc037Ddc66bA8E6b877564A1fC956192,2
0x99216a4592d8c414806d9E8a4bf2C1e6fC47A20B,2
0x9932dFd18DB4270Bf16A81Ac5ECe3e4f8b320859,2
0x99362264f6DD350F75932e830F6f2D0AfC817C69,2
0x9939CcC5c6b49AE61Ab5885dD8348c524cdC4968,2
0x99416355F283bB964A15A2e620Fa25ef7f2d5edE,2
0x9956409b0216a1C794B56E593b244C2c66B00e74,2
0x995737Ba36F81560BB2A838F1aad0a6e40Bab0fC,2
0x99583CDAE47F6AD2F329ADA8f6e3c70d12874F54,2
0x995D38316aBC9C0958caca1472B3E4BB27551868,2
0x99645a9761da8586E134AF9827cd06Ce78E25bE3,2
0x9967Ba07819b26d002Ac1534d1D46656E68Fb736,2
0x996874300A2c2F123dEb9e0c5C9Ff5Df753714bA,2
0x996b6dFDad6cfe2e3610ee2B8Ae11b6Eda9A61B6,2
0x996c0bF1e2617c6eB4279a947b0C7A6fAaeAf75B,2
0x996cA55a6593af63870b7EEe518d97e509Fa23D9,2
0x9970A63edf71Ee61c59034Aa30912C58dfF5fbd3,2
0x9971fFF5a081ADb2ec1e0F3163A9F5ce3b1a5e00,2
0x99722ee9e5C33D8F038A88FF62bd5D73D69B6388,2
0x9979abA74908c2726807b8D28AA080bbE9a96cdB,2
0x9979AcC625997F3ba7b01679246d6D2aC097d1aA,2
0x997aF8813f55AeBb84cCd6F7E34CE6E8208138bA,2
0x9980440c864D2cF8a2abE47fA9692a8CFBD31Be1,2
0x998108Db65a398c5CE0D85CC9cb1FeD5767E0298,2
0x9982Bfe3636a2349Ccf8410f646B6f8a4c281F4c,2
0x9987f57FFdc67F9957EB0F3921EcD17D980ea980,2
0x999b5b1c6998A974a3684D89a995122304d11B2b,2
0x999bb9053D2DE3075651De57101F426237A0b51F,2
0x999D67e6DadeCEc9FEf7599c05b3FA97e73e9206,2
0x999dd3Bdb875CFa5b0817C2eCC2c0B8379999999,2
0x99A179B5Eb460fd536BeaF8962Ca314d52DcEa8b,2
0x99a9cCdfb00cEcEB5b6847A3f147fb326Dffa9E3,2
0x99AA3979D3a4D58EC6171eE21Dd9C032a0E227bF,2
0x99AA58A2e8ACC696b35B35d531624d47D88e704a,2
0x99ade2F6422347161c003a64a2120Ec6654F53c1,2
0x99aE2fA0Bc127442F053742d52534f286F9464A7,2
0x99af1efAcf378e680652e16aEC64cec252e729B1,2
0x99B38e7733Eb58196C3c251ee93527F089c6bEbe,2
0x99B928baeF8771c7E6450D12885eDaD58185b7f3,2
0x99CE347e89931EEF8b71E1477Fbc8e6976270cE0,2
0x99d06615D7B4d93cdfFF30E3b50AdaB9f0e228d3,2
0x99d717BE213DB15502d1fa1a165639aE168a8cFb,2
0x99Db44A434089abF7D5238F9683394405119572e,2
0x99de396Fe367a6Af9B37eBAe0DFF2A8Fc784f1A2,2
0x99e1dd7b3A0D1f5edc8f8B1261eA303595C95Eb7,2
0x99E8d2a1eFd2c807616825B3CC5af331cF57889f,2
0x99EAab2E8c12bDf50822C9E20b74fDC12f59B94e,2
0x99EaaF34Fa4810813ead3D61f2B067b522841520,2
0x99ED6a39873a2ee89c130466d8eE354F80D5fB94,2
0x99f100ceec1E60D07Be5FAec0da576D0Edb075a2,2
0x99fbD4c1902d15b0d603c1eC14CF77590Fd73aC0,2
0x99fd71Ee21747c15CfE206d45D8660F5d7252170,2
0x99FE77963C79Dbc6D1A6f48a5C29DF5D5D8DA435,2
0x9a063E19b41118a5e826f79d0bf387518902A193,2
0x9a0A068CaE5B842d67cCC063fbE3a1b87aeFc779,2
0x9a0C3d06241943445933b70ca5d21156050FFF81,2
0x9a0F62b9A86187A03f4459D3130e9792eEE8aEB9,2
0x9A10D2E23E25Aee7452FFe6b087046D828B21DAa,2
0x9A116805DBD7ed692A694c3F37D8ea2F54027044,2
0x9A148A23fF4cB17fE44248f8754bF063fcBB4dC0,2
0x9A17911e25Ec92f87ca0E136e7Ad03f3fe93Aa6a,2
0x9a19bCABC43B0469Be59ED2497927170ffC968BA,2
0x9a1aCad4045E8Aea115a742dB58CD2cA2a349032,2
0x9A281D6543acc17C19C28a175297df8618F80f62,2
0x9A2b09c6B6f3fE2536Af06550E739E002749fb5E,2
0x9a2d2c4C57D8fA1730D1dc58f65d9DBcA732169e,2
0x9a2EE9f328042Ef3afd4bF6377Fc3620431Be043,2
0x9a337Fb669a0773aAf041d393b532ED49d46E761,2
0x9a3827feF1199174FD030145A902c38e788ee04D,2
0x9A383f8440697aB5AacEe2527EAf222DA11E72eF,2
0x9a439a2758093Daf101100D8Ca995a6583c2f1B1,2
0x9A4471CBF295ce3aF5C37e345918a9e12e0f24dE,2
0x9A48d68892320bFADb87a4490619eA12a0F612E6,2
0x9A5631edcF4A90D8111bD0fAe03a1aFD46D5fAdE,2
0x9a59f8774FcF431D11FCbc466FEBE55ab5b8dA4A,2
0x9a71D7A1dcF28C9fa99E5Ff7b9308119833E09a7,2
0x9a79dB20318df407c9EC70a7faFA6C15B146a881,2
0x9A7d46E369dca4d7d4C2Ddc990bfc52f969DF5b3,2
0x9A7F36a5cB24d7FafDdFb48EB89922e2C13C5D7A,2
0x9A85CfFBA50134cb4D77404Dd99C9AdE3D499241,2
0x9A85dc2a02fc29032BeE1a34476812C4FCFF8da5,2
0x9A94049E8cF25f6D1a3275C73E01faB05Ad3D867,2
0x9A9641a94fa96cb134904CA3f06425aef2ad847D,2
0x9A97362987DA7D709f95B1910456eb675846981B,2
0x9aa573CdbE6f3ae3af55f0be6cA71856FAcEA342,2
0x9AA6c74825776529009f26F0946561c5aBabC5D1,2
0x9AA9470e3fc3AC464540FD68A2A3608D7730B420,2
0x9AaC0b305Cd18cE5363e888A169e9b28aAD0F13e,2
0x9ab17bDAa2ab4A70AEDd11a2a2641A14D5B23ddB,2
0x9aB1c356E6Af86361446497FCe954B3CDF940206,2
0x9AB745f65062cc3242521C1a82051122Bb0bfB89,2
0x9aBaC7A22a65ebFb730d1737e7F245F32782a45B,2
0x9AC0389fD995d601f1F5CE0833f2372a6684e980,2
0x9ac05D1FE9483e21a5850a8cf0f557d8297D3366,2
0x9Ac49D2FF6D3CAfb8811D3de84cFE065b55CDfff,2
0x9ac4b0DA2b0cF03aB674b316c4af3AfADB3C6dE8,2
0x9aCc725c0c9fcCa661f585426f379B5Ff00C6EBF,2
0x9AcDdC1700E32024776557956a76763b676f146A,2
0x9AE11fBE84632810A7330f8b3C02035009e05Ffa,2
0x9Ae26f17928816F57D1Be4b50528D0c89424Ad38,2
0x9AeAbf0B4454b3d77A802c82e0BD03d5a4a95F87,2
0x9AeE0766A822beDE96a49206B3BD4a0E1633Cec7,2
0x9aEfc1F639301e074906D54F5669875c66A99C72,2
0x9Af319e1d49E15E91509aBa9f861688482B9628A,2
0x9af848A15B87AF6FacdAa5860404E2cAE31E5EEa,2
0x9AFFD1C7fFC1478065973eC50Cb887b475aD3899,2
0x9b00A459C06647c697256b09bd4763747FbCAF5E,2
0x9B050338E9a6Fb6E9325A40A2dFAf2ec12A0276C,2
0x9B0f3b42ABC501C71678A33109231d25024004dB,2
0x9B138E61bc913654132CA6a0e1571fECe0f5B570,2
0x9B13D96Dfa523fA6F844a830f4447b3eb11c3a26,2
0x9B1B78E3E33521507D8072464050a693FC036Bf2,2
0x9b2D58cd60c2aEd7aF4D5B37ef0f47c5B0b72957,2
0x9b3691b575E40cA5D95c93415Df4df184Db63F69,2
0x9B36A1799d2567f7e3d88be0f96AAFA4CB9a89bF,2
0x9B3E37bA693c954BbA67802c4D17efcd12b38e3C,2
0x9B44F667cbd76622CA907917A6c9195b6527a7fB,2
0x9b4a03A602D34c113881a04288E27919Ae4b657E,2
0x9B51F735d58D6FfeaaEC31ed5b5D0Ad881db6204,2
0x9B530326e5cDbd0696f454eC931Fa2ae3fE96291,2
0x9B5638f91bAf394D7BdeF5c5dC39E98cd72FeaCf,2
0x9b5dB781a2b7B32a9aACD23685cB09365c54A505,2
0x9B61D524c852690321Ee6916Af72BC80Db367b83,2
0x9b6370AEC59E61eEb4CDeA9Bd909DF3Af532B48d,2
0x9b63e4A7989EBB2fDdc97c429DdE16eb639656aA,2
0x9b697b7C3DA6B56689304e210E53be0db1164dD8,2
0x9B6Ae3670ebCB6E48ba91F1FEe0bcCB15eE29F13,2
0x9b6e323B397301C18E095d65f2229270F000856c,2
0x9b75Ec115B4D3CC826b4855D5608FEcE56408cC4,2
0x9B7970168df93CC4484a7Af43fc6F2b77EF59Da3,2
0x9b8149Dadc3eE23C8A82B7F36B8c6012b75957d4,2
0x9B864dDE6ED1c21608b1665a0ac0fAA4F7E36e6E,2
0x9b8B3efb428046ac336D39D1C56D480d8B12e06a,2
0x9B8BD997727bD39426d7E340030FE73a96f14894,2
0x9b8E62a23d8279949cBCc6Df881F7de0f549fD7a,2
0x9b8EFd315Be49D0B14fE097c971BFE37C612484b,2
0x9B91fF4C7c4984DBfA9299282Cd3af9C37cE1F73,2
0x9b921e18fFDeC8197E8285C832251b7F23275df2,2
0x9B985384373aae895705Fe57AE3A54BE1BbC1b3B,2
0x9B9B5d68d4C531Bd0FCB7e322BebEc1BB3e8E000,2
0x9b9cc63626692B73B65b315Cb586A7B543d3391F,2
0x9B9dBf521DE51d40BE118158634Bab4CA882FF6B,2
0x9bA0f92cfbf97A6768524DAd97C96fA16f4e160d,2
0x9ba6e0Ea2FDF65E8AEE29D6eC60a4d515294Cf4F,2
0x9BAc24199B2e9c41C00892F538fb2a29a4C14344,2
0x9bb063A541435f6a2De0E6D325319cb1428c677C,2
0x9bb603921D1156990a52ECFEe7d3c458F3f20168,2
0x9BbC528E69cD267d9E2De5feF5C6c205d48B86b9,2
0x9Bc27a47B4413c51f884AE4e4b9170F3A0D7f742,2
0x9bcab2d55572d1CB862bBfc4956e9B89e3c49Abf,2
0x9bCBf958364AAd003552DE214Ab562B8aacbeE68,2
0x9BcCBE5B39A1729289C4C09C48EFBDC162399522,2
0x9bcDc7db2f57B0f960A737ccC29373a9bc760134,2
0x9bcDcD1703fE3E77D05f96776663eD51313182E7,2
0x9bd156057ED1D8095169c79eC010e3f49dc1F254,2
0x9bdAe003E68a01e2559134AaB107Cb24b0BcE769,2
0x9BdccFB34A5B6f8B87B9999023D870B86B46805d,2
0x9BdcE44533Ce83c2CFa4141aB489c22532d6B483,2
0x9BEADC1297F97fFF916a487e49DEa1004510C59e,2
0x9bEd79Df8bC6e471A340983F7856D21875b78361,2
0x9Bef8DA2970Df48D7391f272Ef15374805D600A0,2
0x9bF5BE2034d477DEC255eF25F4faFD02e3599999,2
0x9bf5F01075E1eA9293Ff0f9f6eD651c53163de3e,2
0x9bF9ED871B2dCB4BDA98E449eEc48FD9FCd913e3,2
0x9bFAf326dAe237235b43aF40Cb3308181cc9Ba80,2
0x9c06eAa1574E064B646fA24B9eFdD158AD19EbC3,2
0x9C083B33eCcAab09CBAcb81461a1ba72975D10C4,2
0x9C097d16b2460a0ee837e9C5C11756EC51F6B4DB,2
0x9C0Caefdd631a642651d01Fe3835396a61C4881f,2
0x9C0F221c134591F7C9d565548Ea4417900302eA3,2
0x9c18F43BC2C8166Cc59103EbDeC9d53f5B128cbA,2
0x9C1c8950cE20A417871EE6603FD541e64Cab27E8,2
0x9c1CD7eE88D52a9f415Ac2BB1eD8094B911335C6,2
0x9c1e4E4a942609e9228C153bF956ee9aAE32a8d6,2
0x9C23df994162AF3A43D0B67299484280257aF3bf,2
0x9c2660a1Ce0b20d821690D0743435d4f1C809F56,2
0x9C3484Ea5697790bF3888a65aeE25dAF127Dd6A0,2
0x9C39364F458C8F174B2F27dbdab7D7EaE222FD98,2
0x9C3C675B259B4c280530Ab05b131dA44AB0b9C8c,2
0x9C3E39bdBc4FA365e4580124Af21c6BA4b27F9E6,2
0x9c3F08c6281Ce999515Fc822992cD01B54aA1066,2
0x9C3fACfdE7308994924324debed7FC478C4aA662,2
0x9C4d83D302F642B528fD47559c194606B86e63b5,2
0x9C5590E2319E1494617E47b1B6298441CA025BF8,2
0x9c57B15bCCEEf6cb6eD958CEB855a5b86AA5d8CA,2
0x9c63104a0DFE3E1BF838120d9A3de9b9e5332e92,2
0x9c663eeAe3f2d31Bb007FA99200075AC572b38ce,2
0x9c66422f4DfFb4541C6dE68963B2ED81af599D3c,2
0x9C73fb8dAD21596d564eBfcA6aeD5c065BD8EbD4,2
0x9c7513E9Ec8793fC010e42864e264512223F0644,2
0x9C7B22D6825aC9d182Ae9Fc60661899aE7AdD896,2
0x9c7db6751530c8a1b1C65Eb9D80C760FA1B69d01,2
0x9C7FEC298836086f834a25bDF274F61C86Affb81,2
0x9c80dfb60e57Dc9A764AD0B789C63979E8379873,2
0x9C826DD3532F7EA33A60ecA615E0667a100C53c8,2
0x9C8aA84b1B3114d07cFA17bB5bB9617C7a1374ac,2
0x9C94aD2E0b85a9a82fe7A76af536057625B3ac05,2
0x9c980900479c752016D5fbea71E4e04d6CE251AE,2
0x9C99ce072328B450871c8e27Da0a3759F71985E7,2
0x9c9D341658cd8bE9023c8b6B6cd2179c720538a0,2
0x9cA12388a0E760b401635CEda7F921525588670B,2
0x9Ca2F06c148b6ee694892B8A455400F75c2807A2,2
0x9Ca61933E47FE657b2F7EC7C6245915e6bf817E9,2
0x9ca73054BADeE6B9270faC11e1d87B323b6189b1,2
0x9CAA4591f62FD18C3bE93974FE3282750a4091a6,2
0x9Cb51b11317157776BEa1eA2e904BF7a4474A4Df,2
0x9cBAF379Dd6e3f7457184Cb335160211074b3851,2
0x9Cc6Ca65625CBA327D9a910ec3E3Dd93BeCf7fa6,2
0x9cd3aE6eB48821e5289B57B5bBfcB23CbADeb6b3,2
0x9cD97612eE8e32A61Da83dE1c21Cd7Dd7269322C,2
0x9Cde5ADDe89437D7101014aFD03a5A3dF94d9c92,2
0x9Ce4Fe68a3FD27d1275BAb0e1F36734FC3503e92,2
0x9CE621Ea679C3aA490f9B5D41Cdde16955A92202,2
0x9CE8F09499B5637aA6468C9c0a3d664cE0D9107C,2
0x9cecb721F06fC27daef55BEf4DD892087f71a64D,2
0x9cED38a078ABf257e95cfBc2AadD4c7030e6a9F2,2
0x9Cf5084B08626c9a235D9D6B0d24E2B4535294F0,2
0x9CF52474224638a4c318E0CadC4D5F14761Ee63C,2
0x9CF52e67593A5fD3cc31062d706420C6f4F959e0,2
0x9cf6AE11Ae14C6cB8822CE5441060df9f9234a67,2
0x9cfA61214884342f39992f6367F85EF6455B6367,2
0x9D02C9474Bf19DDd87a2f895fE55cc3Ec2B6cF99,2
0x9d03fbdB85a5FD4B6709d0f3B13Fc1f678ee3833,2
0x9d05C576f27c03d2B0AAfE6ac8AC0d1e3e51AbF4,2
0x9D0F7C701C04C520A44804bF7c51d564d70950eb,2
0x9d1e1e2df48094fe67F6B2Ea8773A0B16Bb3c034,2
0x9d2D39c9185559b9bCAdD9c27FfFC9aE807D91A6,2
0x9d327c0b182737D31BCf7D0F60D10B5545650e4d,2
0x9d3DBf8168fB1D67897686Fa76ad2FB0245ace0E,2
0x9d3f8c9b9C5ef72f3d3Ccd6958cA34338aD9F223,2
0x9D42b28854d0Da4766BF6b63391738F26eF5d2E1,2
0x9d455AFFe240a25AdC6cD75293ca6ab2a010ab0f,2
0x9d462b330685b2c8852405eE63d32bF3c55bE4c2,2
0x9D46BaEaA86Af10DbAe09bBf570b47Cd4A26407D,2
0x9D4c1C518442aD9Eb23cb79A4792D508b49c81af,2
0x9D4E0d81F344a70bd6E136e82f0efB143280C2bB,2
0x9D4F62255DC354abF02Bc4dCF63CF4cEBa9D8e58,2
0x9d50D82EcdEe9e4359DE3E7F78bBc0fE6eF52de0,2
0x9d5765595a92c560c8759d2a9c375C66123765a5,2
0x9D63EB108d5Bce5054B834A32d188e6F011d1F8d,2
0x9D6640983525b0A573d73F421e368F9a83858713,2
0x9d6B04A2965d28714cB365EE3c330eB3218161cD,2
0x9D6C00476B2a7B16c970A003a4b9a76aD9EfE830,2
0x9D6eE26A20B63BE3E24AcC56444B4Af19f67eeeA,2
0x9D7c1be470bDbAEcDbC54e0cc153Ae3857b2cdA6,2
0x9d7fD359F39B7cF41862030fD63Aa34b5D61d7c2,2
0x9d88995413bFE0C78365c86668CC1A4Ab49Ff0a8,2
0x9d898899d5136763D26cEF393451b0296E28359F,2
0x9D953Fd4c8C4eEDB0ef5f3dE94b6E943Dc04659B,2
0x9d9749F86D54c1f8279231E92A1BB780F6d6dF78,2
0x9d9cE8bF081688EB05db569Fc090B39B3833f5Ed,2
0x9D9d8Bca0eA64882DAbaDb1fF7AA2919cd0642c9,2
0x9daA7619cfb6194e9CA89cF754e560f8327dd7D4,2
0x9db201E7649DE1f14a7FAEe1E2fDa265a8F8669d,2
0x9db553F88b69f657e77e1b0086eb74430AC2A8C1,2
0x9dc118e287D599278cc675d6b50f8be6de41BDf8,2
0x9DC5460ef8CFCB2B3DbcF2100C610fCa14BA93d5,2
0x9DcDF0b1539bC933CD672be7971939Ab0438E2c6,2
0x9dD5B3d9c3379E739C09D61cdDfC88DCcd2fec6D,2
0x9DD9fff1AD1e180bcfcf383D3E260A735E382219,2
0x9ddDE5D32ed6850f46e3F9Da5CCc2475A908F358,2
0x9DE44d98978bDb32f9Cad7fF49B5Fc25742eFb78,2
0x9de7B1620Ca9996F544e3469C1b8d28f66fd09dE,2
0x9dE9EC9AaF58F90646b4B4ED33d28a5276e25e8B,2
0x9dea42Ca64Fc1069aF422d329EF16E548936Da12,2
0x9df298190e7e47560C12208Ea5c8546157b42E85,2
0x9DF3223002fFBE2123D9749087554C99C608Ab35,2
0x9Dfbb2aFb2E49Eb252f2A25BADcF335FB738337a,2
0x9dfE315177450BE9dEFD7c056bd396B82639f36D,2
0x9e0bD828C87B66811850b98c1331667BfD545Bb7,2
0x9e0D7Efb876bF1a4DDab9B9028131436163BF0b1,2
0x9e138C3C1249f1627168D02359A4BA82e5f2EBd4,2
0x9E20da4E9D36B2e8FD272cD2191064192578Bea6,2
0x9E2382653e1947280116AfF9cd154df69dd6cDCe,2
0x9E275Ffe6EC2B61C0B8ad0F581b8522C9a66a587,2
0x9e296D1F529F27B24c1Ca46896FF2195D752E64c,2
0x9e297682e096C0C53Ba27e37Fe5Ff89A05285988,2
0x9e2eA2268c45656807B4aB86a0aF7E203BaD7541,2
0x9e330d0E5C3F9Ed8063B397c3205a4dA79724253,2
0x9E33c04F049EE53dBADd61F3eB19761141BE5140,2
0x9E359b1619AC203132F67b25C3E6d73C5e731F1a,2
0x9E3bfEf4230B95915a3d2e38b5D1035dbaA2F75F,2
0x9e3d66fde9211a07acca77f73d0a2ffb7be88452,2
0x9E3e974Bb43eF79F408F8C18Eaa047e48bd50af3,2
0x9E4291bC895737156c0Bc1806727f1501FE4F52F,2
0x9e46aCe882C6a7100c75240eA359716Fb1bf680A,2
0x9E48364Cff4057cb28469D78cab0E445fa9b2833,2
0x9E63A370c3602578afEDC026da5E7EAc84AF5b39,2
0x9e680f3D7566464B3b3e63C9ad37dc2B9e5452e2,2
0x9e689a246749fd4DA947BB3Af886B120D8820A51,2
0x9E73fEcC273507A4DeaB900D480f5740eD222222,2
0x9e8810B68a7e18fc5452d2f3073130d323ef6808,2
0x9e88364c399d4c3c1a82d96a1d0641f5c20468a0,2
0x9e8cF2E700F43308eF39879fB7Cc639878a0d7a7,2
0x9E8FA3f8883EF7B979647e67290d02FbE36B81F2,2
0x9E9437B178FDc433196f1558754B0364594999Aa,2
0x9E9438f6BC1eBf8D4Eab254fe6042B3F81266A4B,2
0x9E96fE94FD3283EDF0fe147988e34c8917c48E97,2
0x9Ea2376A57D7627E2cBC650030bbe54F821D8F29,2
0x9EaC96E9E7633DB90D16822FBB681eBe84f4f427,2
0x9eb42F017E793512e4734f8785DE605c4cB3A24E,2
0x9EB9212d7D7FE106610a07e509Ca11c489BD2FfF,2
0x9eBB207e0B53F2f339D9670d7E74605d6902f107,2
0x9EC3b626Ed9EB9719B2A84465902A497C214e51c,2
0x9ecAAdB4cbC208C6e920996aDF07780390353E37,2
0x9ED4ea19F1B611809bF499359c3A7a56E981A214,2
0x9eD63b9077a2234f553D452A067Ff8b711b53344,2
0x9Ed6B010Ea99619d6185B012b3B3aCCDfC30F109,2
0x9eD9f58060DAF4b2F96bd562b68C9d6A67336419,2
0x9eDa3f96D97FaA07c1748Bf571084ce5A85A60cc,2
0x9EdceFf0218A87226E28381491F7DFA6775538fa,2
0x9eE7511b565a253Be388Ab130A48B5653A501E70,2
0x9EEb37b133CEC64D0e7dF02A747021D634938F15,2
0x9eeDF807767f210a718630E7Ac2ea599550CDD41,2
0x9eeecA808A62809CBc2578F1e02c24816CA42477,2
0x9ef1782f4132eDE2a67eE7E125BAb41697D9E2aE,2
0x9F010A1583F7eD30d6cD46937c023e9FB4a5F847,2
0x9F01382Fe1bFfe152275AC07109e89988927adc5,2
0x9f06BBd82B7A26272D1EaFA118CdA2819B22D793,2
0x9F078F5dA9f2ECca2cc932A399CB5dA68A864bB1,2
0x9f0A8c7635ed65EEE476A11Cfeb031b567c0952d,2
0x9f0bC3b05a9E1Ba092EddBc347893679101E53Ec,2
0x9F0be201008E2Fb2544E1CBdf2F8b5C802600776,2
0x9f0dB8AADA97f414BE819054EcfbC387253d4084,2
0x9f110310cDb96C99F65907DE381721bA824932A5,2
0x9f1359DA439a46ed32Ac1927c6DAb02bD4825b11,2
0x9f1CaD156305D26C7F5AEFc920F10a5B28956eEB,2
0x9f1dDf2607BC3189FCA5598D795627b36B4b1Ad5,2
0x9F21a17078A7596a72ecc621c08F93AFADdA3329,2
0x9F2Ad07bd42ac594eC57EC8dADce3074b0355159,2
0x9f324721B2e9Be5709dD7C114c33Ea98f5A0c0C9,2
0x9f339ecf10676605f4f3bb7860ec62cfc1d4944a,2
0x9F3A5C430589442689d806457F4354919E79dD8F,2
0x9F403BA2596262CF44E8CE6C4bf2ea1cC802Fae6,2
0x9F42AEB3c9a8f4D20206a45343154Da2639e81ac,2
0x9f460f9237Ef00c8BfB7613946640Bb3918b105a,2
0x9F492299c230D8Ea523f43170e7E3ce6AA19fD7d,2
0x9F51Ebd5b5032a964bF5e07198923BA6f3aD150b,2
0x9F570ac6C9da4026f071F5702e97ce384B95108d,2
0x9F576fc92D9d8b5863bEE499e8FCB0DA4caF5c9c,2
0x9f69c6D67dFf2971d5A79FcB12bd381A93697aE7,2
0x9F6BFA21710CECE9c884a205BDda9596F4c0de77,2
0x9F70ca0830CA6e5226641beCf3A23C0256F1176b,2
0x9f845Ca2EAbAB4F6b8E30eCec7e384A24f4E9624,2
0x9f85958669d2f76338Fe128f88292DC1a8352cBF,2
0x9f8FFCF4D57DC59056581CD9fB7C1f1592878020,2
0x9f91A3f5315757e5332B84fbD09DCd712d21c067,2
0x9f9318693bd9882E5F1A0396971fE1D4449ff3D3,2
0x9f974543388349617Dac74F4593ddD7896d537d3,2
0x9F98bc0C238403672F1Dc277a74F71E980dE63a1,2
0x9F9b3335cAeA7B65B88af4f12032b5F289237F87,2
0x9fB20168A25C56c2B19f336de07D9c4600e22066,2
0x9fbba7b19A8da39967d91BDaaaC5C1a1FA676618,2
0x9Fc47Eb5f6f06F9c6be61F84A3FbeB5489604189,2
0x9Fcb9598D2C4CBc3B414a66DCe0ba6a2FCEc2F8f,2
0x9fce3e0703F7820017886d4dCdE45E4c14254e4c,2
0x9fd3B7C84b682867407dc34B7A21Ef98a0Fe4898,2
0x9Fd4d6b8Cb5aC843Fc731dcEA4aC8912f1FefBFb,2
0x9fD7Ca7286EBdC5302843b2849de86C112631d55,2
0x9FdEB58d90bD8D6ABF04c0C956Bba72b9d1DB0d4,2
0x9fe613A1449bA7DF08FbDD8a49e6F695fefc70E6,2
0x9fEdB34eF19A83B2bAef48Bbe5416AE43BAa2F22,2
0x9feF1b03cb48e89b8729698B37E99C372dB11d85,2
0x9Ff8978201bCf41c20ebC483a8654e9dFB34C3b5,2
0x9ffFa8e1B3B08C0CeB8446486a2424b15576d0E4,2
0xa00015641C8272668AdA1474A0Dd74C51cCC1cf0,2
0xa00077bA6F65BA6dC261B4F64Cff07853b9d9B99,2
0xa00e2ea11F57B2A7f79762201f3Cf8daC343cb81,2
0xa0162299a0Db557397005154fACBbED0dadfF0BC,2
0xa01701FB730631B6Cf0f2E1f6EFdDD13241d11A1,2
0xA017F839dd9be2a5EBc76E58Cc34ef7a542fAE6D,2
0xA026D3309dF281B8f0709f1267ECE3BC4983b326,2
0xA0282E63C7C95cea697F15076dA5514e7Bd42c25,2
0xA02b576cBBaCe3aA4425f0a54BAd4098bAc7f00a,2
0xa02c1a06020aF02A151425133EF9ea3bb6C0a20e,2
0xA034F1191703c63acc0349088a4e0c20376914C1,2
0xa038446D606E6e339a42a4F4f618376f0D4446F8,2
0xA03c14Cafe678EB3a985DfaD478e4Ff67DA7fD1d,2
0xA0501037A8EEE910412671cf9cc387eFB8Be42c8,2
0xa0670863BD5CD0D60022BaB2eed78E81e1A06bcE,2
0xA06F74c17f698071323b6947b6a56287c516d52d,2
0xA074318F74A83f0696D6071709E280c5a7299A99,2
0xa07464e5c783D897Bc3C8D4A1c1F0dB9442C215F,2
0xa076Fc6E972448B94157C3facad92026Bd1141F2,2
0xA07c0BA78bE732348A64FA264cF8026e79BAb3D5,2
0xA080f47F4965B0CcAF6EB75505ECFae2B714B169,2
0xA08D43fc2A7d9E3E274486A12755E2daf5032f0d,2
0xA099Ec99966fA615C29B1Ec56Ce403fe655Bca40,2
0xa0AC5FD98d8b5f3DE836966b6Df975d25Cb326d6,2
0xA0B5E1C75dD0C44b45121A6B406F62863768115B,2
0xa0ba9d15Defb5E4667Fd14d2A65be5B4B191948E,2
0xa0Bb394Be5CC8783BD1f00E3843088791B5242a7,2
0xA0c00Fe88acf8ad391D9359d42379327a00Ec110,2
0xA0C5a2368d27E72b174cBe7BF85018728E90D673,2
0xa0Ca3d460F57c61A2E5b7F294DA5b11530A4005c,2
0xa0Ca7867d1A314BCAd3A06BdA01dE57fF1B9F763,2
0xa0D15782A6EF957E6F96d651B3BBd06E213A20D2,2
0xA0D508b28342c088b2128c25E214C00ec480A5A1,2
0xA0D7b5Cb0F57AFE5A3746607A2d60ce9C2Cfde5F,2
0xa0E958dd914aC3EB34A0119A631f20063d5B37E0,2
0xa0F9166C7949FFD416B2FBdA6aE9B078399EF453,2
0xa0fC87431FaE4c82cb29a5A465208C92080BeB1E,2
0xA103eA97D12c526947cDB9b0815f06a5629Eaf35,2
0xa10B58c035Cd966E09E10D8EFa75E522F32a4caF,2
0xA10C742597B3639331903ed1c26208AF87fAcD95,2
0xa1124F3a505C920c4f4B74ACc417828Ef97b50F0,2
0xa112F47A69AB7319a533f82B8a0C54270a1f0029,2
0xa1160Ed43ec3348cf1204E6a29F0ca8234f81e37,2
0xa11CC4D3C68e810D179D954475F90406D5e3f950,2
0xa11E0fb6090Cd6e32de28B87a5134cF2E89A5BD6,2
0xA11e3d294d64Df16D49e0c2A7d7e0F4898E6b912,2
0xa11Ee3ACC241358FE68e10622652c46BB2b36fe4,2
0xA127d9747392047bB1C95ae075BB55fDC82A9B44,2
0xA13401F0163578a7aeAeE6dd2ac74de8380958cF,2
0xa134AF5C78eBAb79f86Bd406808A5404e7344B13,2
0xa134E5B2845D348dC3070c06691988E221B9f2cE,2
0xa13A61f73FD844243114c9d6cb60b50D58416c8e,2
0xA13a7071315AdC40A4521B8De71F58b0dfb124A6,2
0xA1491395aBe23aa93b98aDa679338e481436eEc2,2
0xA14B57acB725b67813b317da11641aCea1F6F25a,2
0xa15de858cA5C6b91408aE8B91Adc353912F9f03a,2
0xA1643Fc3b51BBd2B768897b128CdB825e2a98972,2
0xA16cCdafec729eaC029D167E1064805946c120d4,2
0xA16eef307Ac9926C8863e6377dEEab7498d59bC5,2
0xa174C8775926dAE5000768f61be5a0495BD17FdB,2
0xa175D3249B28C7b6b5aC2Cd1C020961F836f47C9,2
0xA17BB501C8a40f338D679794D8C3D576a5d4F397,2
0xA1811F0E5E1bAD4BB3F239499C1feBF05Da7cC03,2
0xa1858f9159b096d69B5Ae43c58d30465d58ACc69,2
0xa185Ee7b0c0dAA7ef3F46868a63890deB513746C,2
0xA186CFF951C6D75146C93c0bD8279FEAa66C0Bd9,2
0xa187fD5928725C6128203b14CD19d9A7F6814E63,2
0xa18A9A4DE1B961FeE59D4233a54879Bd69Ee69bb,2
0xa18BbbC7B4a9d2c9B4F3Ed5CdCDe595970DBA156,2
0xa19053AA90d238F1321d6547FA3b082ADE8bc8f3,2
0xa1A80B56356F8cE77378Ac719f5F66F1f96354d1,2
0xa1Ad7ab15cebE969a64806025d6DbBe5b14D8874,2
0xA1B702718CE87D6A01D2f697Bb330ab00Ac70FfD,2
0xA1C418De6d710Ed44741Faa9c22563f47C241e64,2
0xa1c44Ff4EB4393A7de98512f9068d512468561dd,2
0xA1Cfc8327D8f310Ff67514e752c6a492F48441E8,2
0xa1d06Eb73054fde2148FBaeD6cff917dA4896032,2
0xA1D505e0Ecd11BaF9F86035037Fb009B7bf15424,2
0xA1DB97b959Dd140E4A08FD78f66D2B8A90C014E2,2
0xA1E17ddac6228616e4c326023f22035C4711A52e,2
0xA1e2223E81A122ad7fB90Ec2E0C260c8bf26CC0D,2
0xa1e5524c941FeC3E025855e0Ca08780f02d584A3,2
0xa1eCd4A18F3dF06FE354abdd26684D8Aa6B789B8,2
0xa20155efC4b2C76c62d017CD6214589270a7b9DD,2
0xa2037cf6a0B82371073657D0E9ebD66E6771b51C,2
0xA20a3b04541d62222A2a0112be0623984481ACF4,2
0xA20d35676623A40393484FD0cf59b1D2905304d6,2
0xA210A2a70B9fdd5254a071bFCc70E7E590582B32,2
0xA218d6A3Ad14CFBFc96017d5d7bcEeE1484BD6A5,2
0xA2274adCA3bB9EB790aBE74dCc6A6593126f071C,2
0xA22b2F7D80c26D5B4e403D53EB520723858D37e7,2
0xa22D540f937162193291DB646028cE5E4f2911Cd,2
0xa22Fb1CFCfBd66E840F5Bb7A7D69782d4AbA8C4d,2
0xA232c2A50f3eaBC77A485e43eCD57840B85Dc5B9,2
0xa24541De03F195AeF8E9cF309559D01bc58eB31C,2
0xA2479A4c04b1b655124768336869ec9116975872,2
0xa24C9B3776E6c0787D6eD5572c66349Abb51f7a5,2
0xa24d2F1191382b1d9f9d412e8BA8Bd4E86deAD51,2
0xA2571B05b5AEbCA15a95Fdf00f6826BB982CeaC5,2
0xa257263e2f79b4c5F9641257387193e5E43ebca9,2
0xa2574B1DEBa764b2A9c0a73eC37A0dD1b8cC4e61,2
0xA25DB5754E1a5AB8111B8B1274A52BB129919375,2
0xA25e2b91D149e428B6613B9163572025D1AC14F5,2
0xa25eF5E351E022eD7F6bA98D3503B748d9A1f314,2
0xA2700daacfF269d6084f2669Aa05eB8272c33738,2
0xa278D0d1B444d67246674B9EEDD66e731F327078,2
0xA280CB6F4B9fa541B5498CaEAb872e5F011b4887,2
0xA28df819D22A8db81A0DF80204284457FE641Dbd,2
0xa292023bf01310bB6e35C224eff46764981671Ab,2
0xA2978Fd859Fe12B4982C33C83b39430E2F999999,2
0xa29A83012CEE23A51ED4B7e087cE5aA0790FB06a,2
0xa2a2034113CAaa35C2c935AB3661c52BE8021b78,2
0xA2Af448B8EE69d9757761CB6e8F0487623587C24,2
0xa2B1237aCcECe93AA560fe9c213A8FfD184Cc16b,2
0xa2B14A839f699d8DC85Dc6aDA2ED7a8913142124,2
0xA2b16c27c0766A1Df18892F7b0413b4f5806ee4D,2
0xa2b61352b0947bb4a6229975d3d0fD7387C59959,2
0xa2B9deB9ceeb06b110ADB189446e7c4F4b1d6532,2
0xA2Ba0F331063c7687adBe2d053E00B51FAD8A58B,2
0xa2bA7126982940098fe17B585fE7201795146415,2
0xA2bc03fBEB078Bb3FcB10350055ee0D291F95d67,2
0xA2c06F43216B0475fba457a0D31a8635354cD146,2
0xA2C440C71F874Cb92bB4De7A6f7Ba920aE0E6468,2
0xa2d9051c139ec1Ba9c4EB3cAB1bBF5D313EA408d,2
0xA2DAc5Cfe3f2BF6166c27Cf18029efb8072CEDe2,2
0xA2E8f8d26a6C1240b328Fc6F4f2d9bC3921D1f55,2
0xA2ED5Fb424e3E3ac66bbEF38117502729D31Fb35,2
0xA2eD9512d7f5086c83EAE3db8C7d147eEE1941f7,2
0xa2ee5516E02C1920688aadbA0b32a5A4a1E14EB5,2
0xA2F17321a32Cd6f37FE49Cc54081086Bc28d0636,2
0xa2F845b7B992552266480A5E48A876a2A3481105,2
0xA2f86f6151b64E699687803F66c8130cE0C38567,2
0xA2Fc47c5EB6097387F2B82FE6aBed89e5E7F4785,2
0xA321Bf30cEf08de65a6a6DF9A7bE6078ac328382,2
0xa325FEc5F3BDaa47f762384E47F43FedA7f9b907,2
0xA32B177cC4075C55c96372D2BA179b1134498bBC,2
0xa33a193cA59489b08A1FD27912cBC90F6135F42D,2
0xa33f60375931cA2dC38596A26e66e26526DcC4C9,2
0xa347101D5752706Fe7D959a945EF5298326c7E4F,2
0xa34C68BBe71130db84e530187a4F3366B1c24a40,2
0xA35c4D44c982b41f0689bC9769a102aB84cF5599,2
0xA35F6a3f5b4D2D1E6D5444f079A1530881740512,2
0xA3609eA312C0E515cc45Dd089652A2Bc91585261,2
0xa365c9F0ED2949a70a296fa910557FA29C6af25f,2
0xa36F560B21c157F8Cac5776FC1b936E90DB9258E,2
0xA3759AD1231D40Fc82dcf5e471AEE20A89332340,2
0xa379De8e921205eD44c4F253361f29451A7dAe9a,2
0xA37A3712AdcdC573C1DE1631924a60470143DECD,2
0xa37F757652dC96228B3Bf0fB26cd341A09500a1B,2
0xA3868A8E0fd674ae5744CdcE0b1418Ab86a4B3EE,2
0xA388D90e7af7c543bf93696D141512B3516Ffac3,2
0xA38ab2a06C0a668DF9724eCAF7f6e39dF1D6eF66,2
0xa38b03f4e3bA7dC4e6CFA9570D234AcB310B4E22,2
0xA3918Dfb70a35EaBaCc8B141b10918d5570173Ed,2
0xa397c4B370d001faC205B0Dc9D0Af556BCb1BD66,2
0xA3a16cc35eAC85d2D5623D73959ca3757089Fb57,2
0xA3a5E57754134Ca3ad1bD0f2aB47801E8fDB3Bc2,2
0xa3b577200ec45f0265900788C5ff062599b7aBF7,2
0xa3B93e8e5758379fE505a043010f2611891742f7,2
0xa3Bc11E38Aa79a13EE64d654eF793053597AC06D,2
0xA3C23ce81c9CD411821607bD5D85Fee4073ea5a0,2
0xA3d1058F7CE47041Dd027a7d9Ac4b63763355555,2
0xA3d8a7954d4eA03a6ef6e71d1E10eEC783dB96db,2
0xa3db5D7F11128cbA53888EA1e6eCF49c9bD854ff,2
0xa400578A66FdF4049FD007e1CC56f0B860c59772,2
0xa4005E726872f3a661E02483fCb20dbEAeA255a1,2
0xa4036CF785Ae432fA4a792e8193A05aD78eD9590,2
0xa408AD0A6a393672a605f0f54025f88f7413811e,2
0xa4095f44FC7A7c9f37ffe2B74635bb8946Db49D8,2
0xA40d625fa65ea444FC1FDF3c2231b4b38dF5190c,2
0xA41DCEe235F7F8Ab2C7d8a3e36fdC63704c142ae,2
0xa41fB805E1F0C26810D14cCa2f270957f736557c,2
0xA422B9ca99Bdb98f4183F897509099F46E4446E4,2
0xA43821674FF3836BF8D22E25d0243278a6263612,2
0xa43970F6E606934cFB918a94228903F30DC23A19,2
0xA4433c766800FA4eD893bDF68f8cFB584F7089c1,2
0xA4463aD0AcBE7B1B7A34baADa0d2326e2B075d63,2
0xa4477344d50D4ef9355dBf553E1838430c4586D0,2
0xA44ee8487F1ff685FD3bA570aEeC083D4Ab551ac,2
0xa44F1C3454d7B0b0cc38F26015537b111F6be568,2
0xa4518644f183773A68E609702725b22b3bD0e5e7,2
0xa451D6354d8f406f6E6370A322FcbE193F3C15d7,2
0xA451EA6C286e81Cc8300815A879aab83F07c32A1,2
0xa4523f354C63e7694453f0B7CEE62B4Ad89d7020,2
0xA45F1058BEd58821846533441b5618EF5f00CA5f,2
0xA466721e9FCb68C482b9ec792Bd88cAB65544C55,2
0xa466968588D0A968188aA082b908BaaA05Af7298,2
0xa4688c7e0A892C3f930eC7208DC1055751b21e5c,2
0xA472fF4e279FD61c03c4032983Be8E6b8e34e83a,2
0xA4750C4D6F8F36C5621EC658D1dC79a9291a0Df0,2
0xA47E165173b1258eC1DE9D2cBF69A88C0467ABC2,2
0xa48a59144d50B1c396ce95e94523A1FB1B2C9cb8,2
0xA493a096501cf472b8826c5dc5bdB52D502728ca,2
0xa49Bd2f84115d551f8209878dB5c1ca7dda1C4C6,2
0xa49cA2AF9e081E16f2eA5cCFad7E91F82853518e,2
0xA49d3bC16005f6B962C6C41Fa0Ae9f1e1d0ECf33,2
0xa4A0aA4352339D0D7caaAa5217f555C1B555cBBE,2
0xa4A0eE63Ac185Df4E2CAB3583F21a48C6d80b919,2
0xA4A15CFeD479Fd146583414cF07ecb73C5C79368,2
0xa4a16e99B08D62ea13591285B5E4921965c6AcA2,2
0xa4A6535ec7E3a7a9B8C9F4900CBb9bCBEd41F2ce,2
0xA4a6Dc1f5376b31d3C4EC352c7B2B7a0a31D4303,2
0xA4Adc8AbE09cf3c06f353576c2E9886eef815ebE,2
0xA4B6Da5140C6e43f5A1324600CDe7c4dD7a5C1e4,2
0xa4B846F587fF1eBe7226585dc8CFD6f81DFd66c7,2
0xA4ba0b7797047a5ad64e32cb0e4147655DB619Aa,2
0xa4Cad432aBEA604f99B3cAb5F8371705f43423DB,2
0xA4D04f8B1816F5458d21F463CbfD03666c1d45c1,2
0xa4d1d70B664C8EB702622059240AFd3fFeB68f5d,2
0xA4d300125079E6c6700Fbf35F4a3B8667f755F31,2
0xA4d5277D9FFE79726E12107B77CA0AEf28535D05,2
0xa4d75acfaa92D8f82812c953C57BfF5bD3D29F8f,2
0xA4Dbcae7784281a327Cc43e6A03FcAbD18fDd50D,2
0xa4DF5D84f194Cf595F7437aB41Ec0219E592Ba20,2
0xA4e7af443853Fc2fbe8635dfF97F2e2A0F613b8F,2
0xa4E92B772EC8Ca89053B5C15cAa6C8382ED8aEB4,2
0xa4eb5947F8DE9e75D0409Ef020be6a2d8340Af23,2
0xa4EE8537461389e00884F20C90cB08f58d0d93E7,2
0xa4f3E281F846654d0c41243061131E27DE8066A1,2
0xa4f7A725737904D387a2937B30b3CE3EdC72a2D8,2
0xA4FC1E39FC0dedc8a7C6b7643Fdd480FF7f748f3,2
0xA500823A73Fe72bda64EC424f2eB1E22Ec7Ba9b9,2
0xa5035f6E39fb8180dBdEbdA2942b28Ff9F15D92A,2
0xA50c61b63002E78C39Ef7480555b6fe6E9Eb3C4d,2
0xa511C3A635d3580b918D86A68EA63fE75fACAb81,2
0xA513C00b480c92491A1650311512a9eB75bAF583,2
0xa5201154C9c0a2C65C7615265672B318577fDdA1,2
0xa52461518f772Eceaa2126D2CF7Ef121ddE3eD68,2
0xA5378C42D1117DC4bf837aD1B00D02A89EEBb093,2
0xa5437c9d2f62F79AE22B1DbD0a735feec7CEF6A7,2
0xA5464aAA8914750F153e357B0430AFe4ACd8Bc54,2
0xa54cFa6269E446D08632CA1b35B1E76AB0a04DDE,2
0xa54D9E36801d3940B8a50295F736399617B02253,2
0xA5592fC1DfcE627D95dc46681F77393ac281BD06,2
0xA55b2977efc25D028A32EA6F997A244F9b4C0855,2
0xa55Da4f8420dcefcA8a4b70A43BEFd2041CC75Ba,2
0xa55e0c95D5cCD7eAEdc6de1e58A88D57678ebC1d,2
0xA56Bff0929a088Bac82F180EFFc3d5Bc33EFcE0D,2
0xa56D030b86D4f3e25d7C91D321e609ff21B79589,2
0xA572F68a759324D110002A6e047Cc9dCa1eC5Ba8,2
0xA576Ea08dF282E33CA10716EB2F1BCE4b416c5F0,2
0xa5788DDE48BC8E3b8DE4bEef91BaD004eBdE3ccA,2
0xA59ec349b3F5639b89E85B08c4adA19bfE7DFdBf,2
0xa5A28781fEfD812b804336f8cC9Acdb9ddb85F14,2
0xA5a9A8493c1984660DE0EC4ce29a106A84D4a46f,2
0xa5AB762Aee588Cb38D00FF162bba990451De71F3,2
0xa5AdF87147962a9D5C0Cc7FBf7b2424392D5b37E,2
0xA5b006E7798347a76C279018A6D62C0e966F8D84,2
0xa5b2d04881229723d2C0374aeB6D300D978b7275,2
0xA5B5ed857F542c8e296dE51Ea751949530956394,2
0xa5B7A2AF41E16BBe53B0b998AdD1D7B939C24093,2
0xa5B8e6e6C6e4ac5a3Cf5c4daCa7FC508F8BeB5A4,2
0xa5c1eF3d0ece502fd5baC0A09f90679Bd9861EfD,2
0xA5c2234aF09FbC1fEC8A79Fe7F9B53E374719674,2
0xA5d2D2ec4E21669E16E043545af922007dA5F325,2
0xa5dB6F8F2B47d089cA4A17A7B6F34f79441105B8,2
0xA5e143020D1DAb0C7842ff8c20c28A27510F6ac3,2
0xA5e94e14bbe8fDd635D4F73937AC6482236bf99d,2
0xA5Ebd856B0681fBAA54A4690F94eaeF758c5dE71,2
0xA5fCce010354c6B577BBF5eC0D0715B744Bd4DC6,2
0xa5FdBD221BAeB919648aCE63Fd7602DB364e599D,2
0xA5fe46831110555C1D4734cD85644697923Da7b6,2
0xA6021A7617251b2c8549a0D64a18aB2D095B3e2C,2
0xa6047277d4744C7013c85D022784d355c448f854,2
0xa6102398B415CF0b356bCF816da37fD6FD644444,2
0xA616AB23d10Ee0699CEa71c7Dd3DbbB5df2eb345,2
0xA618460F3f01b53b46353177d28dbc8D85647977,2
0xA61fe56Cd74016ecE0f22017d89FC30F9c5556b6,2
0xa61fe601D74F57C9aE2cBc550a6fAF98FCa59a0C,2
0xA621DBcee42f3B58E6827DFfbB09195aB10c06dC,2
0xa627F637358223DdD1d3D60dd6Eda7117C0E11B3,2
0xa6290Ed975d716baf87c593FBCb9fb010Cba0eC0,2
0xa62c69F91d0A7229a8f925868d8Eb0C6943810fB,2
0xA6326E5111b181725b5b27a462c3544F131C776f,2
0xa639cAba48F4A2044ff50C2e81961939Cafcf834,2
0xA63ada6D167EbEa34485bB231426EF4E268bc817,2
0xA63d8e8a4dd26544D56d4a015792C3DF06e97F25,2
0xA640EB2c2A720e1D3AEaE0E5f81c06498CEd4eFa,2
0xA647452748966A0F13d19dE886f49C3dee2Fe097,2
0xa64768627f4eBdCac40CD830485987ac2E6a760d,2
0xa647cD18878596C724F75cfE7c6e746CDE7F5edE,2
0xa64c6369C0d4c61AeeE1f8997bCfB4022F2C614b,2
0xA6547607e18190eF82aF3e832b098ebddeeDCbf4,2
0xA6587D6A21a2086dd4FdE6326eF72006ACFf0df1,2
0xA65e8Ca77d2cCd61E1A57DDDfd2ae2669b30a68C,2
0xa66516273A8EDF50148B4faDc2e90c7F4257e56c,2
0xa667A51BDCB32DaBc8a9396a4523B5feF314ebE7,2
0xa66f36D8102F43C836EB4c6e370a8C0b7D41e16f,2
0xA674bf37a59Ecb9Fd80e9d75cfed993F339Ab52F,2
0xA67B621Ea4d0F4Fb817eAc56013cC4B49f818e71,2
0xa6869cCf639d702b830Dfd30cE74511521aE3BD9,2
0xa6935Fe2cd8a86dD89D235a9cafF8bf194348B7F,2
0xA695d583f95a11D2DC4662e2bc5B006457c5D1d1,2
0xA6966ec24b156177DE71a37cA38e1C0C618998d4,2
0xA6969953e279B6a1a527359Ef2b36B3ed2D92667,2
0xA69704DF433F2Dc748C92260D88D5041aeD9c025,2
0xa6A0F86F6A75e6dC928e17b1ac79FE1F96a9dEA6,2
0xa6a1f18FD55a032AA509CF1bDd475Dc790B5618b,2
0xa6a400cd1f0F392B45F06d2D9F6D39A4815e29Ac,2
0xA6B6Bd49EC5a386D62D9900ffc0967BB4f5a9Ef4,2
0xA6C0a46359EcB73C9f93963924683F95C0e910Cd,2
0xA6C16CF0e8413e8f34119d7Bad4930CcaF5E1480,2
0xA6c53c8842FdABEa235EA93c6C5555B5F5aDe118,2
0xa6C6cE27EA58a45a5d6b13Fd132964E3daB15DaD,2
0xA6C88571d0028f47ADba983A7240Bf12Af94633e,2
0xA6Cd7d0029784CCe4ce129E9ABe10718a4DC3eB6,2
0xA6d873e66874780a03C5Fd7fb86996bb310271bb,2
0xa6d8E38fB51408840555Fa3dC178C618a5dAaD00,2
0xa6Dc508611A52Ae029ccB696eFb9EacF2768eBD8,2
0xA6dF5cC1DaD8AAD0358c0795842aD0C4798f21F5,2
0xa6e3e20088e07d609F2C161C7dC79Ca0380FD257,2
0xA6f1F13F6fF3E9467712e655cB0bfa5A7F17F51f,2
0xA6F28242fDE10BD04017646E893A4F4ee39e8B99,2
0xa6F5EAe8F8B4c620F4BA98E7dbB25B07e11fe755,2
0xA6FAE36D9A276b355fE7A1cEa320976DE2C7bc80,2
0xA713Dc447B55C5aa03E33b958271E75d5675C02E,2
0xA714971E7d1FE2C0E42147521da3B77932031a8E,2
0xa716c2ef62B60cF82B8119947030ea7E26A39908,2
0xa7193f1661A395211B1CF4Fc369394128d33120D,2
0xA71B1B81391293D59C34f13E6682Ac20447fD94E,2
0xA73461559B349f8eabCb18de872c835a6BA57F0E,2
0xA7408d83daDC85F0166FAf08eeC496fAA6adEE67,2
0xA74233C5949c378e9eE7AA4C60e8033C71192f7B,2
0xa744ea93AAD1C39FF56Bd3d6F8f439BE244b2EE8,2
0xa744eFFdB418f6912cC01fDafE8a53D3B237D6aB,2
0xA74A52c7dF2c7e69E026452F4AE4e71E3B339718,2
0xA74e026Ea8EC26a5Dc148280e724ECB1165cF041,2
0xa74E0784fF6259f1336E763FE7a871978873f8f3,2
0xa7639F9cee15b77825057777694f4Acb494e8EDb,2
0xa763B9083fD7b3ae68EEFe14FD6152dab4ec1821,2
0xa777f9f3aac637e86d9a99bca71b4207a7549db6,2
0xa778bD229CD6356dd6805A348a68cfC9853D1Fea,2
0xa78456D70bed1938Fb26E6106922b2F370960b61,2
0xa78466CcF4577D52Fde6b133C80eEd3073cc1a41,2
0xa785eaf3d4c436d3d31b78516a821ea3d3911ed1,2
0xa7884ceE4284DC3595a3BfeD9b34761e3ea0a95E,2
0xA78FF456a9ad5fC78761260FaB5eD52ee582D1D5,2
0xA79394E86Fc275B3644AEc0B6939CF7d6Fc89405,2
0xa7957AAf3b09a7Bc1488911eed8A45535d6AF1bB,2
0xA7964d31fcB2DDe6cAE43A71205299DeADEf90bb,2
0xA797B4ab855eBfe9ad2E902e143C9D5912e193a0,2
0xA798Cb404d51132050a2dcd35c1F8c56Cc73B310,2
0xa7a58c80f0dbCbA276D5Ff1E141A8E3a70f600cb,2
0xA7Aa4B444A75F6Df5fcaE6E563755b14CF573728,2
0xa7b16ed3d20DDe916a6FD2BF8C4B1A3a27f09239,2
0xA7B4AB2634d14cfA3d678FC1D5b06cAA95634ec0,2
0xA7bDb2fA42a131E4E05EC12978ACB84F31C78778,2
0xA7C4F1384524a9552895B27CE96A1088886e1D1E,2
0xA7C7B04d7b1792528E2eFb5Aaa90ACBe329A6D5B,2
0xa7C85cDDF4Fa368Ff5ECf52d21Da58d98b397528,2
0xa7CbF8C44700419874bA73a968b0fC670dC9922a,2
0xa7d81525c8319522E950d2F6336773d63c65F7E8,2
0xA7DD815f5a2c7d1890BE66C07d6fC419C85d46B3,2
0xa7e535F08A1eaaB6882172DB23812eB6f7F3B9cc,2
0xA7E851b6BC649270E501C59Fc396c5d9E7830808,2
0xA7EacD45942469fd17fAf5F0D24d3B1d1fC1EF42,2
0xa7EDdEF4cc06eaADE678fd3318c08676739BBBd0,2
0xA7efbb4a06A680F3B65c5861Ec387408CeafbEc8,2
0xa7F22E194F31dCab1820D7BcBd7a064aa7B097b3,2
0xa7F57619F55385e95939b8097750F61f59036267,2
0xA7f92E187987DEF8DF9D55ce45F9F61582456756,2
0xA7FA99FbA0966ac9d994b400559582e578761Aa0,2
0xa80245FDa8207BB07cE552AfA44a6cf15492332D,2
0xa80fDB561a70122b7AD35c92362D4a78bF0dDCA9,2
0xa810D97663E122d8a9edd5201eD3Dd6974fCC881,2
0xA81A30140fb74d7aA65e407d1b56ee3E61a6E618,2
0xa81D9Ae27cBe04a761d375Df8252f7AbB8F925Fe,2
0xa8216CC801c749b0AdBF93BbAc65BeeBaBe6D6a7,2
0xA8249e2d6972D8d4c786DB9B5Ff9B7355ff07612,2
0xa82E75302bF193FA9EF4C36b3512eB5ACb2f55EB,2
0xa830d193D89683C0055fA3b7005c434d83751dBA,2
0xa8363Fc5B1fdA8903C96631bC0334367f94a3E2D,2
0xA836c2e5C92827255EE1A5168124B4839F40585a,2
0xa84145016caF9a3e2A2eEA589f31875CccA48812,2
0xa84546e35B27933F83596838EE958615B7062196,2
0xA849Cc19Be5B6c02E8bBFefFA4B0B0aaFd1B0b2B,2
0xA84eEf4834E5c7dF2C6cd9Db27eB1c5b02175162,2
0xA8569e792c9e11f019572bB7Ec072b6D3846C1B9,2
0xa858C38d360e8f18f0e799d83a4F0eB57d5508E8,2
0xa85aD5e8Be9Ea10d6fAD513230A903678BCE3089,2
0xA865c8cdfcD73B5c23371988c81DaF7F364B395e,2
0xa86ACB2300E682F4e2F876d8086368E555781a25,2
0xa86Ba7fEb8886C100e30E020b50CE213912eaA54,2
0xA86fFFB33E71850D322C7307680649818935E54B,2
0xA8724463Aa00cd4245b2d51Af3F767692A13a895,2
0xA8750d5D7aF2700B25C70E64F8d277e99CA7ded2,2
0xA87A7C2B7ECF9e0445aAE91833E8BFF8da34f21c,2
0xa88015310D6c3a9D84a3E37934Ea6c9DD81cFC22,2
0xA884a2Dc8d98A078C7c26b1D839158ba4cE95e42,2
0xA8890b5BDB005415d038a4c0bd6bB6A240F7f9Dd,2
0xA88A6c5Bf08A49673b30929B48e28E48686e3821,2
0xA88fbbDBD30e9Ec38e285820EADBB1Dfc98001F5,2
0xa89018b3Cfa33C94253552B791F3Ca5d0803DdF8,2
0xa8991A4a9733EaE7b17734c454089BE4fE65bFc9,2
0xA89E4d590B09Ce8dC41a708C958dB513e1482a45,2
0xA8A0BA700F547a202150A7872F37674635BAb160,2
0xA8A2D12a0384898165d628882c28263Fb33907BC,2
0xa8A314aC73E17bE8d24d67a9857CBc3742304f18,2
0xA8a67B4C9a9794610F9E00dF49E5990583711851,2
0xa8A6a6B6e96df7E6525b87FCDdf4fA7040D92fdB,2
0xa8AAd55C115a9213d790e11ad90A60f3540fee72,2
0xA8AFe249E56C93E933F42aF421a5695A7ACE4185,2
0xA8b76659d20CeD2eEDa27eFAD194aC757b238Ec7,2
0xa8b923Bd8CBb4D00291A5EdDFDB5225610007B87,2
0xA8c37C2ab518f8541b863Ba666e0eCac7F4A8501,2
0xA8d05909528bE6796D7Aaa2677d3028BaC9dd444,2
0xA8D4fE96bE50811A42aF1ec8403ba734302cd53A,2
0xA8D70d963cc2784Aa405e288c4Ca70D68c76397f,2
0xa8dc6238e3253B8270489630F5044BE6f1C36542,2
0xa8dd6FdFf9D31af7F7F084B8c2E60fC8b386CBA1,2
0xA8e1AAa261d7D7a95d72099D199a314a01b761e6,2
0xA8f69d4247A913b156F94e5E3FF294e74B422c5c,2
0xA8f8474fBAaCdB90fbe31719BC7f8cEEcA66191A,2
0xa9028c7a809488d6Fe93e358aE0e9Eb5D6cD88Fa,2
0xa9076b5ba0aA393915Cc4143653e7a01b96b5E12,2
0xa909f1313aEE4131E5836bD784644E5303F673f4,2
0xa90c3e148D4b2dA7BE247C01e5497aB2728eBadC,2
0xa914B7df9712c0e76BA963C6470BD3820331Bd96,2
0xA918ab63390278a047717303Ca56c090999F9a8F,2
0xA92504DFddAd1c6912032783C3230c24D3B6BEE3,2
0xA93642dEe1da69e2a8524EdF052a1f8913ABe090,2
0xA93a090dfdf83371fA6a581731aC0c5Ec07355D3,2
0xA93be61E311049c5451f85AE8016BA28e026895C,2
0xa94450Ecd685B24Fa809c926F637cb44c8E20dE7,2
0xA944ab7eBa3E2292d7d97f27A4B3a7Fd2e22a936,2
0xa946b7723655EF6a972396785866A7e3f5aB22E4,2
0xa94793CFeFCe6fc8F649784DEDf5D14bF09aF418,2
0xA94D2Eb35B6d9e2C3C9e53AC83d263d4D2f21137,2
0xA94fa0EC738ac14FFDcF6f9F82c3f5B53D48eBA2,2
0xA95869a2eE26758f03ff181e93118c72045561CD,2
0xa9614049F3ACA578FBfDE524166C8902c2da88b3,2
0xA967c13De32E2186BDBBeEA9a522365d20483c19,2
0xA96c0d5753FE4fDb918Af760911793150c653F5B,2
0xa96de988915DA75bd3b3226e4fD6372f7CdbBaC5,2
0xA97C1558eF6ad1E136d8Ee7E9701A72b2571Ebd5,2
0xa9856CD959c6d77FA0cb2178748bAe54D48bF16C,2
0xA98aDE0A2DADf51DB6a9090F25a4A664a2866666,2
0xa991805DFd298E0a36ea07E75a241433714d4151,2
0xa99207aE9a63841Ea91e02676094aa08634D8639,2
0xa99320c6E2D11db28024a9eF79e74143AC2CEa46,2
0xa993BE9A142cBf2E66d37531cDd55c197865D854,2
0xA9959Fca37bc48316F8F1618ba4c0eBC982b2C66,2
0xA9962D8614D6fEfD1160A775e01D72e9C8EfC807,2
0xA99c012dA16C87E572E3E6a4FA5c58874E02bB57,2
0xa9a0DABbE7c38bba9cAD7A8BC183c899aC9c2005,2
0xa9a24163C53d8Bf2d94548a2E0137aF20b0BAb5d,2
0xa9ada7F42aEFF73cf18fD1757D7eda8ddc36e3C1,2
0xa9b5b5632B66D1Cb5B84672335141321837eDAD4,2
0xA9b614f3Bc599D684c44D97d8486ECAad9AC1A51,2
0xa9b7B1dD84c57C938413F947bD26A044B03Ef405,2
0xA9BC8fFE24A09903AC02052BA1B973404ad5e46d,2
0xA9C1B4123F2ddC255b0140B69cD08bDaA8729673,2
0xA9C593ce00aC7C42dA7FE6e3d8A952AA4643A68B,2
0xA9D680D53f44f5B6ECDAD3589592BB2B4BC29D34,2
0xA9d73998CceE6Ef8C2d0Bc92A24c89828828711A,2
0xA9DdeD3f4861AAD6Ec5aDA6Be8E30fF4d88Eb35a,2
0xA9E9dbF5A3Ec743843917a89eCDf5aa04DDFA98F,2
0xA9ed5F6a34cf599B4cc734875680B7fcbC48CdB0,2
0xA9Ef8f618a85B6b4bB5BCE6daEF4e8E03db5eBaC,2
0xA9f8bc89c6f1B9E0dFB4e210DB379574cAbc5c1a,2
0xaa09a0DBe81C56d1670377F61491b34283A6Bf5e,2
0xAa0AA0A00000A00baa030398d4A917B9a41013F8,2
0xaA1b18a8b11b292386fd94AFB148544E987a1365,2
0xaA1d12ec61Ec9fbd80F5631Abb556B55Eb97aab6,2
0xaA1F93847E7bAfe7e7d20B96F8af5caa05F81AD6,2
0xAA1fA62b28Aff17B659Aff7D8a2314f4325A7aC7,2
0xAa250359Fc0b3950746886aF0b9f5a17b175Db3D,2
0xAa279588113c7020BA485e7364855635Ebe41102,2
0xAa27A2cB44e9E6c4F40fa6B06b1e6cF0f1e529D7,2
0xAa2B5b0df958dDEB9fBD7B284584BE6b5992B0e5,2
0xaA300eeE51C7d87E372e21D34B3a3ef5ADe3C664,2
0xaA3a9FEFcE447180FCEDA5FcABE112ec9A4408b0,2
0xAA3beDdd440D47BeD87B303A221747913C31ADbb,2
0xAa3cc0b727e9C04B52AA433cD2beC63D237A7aF0,2
0xAa3e502Bbc3EcB43FCE009aB637Ec9E13950a3dC,2
0xaa44859D6D2bD333c78bb2D554579C457841F7F2,2
0xaA5B879EFf14050899578Bc52df51f7966B9C49c,2
0xAA5C50d1914630Ce795e34Ae1052C2849c5a01cA,2
0xaa5d61d4E3A844b40abE76eB3bAf7AAD8757f50e,2
0xaA622842d608C2fcab53eb9CD92Cf8396116cC58,2
0xAA6B335b960AB5AD924760E66940e485f83d192e,2
0xAA6d53039C5a3BD180Cb1F2e0A97612D0DCF3Ef7,2
0xAa7CE71Fd8DDffDA746aF77BA54CcD96B52DfE92,2
0xaA7f0d2e9d739307987C913D4d5b0c29514f9b8F,2
0xAa82848007E9dbd7882c54E6eBcB7B1f8C86F02B,2
0xAa841973D5369F09939821E5ca850c201Be343c4,2
0xaA84a927c76996531FeD874773Ebf0fE85215a1b,2
0xaA8aCeDe8A6616C12fc5C212b030aCDA111A8777,2
0xaa8ddD6982749851C04Fe005Ec77CC41993c56dE,2
0xAa92eEa9843a6c63873B0956cE3cA61fbb85037B,2
0xAaa59110cE43446C5326E56807Fb1c4be207B13C,2
0xAaaEf90874E8BE1cab8A56b141491f8DA6908694,2
0xAAB0f3FaD247d503Fee1B6F590119c171b54D5dB,2
0xAaB60fcae970da078a18E165D0e6f9F570731a14,2
0xaabcaE80b430E88eC437b3C353Eda5eAcE133deE,2
0xaac40325E758171DE672d577B273519a803Ea9B4,2
0xaaC8F24cE086fc5fF5294F369836Ab545B95eDDb,2
0xAACC2044656aAbB1eB698Ccbf04F41B64e045958,2
0xAaCE4cF61bEB2090DB8AA942aF18b7D05613d0D2,2
0xAAD2f7aAB89eb244A04BC22bf7897bF4566583Cc,2
0xaAe11F2d882B463640eEB41394F407AD9b60153C,2
0xaaE3e72253606F7f886A0E0930DC77C09fcCE157,2
0xaAE8fB83edd396Dc81025091d192EF0C5cCCd4Ca,2
0xAaEA4CD9fa70c3e0C3b7719e242D5403bf5A7Feb,2
0xaAeBd828b864629800266EC0D5490e109745C878,2
0xaAf03b81DC6A5c5CC88c81246a4a5Ac570E2c913,2
0xAAF50f791f28F04d41F88BF64b59fD85179758ac,2
0xAAF6173D81f981E5f20112f4019F7C81164314d5,2
0xAAf773699E7e05ee899F2687674aE1B35b9FfC65,2
0xAaf7BF5f1d3520F8EBE7b1a87F20c34925Ea7fFe,2
0xaafAe30D7cF0a0dEBa2e5902A3ead90AF36A4dAa,2
0xAb046637f42174644664d22FD664235001599848,2
0xaB08b777b996be20d4246450b540Bc273F83D35F,2
0xAB0942EDD6248303328cB87f095191877F4dE626,2
0xAb162c740dE5B9Ae862426c61288293458DE320D,2
0xAB16f6baF6Db088CAfE5CE2E96f0b011741439C7,2
0xaB1c8408C869e744a6e32F2E42cc4498c4407733,2
0xaB26737923B2dD3CB36fBccd7D8B4C0A33A2958f,2
0xAb30150Ef7b34e5B7b123650e688935Ff4da612C,2
0xaB3246F849066B7FBB8ba59ab538f2aA4620e9F0,2
0xAB3412BcA2ba14aB2B45EEDfb5aD0Ec7Dc3A8891,2
0xaB36a7dB7eE2337D945E04408E98c31d2AbC19da,2
0xAb44F5C3fA302cd6E707508463df2b1215C1118A,2
0xAb4AB65638b80C4B6307F2D651795253fe636208,2
0xaB51465440C684D34Ae3C9e19B09eE12a19f7FAa,2
0xAb53e1a5C0a8026E0942aA9AdcEB030a29e4E095,2
0xaB5DEee7c20A143d28a5EF2Beb0aD99a4F77eBEE,2
0xAB5fB427470151c4307B1adD171A43C30666F62e,2
0xab6043F23148BdF0A6e651580F4E4C0b83FA1afb,2
0xAB69d3eEe7abc23Fb4b181181DDE7569F2760a65,2
0xab6a0b1eEAa239Bb0588E974777101D59F3BF91d,2
0xaB70471832614F8B181A9eaF519E61E968A0aC3a,2
0xAb71aE67b4F1735234eeD73696023f75e219213F,2
0xaB777eB4Cbbb7341541158b60952572539d72f8D,2
0xAB8ef85896FC02aeEa33E50419657354e0D8FBB6,2
0xaB913d820fA552c9Af8F1cdD3FcdA5E3535c9EAd,2
0xaB97bcb8D73D2a20Ad5489F40E4d9A6d1748A655,2
0xAb9F4D19F6F22B152153A1d701A1492255d79387,2
0xaB9Fa8b1a752180059e680A74409Ec3628Badec7,2
0xABab10c58F864D8c734e5e45C6CC3851A8EB2591,2
0xAbAfCeA6b8DD6A0d857CAB412ABeD1325864F82a,2
0xabB29C6FD39919E1e956A2CcE4dfCBaB23d51df1,2
0xaBb2EdB5085d15C2D9512F08539003067Ed1184c,2
0xABB3D44F8AF5CBF939b433439937446ac50deFf4,2
0xaBd32453E8e965d64210eb601Df082486BB4D988,2
0xAbD99cFF7f9B5A027BbC0254D87e786Bc7F66666,2
0xaBdDD19B2cA748FC29342dF3a35C3d65068aE4B9,2
0xabE4DC25673a2354646DC09585C33ff721379069,2
0xAbE7c70427659660892F75a23444601A8d38f479,2
0xaBEad749d237736d1e9cC212347a8976f9401aE4,2
0xAbEae615edcf150B96F846c87cB56dD4Cf1c817E,2
0xabF05235523CeecB5A5b9A155657Af0fFCfEC944,2
0xABFCBE8e289335fFdf851F06E3472A26Bee38166,2
0xAc024b7fdF80C2A949619A2543F4eC8f1b48c7E0,2
0xac0E644d095A1059E1350eD66c705e2CD2030d6E,2
0xac18C73423d43Ad14630C32491Ec0DB14E2E6148,2
0xac1A694A316D076B864C778BcFB94889A48772A7,2
0xaC1b41c6D1e013b52f46C133FEcD84870b4477BE,2
0xAc1Cf197766bBF43C6DBe884629b4bC29e245475,2
0xAc2511B6817813411d7CC8669eeBF4C998e4320e,2
0xAc2B0E73Cca88d005B7c7c8Edb3203d16cBbBFb6,2
0xac38aC90a5C64de5853D91cC71bc99a1C607c875,2
0xAC3c629Bc6C75168acE28Ee106657d2736C81f2e,2
0xAC440ebcAaEE100E6522393aa507d48A5024821b,2
0xAC46b70F346dce5Ee7F1F3541e0bD79973a06722,2
0xAC56cD8236E3Ba886D7572CF4871030549eCffD0,2
0xAC5C9A3622a01049f513271970D15bF86311f6FA,2
0xaC61b2f22D7C5198E6C0451e6424fA0412Cc40D3,2
0xAc8b3b0b76B7D3762D86A36887281D8eABBD91CE,2
0xAc8f0f910Ca2AB57e83cfeE8E6849BB86e442806,2
0xAc9203F8A8856f50BeE340FE26a24a81a5011872,2
0xaC92BdeAd53f16FC8d629B0C940Eeb06FefF4324,2
0xAC9a3AdD1E339bb029Eb573E11e9991FfBF51A50,2
0xac9cFE716B42A2372CAeF28F25F215fccd6a2c69,2
0xAC9E29606D4B609C8DE3A42F3aE06190D71107Ba,2
0xAc9e643c593F042CBC7E4a3A64339d3EeB162198,2
0xAca395D60C364AAf5481fB974444f6118E741098,2
0xaCB3491FdDFc8aB02EB49109EeF89076052D9B54,2
0xacB76656C1703f7DA1622bA2EdE79F0AC071aA18,2
0xaCc4257F4389BC9dd48a7FB63cDC19F8DcD5D418,2
0xacccFD0f0F48Faa916d5971836AAfC891022e646,2
0xAcceACDb47fc962927b1b0F9Cba75dAd4f5efbd6,2
0xACd04e5eC4652B4BE1c29bBCf37032e00dc60edB,2
0xaCd5952b3C8dAbE20A6AA0842a7EB2757258F93e,2
0xacd8fc65b4ab0b273f232427429bcc64d65a8540,2
0xAce4617906022B850b15646CC53Dbf86746a3981,2
0xACF967E499F8cACd2eAc27A3cF3b956BCB748DA9,2
0xACFD4A8aAb6A67dbAfc3AfafA5D2B2fC3501fd6A,2
0xad050BF165033DD1b86D23a75504e079B2053F2C,2
0xad08b4d701512e69e014a8Aaec747Fe606fb694C,2
0xad0a4B6B27ee2f07147CC9DF18F36a64873e10d1,2
0xaD128B4FD496Ca73eb54B93529A0519C875125cE,2
0xAd13597FAce9BfAAaF36be8F47E723e4a9C2f132,2
0xAd1A1bd2cA3a3E869c05B8A9CE3BEf405833E2E3,2
0xaD1b2df97965063980B15EF828D8b8b3D14300c0,2
0xAd208bC3F87C4770aAB2B6eFc4931fD945442370,2
0xAD2091F2cfF7BF3e9901535b475B7Efe845Ac679,2
0xAd21aDFb57A993721009d849043E9FCF9a2A9300,2
0xaD242FF2c7fA7246C5100884C197a60d4718Ef4b,2
0xaD31AadfE61A7805be08E5171d7b524Ab6339C40,2
0xAD3a0D7eB3F07aC69C65563A18C0a1AF0ACCE6f0,2
0xAd424f5426dbdbcFb6A3CcCF556Abc79353e5128,2
0xad4c48f123c6c6e9a18baca0b0e4cb13d02bd7a8,2
0xaD51B811695EbeF57540E241Ba98D5ec071A849D,2
0xaD569b337C4E1D61d5FF170ca9fDC9158C42ea56,2
0xad592039BD4824beF8E334d6990842704Fcb7E4C,2
0xad641E0030E11Bcc1493bA14C675b896f2100F3B,2
0xAD6C9574a601fdAD18ecb0Ca7EA2Aa08222F4AE2,2
0xAD71ccDFc5294D1dC01d595d567ae605633B9778,2
0xAd76297cE41F9cb675A6B051F43C1404c71D2565,2
0xaD768EA77F2A899DFBD5870c2C97D193438A589D,2
0xAd7Ff0c4EC3c71498aeBdaA02872e0794c310B2C,2
0xaD8633F4B17b6330EBa2126E4CB7EcE75258E9a4,2
0xaD888887cDd63C7b5C2F7e7127Cfc61b05ACAE89,2
0xAd8c22C896E73089F4F21764F28D15931a05791a,2
0xaD9498e3F0079403c50E5aa955993F625bfbC9E0,2
0xaD99961c6fD767ba4F77408D9586071473a866B8,2
0xaD9a5f58a3648c33f4F62f6346d3B1989E5A0685,2
0xaD9E877Dd444F86F9aD613a8FC4aFCA4DB0ba61f,2
0xaDa342Af7C70a397DcafF3A297bb63F50099B37d,2
0xADB589dc8d77D8802F6072EFd45fb9fb2d3Fc57A,2
0xAdb7EC53F76A1D2b1c623582947E676BA3716656,2
0xadB802A87832129dE40052805f3bc9D56689e136,2
0xadB94F951C9c551eE0fD24683f5bF6DDB1495469,2
0xaDB99780249655dab16Eab21a1A3721FcFAAdb61,2
0xaDBbA6Afd6D7fDF362F7247E1fE7bc4ae2074f76,2
0xaDc0f0BE674f3e7b225cfB6d3CCa984bC09ED5F4,2
0xadc2bE713551A8166B508EeD791c66feAD12Bc52,2
0xadD12ADBbD5Db87674b38Af99b6dD34Dd2A45e0d,2
0xadde67EF3742483467E9d58c96a9Ba0ECE81f1E3,2
0xaDe29A8d324F2cc9ea0437637B0acc5476A96767,2
0xade44991D931CA62E4B56F59A7A8E9160067F48A,2
0xADeA2354cD1D9D1Cd270F99e74b3de0c01b065C6,2
0xAdEc6fffBFFF4f682d253cCC4Eb495E11DAE9E33,2
0xaDf41a2EA519Cf4dbbb4D2ed33a3ce42874de80e,2
0xAdf5249Bf641a75b094e0AE986500A9520fD9889,2
0xADF5AB4c61890C5572E406139B13E616373D1686,2
0xADF654E682A4a9DF2a8A00b692c19e47e41614E9,2
0xADfa18E47a362aD034486ad5a7f815557a0070AA,2
0xAE01a9f15b278239CFb64D4D74bBA7a0b1cF900D,2
0xAE07db277560838C90d57EF182ab23CCbd4AA472,2
0xAE0A5f57a5196C8536dAd3e387d37a431370dbe4,2
0xae0ADFB699A774664c79F2ca139AA292129059FB,2
0xae0e775e6F080b65aCf92B083a6FA409C10E3f1e,2
0xAe19fC1C81f9d44B9D202dED677CD201FC6740E3,2
0xaE1C6536F796754153501589dB06a5B71D1CF50b,2
0xaE1D7ED78c65cC05A11d832de7f799ff77c8121f,2
0xae1DaFaB04FfcEb9dEF31b4330F00e4E09Fd1059,2
0xAe204afF2422Ac918BC69cC2D3024C82841a08ca,2
0xAe220d647426E368AC321EFec83a9D696bF84E7a,2
0xaE22cb9159d4deEc5617Cf4b74ab81C49351fc66,2
0xaE2445CDC416b6A70bbF84a8678a13EA6003E7f8,2
0xAe3239c78CE07Fb3902883697bBf0a2D13574597,2
0xAe334De6B07ccf6d44AD58EBFC84ACf300F9Dab9,2
0xAe3a8298876d662d6efc88B4Bc827F867e66985c,2
0xaE447EFdb02D15d460D9c640710244F3ebad5473,2
0xAe488877741626e6DB2AAC8e18E00CFDa2Fb3a7b,2
0xaE50778d61Dc609d660d159013Ad62B0e2460B5E,2
0xae549957ec48e57CAF8C3a5508409eDDA6488041,2
0xAE5679C84371d53c7e2BB2870f9d00e92D506E0c,2
0xae617016284E1a792Bbd93411EDBd67C21702441,2
0xAe636D5bcFE6835809D39CA958698E10f8A61Fb1,2
0xAe643F487E125D6cbedca9Da8B6b3271b326eFb3,2
0xAE687845202eA5132b044686B99A002ADf973622,2
0xae697710E46671De4d4ce2F8B596082A8E5D0217,2
0xaE6B6b2E46ed6b4d83Fe08d89536e6f6A9EDb15B,2
0xAe6FE72E0De6FD79a9A874150915d96a1C77Ac80,2
0xAE71beeC18d616d5625D61d7932d6e681eFAEEA1,2
0xaE72381Ec7F11aAd74A73dE42De97aF3C07761f0,2
0xae75255EA44e59A385f82A27eEd0Fb1dBBCe5E76,2
0xae75ec50B4A117E0002446155530C25D4913BF67,2
0xAE761c68f0d6d18aE9118dC5D9ac7bEB761bFfBc,2
0xaE8241285f545f1fd3dFE78492f17b21659b31Be,2
0xAe86b38e39DDD6B0e16243Aa5e40aEE4a053e371,2
0xae88077f6384Facc00A708f357D015d842E438f2,2
0xaE8816C61A51426f7172e241A7f0009EE4CFD274,2
0xAe8F4Fe3b98818945e6Fce7cAC3AbbDd0A512b87,2
0xAe93b7B11C671439339B16E8fdBCC2A919c2Bd17,2
0xae96f54D6853c5fB8cA05e56dC8937467987e414,2
0xAE9Ac734deb913c2e10310899571842236cc577A,2
0xaE9E0106D06b02179CC805fBFe672D067DED2578,2
0xAe9fE6154983a77e7D529317fA4F446121C3372A,2
0xAEa33BaEeB0f1cF55f49Afe71B89ABDBfA381608,2
0xaEA6d9055d2F66b6090ceF4742dEeE088270B3fc,2
0xaeAe32A85aB014B63c4638bab37c989d30eaE993,2
0xAEb09ED3407a354f1A63E82953A26FE8f2fCc261,2
0xaeBc768c17ECCA6a898c79b1B0b10f65D0c1B04c,2
0xAEbDFFC96C10A31282F235f799E614d4A76C5F5a,2
0xaEBF546184D10cC45E02AA3675c7733e3E514138,2
0xAEcf567A2B322Ce44c6a06fD85b982Bb5C1406fc,2
0xaED312cE62EbD35105ea0571915a957B957bd319,2
0xaeD338f26400D3eC7559450D9082943c0C6D57eF,2
0xaEd3d005d8b18bA1348371e3bC43760a63905854,2
0xAee2343bF98f32a40fd7613942Ccf52c5cA59E87,2
0xAee33D473C68f9B4946020d79021416ff0587005,2
0xAEF605ff8e05eF65E61729006C6ABBC39af588c0,2
0xaEFC36C3D7441FCf97097F6b9B7880959f51B087,2
0xaF001ADC5F73F594c15B12078C0Fe2FE2e333c7e,2
0xaF075064a9cA1E8fA9efFfcBc88B69D0c6b7f8fa,2
0xaF0A4D91EdE32C5DF83D51b666824A7228bEA973,2
0xaF0Bec03f260d605C4Fdb11FF6d717857Ea9AfeD,2
0xaF26D9dda2f74126899E37B2A2d035f5A07FC29A,2
0xaf2B501659b8de6b23F84241AFbCf43001729115,2
0xaf300Ba8fC0678dAdf4C98D51CEc9D439D76Ca47,2
0xAf38fe3790FBc96a1fc51FB32d8bF4AEb902926F,2
0xAF3c20498ff9AB190af36764428FCE9017C54758,2
0xaf469C4a0914938e6149CF621c54FB4b1EC0c202,2
0xaf483A033Acf34d8B4375FE8a713FA49EEb14593,2
0xaF494481AA19582E6D22Fd5283a72836598Bb849,2
0xaF4C2fD63b3A6cec92643dA88A1B301b967C7C70,2
0xAf6402fB4fFa73917679e2A0C4f2A9Ec4EB5D7fE,2
0xAf652AAe424447540Ef0ac9b3536037cD7Df46d6,2
0xAf6EA187042b13e642F7e50676B9EA7A263a4208,2
0xaf750493Ea9e2F668ee8CF14567095182Be4eCf5,2
0xAf7989647Fe5165fb0bcEcd3Bd9F9852aefcfe0B,2
0xaf7a294D233C545b475AFe332F605adc06A49B47,2
0xaF7c2EdA62767b3bD2611c6372C9F2fccd7e37A2,2
0xAf7DBB22BF83c5e741f41426c47B97a5813D8B67,2
0xaF7Ef12eBE8c6473384e1c0DC2184cF00EF8A2Aa,2
0xAf8539820B39471b4499200D35A690221053AFbD,2
0xAF890b225514FFBd5A58EeA563eE493760e9c4f3,2
0xaF894921A9f6e24048BAb7FbEca4819bCE77c2b5,2
0xAf8C4E8c20985D9A235272Fc9DF2879884e89056,2
0xAF8c954753a58ea6FD11CaC0c6307C8db6C616a9,2
0xAf8E20C98acB4d2854B94930226CF9fff5E6348C,2
0xaF96c391322E600c0227044ad8E781FD366F454b,2
0xAF9F3eef57F106169800C7034014f11f6Ae9bA78,2
0xaFa0aDb782345AAA73d9341F6b5C0Da0afcedeC6,2
0xaFA0F969758ddC03b4Ad9760C332E725D46e8f57,2
0xafB92fb8950a119BD876B1828861adCB9264F20D,2
0xaFB9aE67D04Da1f03B280b4eCc147dFf3e68D793,2
0xAfbC0C5678f48dc6A1537c2aD24c4B7662E6f12A,2
0xAFca262799d999FAeEd01E4ca7f604FfD477175d,2
0xAfCdf4ec92dB49e1Aecd97Fb755440f371656012,2
0xAfceC5c3B5909CB243A9128768b769A4DA9e3AFC,2
0xAfcEcB88D5518D472d660D39cA36DD7d7d4639Bc,2
0xAfd0C282e076cB0aF47818Cbe60dBB4B508138dd,2
0xAfD5dc2938F3f2170ac84664F8aDbbF8Ca1Ab42B,2
0xaff2c301e3Ed03Fe53c816cF484E176A842CfB35,2
0xAFfBeE718D3f600C49113795361E2be0ae50AC58,2
0xaFfee7A7c30FC53233f284FB37367F8a75E59B23,2
0xb008c8d165AA4097C96D46fB39Ffd1Bd76AEEC7C,2
0xB00aaf1B58A61073Da18Ec84083aFE736842087a,2
0xB00ED6Ef2902Cd7596bAd9Cfb3727E5D9f6d18D5,2
0xB00eF87904107ED937b545fb36C07574521DC343,2
0xB012d6A52f6C5F6FC183d5476489e642c62c93d4,2
0xb0161d9457f9E4EBEE1BF700dAA0001126158c68,2
0xb01C115844073dbA228F20D7a100B0f83c1C1e14,2
0xb01F63ed3837C1F9b046D26ADDB70e85406731E3,2
0xB02a151829775F96FE35AB94C2E828a122B5667B,2
0xb02cE63B8b1D603180eb9103C3Aa005fe5224109,2
0xB0358e70430Da5373064c1f257022Db1Fc7D784f,2
0xb037551675d2b3E67D61fA392A963F6048EEeC02,2
0xb038A6A4d92cE2F41AD864F8Ad4ae2258044a3C2,2
0xb0396C7b1102a978a87A863Fbca7FD095b933D58,2
0xB0449a03D4f0cA0629d907a170805Ab4e3a2508C,2
0xb044e2A62f1E007e7F911b09B46b94a4BEAf973d,2
0xb045Be67f41653444Fa3B519612d2f0f3cE00C74,2
0xB04915456f1f272A55f4285781150979Ea3e4278,2
0xb0526eC57a81A423D3B96D5566C04819D24CcE5B,2
0xb058bc54B26237a3c301EDa4B77Ad64B7B664Ad1,2
0xb05a4e365ff16e091dc1dbf37865c34490a59524,2
0xB05Cf01231cF2fF99499682E64D3780d57c80FdD,2
0xb05F8123EA0e6C862AA7ca17A778265632d5A402,2
0xb0640FA168C77e6c03980D982e3CD7bC2c9B02d0,2
0xB066a5b94C4D1C7C06610d1628375E5E4b265DE5,2
0xb069939dAf374B7f9Ec0dB2a70264C13077d2E35,2
0xB07CDf1B902B1a6a657E77d85FeA612bC75a574D,2
0xB07ec928f7ce5f2996eBa928c1B64a14eFb0A940,2
0xB080516853315ef9c05cBd41E6aF1Df2C5914366,2
0xB083d214a934f556580f850B8dBCFECCEFe8ED8B,2
0xb08BC3C96016B04Ecf17c08CA8b47573Da317bcE,2
0xb0979713BaDc3E150cFf7568457B393CD1A039C9,2
0xB0A5f7a472Ced766bB6249B8F1b4d45ece161D5D,2
0xb0a89f90d1A69cfD2DA2dDDE995b395CBe6a5129,2
0xb0A9596fEE6CBc4e8C1459d39eB11191E40d1759,2
0xb0B197dAFF7409269F75ae18524C934EaD932a3B,2
0xb0b3297dB26133E0B6bcA88B0bfe9A69D71A87E3,2
0xb0b4e39765d5b7bEAdBd0AAE2769621281ceb4Ba,2
0xb0caDef8878810803D88D0fD4dBa17fBbD069914,2
0xb0D234B7C712C332855fc96A55A620A09b371B65,2
0xB0d2795C92DEc42EFA819CFc24c261288e0749D1,2
0xb0d6B0cA43b8B11EC76bAd790c1754c80c624A83,2
0xB0d93975b5F540F59FBdc69835c5552aE3DfbD5D,2
0xB0dB0F32e3D3EDcA6f6155C26D92D832Ea9aF900,2
0xb0F54eEdA3bA38BC949Ad3a8E2A1141A332FC293,2
0xB0F82754752d3A117c04bf5A055FdEFbF98Ec0F4,2
0xB0f840b7E0Aa17259f5036081d86F6c07d64930d,2
0xB0feE94b14FE7874f75045533F97e3C3dD33B5D0,2
0xb0Ffa58097D5F120FB9d3a6195E2054a9449036D,2
0xb1013fcEfE0b2168f920D0b89f122418a1d89E34,2
0xB101F202946Ee9CEE4e8EB83F6d10e96076891E9,2
0xB1020e8bFe2AC53241b37D415Add33aA640d7905,2
0xb1072cc3fdAd5d783DaBf04C788517EE98eb4129,2
0xb109759a82A4874D5515B97682C0dBE0F54d8E72,2
0xB1133881bAdfA40f19Ae526f4256c810b5326bf8,2
0xB115757FB36144DF26F2Cdb5DF226e462e31EF59,2
0xb117404c6c97FBc448F200e7298F9B4f7bb01432,2
0xb11c2f550a4428BdCa421e4be2001aa6D993E8E8,2
0xB12897740478eeC7B86b9eBf14245cDAcBBa4F2f,2
0xB1301a666A46BB70e61A7038BE95e8D0D0ce3dAC,2
0xb13998943F00Ebb13B8078070E41f269E8D1283A,2
0xB13B0eb07e489ace8EeEFb51A48f1E4d49dfD6fe,2
0xB13dc809AC82006d313fd5958473b6F0d19e0d6f,2
0xB1496587d188Dbd39E135B38842104cf05a0Bc69,2
0xb14CC1a8717e6Bb2cF30109f94D210a7e9f07DA5,2
0xB14E696C23D49487d3FdE987E6429e70dE260209,2
0xB15AD6FA88c61885a5098f7e113e28851ef90403,2
0xB169427e5eBee812cB67B9C482Bde1f2DAa16766,2
0xB16d8f3C1BBAADC4111BFD7a1361341afb35e004,2
0xb16fD827F42DefBB47B0e86838db0d0E15d03503,2
0xB17231B64C1cB5935Df15A33D4A13A019e063735,2
0xb19620e1C9cE1D77BC877361C50d97Be717b2348,2
0xb19695F45987140e8513524b2CdddaE2f2C86eB7,2
0xb1998BaEA6D38624f0C0Bc4f1eE03D8b4C8ccDFD,2
0xB19e4456E26181897aaF08E76f09691a27D8cf47,2
0xB1aad469C050c7803DD82b7F021d8009A8A186d1,2
0xB1Ac5859B310eB630C6CE4090D2FDbE34a482e7A,2
0xb1BA94f869a35027960b32f19dae7AC466c8f300,2
0xB1Bf89c38dd04D4a8c903bddAc0b6E26e3B0884F,2
0xB1C230c40883D6f7106468eA7C733d4887FC7fEA,2
0xb1c268e9723941B5BcE27F0715965138098d3923,2
0xB1c35e479b7fD64B34ca1c9E238B5630ea8A9D5A,2
0xb1D1f5952d32E6D07D91616aa293A21b919A5B10,2
0xb1de5311a8069a4c59f1Bf15B82B64281210bA67,2
0xB1E158e155318c1C0cCd07CC20d50565EB19dE26,2
0xB1eF9aF473eF5AEa2a48ccf53E87645C4346606B,2
0xb1F02Af561AA1380941a05C4d5f9927d523E1d21,2
0xb1f5981098992D87AD4199E0552789eF15e30d35,2
0xb1f69eEFE4EF35c3739AC2910B74aFF72480f0DB,2
0xB1F87A2e4eD22f0BBEf378bab670c6F56e55e96e,2
0xB1Fe569478506aeFEC2bcc84321e8d2053FE3fBB,2
0xB1fE8d7274EFCaD6571F11465709a7dF0521B2A9,2
0xB2039E879837688f79CE359a09Bb31108003cf6E,2
0xb203C244FfF4950605e7EB6E812fF16337816727,2
0xB2095F49c36168434E3D07f8935b611D1fC94DDb,2
0xb2115cAD0B46ea7d37263B5C522f663f1f383E2a,2
0xb21F320D8f24D6d81276551Cd2AC2e7d07248B6d,2
0xB220fa5a81505e7d5C2CD58C4ac695ca3dEb9Fb4,2
0xb22ac5e64E4C00a845f46EBDA8B2450B7f07C6f0,2
0xb22eBa27F0A9bd3C4f7e936D0BbEb0B89E127087,2
0xb23087Ad32a76758c2dAEefE2336b85099bcb26a,2
0xb230D9CA6Ee5f363c83caFb6bE0A3D39B72eb9CD,2
0xB235Ba58e93BA482b19e81d66eB001CD6fFD601b,2
0xB23963D3EF85d1De413C8e1DdF0c7372e9cA4524,2
0xB23D3B14877b51091aC8A1b87D7d766d934c7a41,2
0xB24127F171a50BF03d6BB62cC181031Cb4122401,2
0xB244C20fa28fA62F61365F20a365CBd654f792A7,2
0xb248D50313E82A402522f50228A0a10a48C277E0,2
0xB24d892235Be6a4d28ce931f0Fb86C105a54Ac11,2
0xb24F324535f2631B15D7Ad312F289c387Ec8e0b4,2
0xb25B8BCB0168249fdE16888fcD3121c4DB63505f,2
0xb25e8A962AA24F13E7d7Ad98C802F85123566666,2
0xB26702FcE9d8F77DB03B7393f7F1Da47029Dfe1E,2
0xB267254330b3b90392720Ac06E46712B38B233A0,2
0xB2695eCce61E3F8768935fB8663Cf77116050771,2
0xB26Cd253811E43fd39A8cA8ece1C4f5EFB2595B1,2
0xB26FbF5fBD32A095F925FfBC71073261E1081573,2
0xB27571b28B3633A791Ea70994ADD0dd1f8014Db5,2
0xb27E59D7aBeB662c7DdCe4EFb7553739f8B268aE,2
0xb289c823FA7088B75A1B894C78208FB23eae6072,2
0xb28d709447d7A6Aa08BEeCb44928c4672F44DE45,2
0xb29095267605fE6bc846c6Fc844322c95e1Edf1C,2
0xB29479Ef88dFFf8daC466cF6C716e7985c4241c5,2
0xB2985a7df14227de57f7b01e61d0C237Ff22c555,2
0xB29ca77AcEDF1A508dA499b282e809842fB76e6B,2
0xB29DD3c41d9Fc9Cb684c0295be0e79F355358068,2
0xb2A15eD4E5a6054AB654E94aB33bF94C0b345A47,2
0xB2AFc5A886432BeEA04B015C08710F562C03AD91,2
0xb2B909BADCE3a050014F442926b081d3F6e8B3aC,2
0xB2c2a17Df5FabEd1B4Ca9d6b0d19D7aF51bDB58E,2
0xB2c4a6405f8d4F3EAfEb30bdE18697295869F713,2
0xB2d03a61DDB71e31a044c6D92c3158fcd04328D2,2
0xb2d2fa4A9CD4AFb9652A78f58BEd22a95760D114,2
0xB2D339982adBCbd90aC44eeFe1946984B1E103a3,2
0xb2D8c700B05437547c2EEEF189E117Fdf0f4442D,2
0xb2Db7F03aa0Ec91895A3fe38eC461822A570d234,2
0xb2e1462847E6244f9931915EA2294005643B4861,2
0xb2E9DBcc60c26EA6afC286b3586d9e8D76199B9a,2
0xB2eDf6506ACC83dCb9c9789e7F49DF5A6BC3C0Fe,2
0xB2EeB59C7e502aEd6672E603d51dfD5Ca18cc94D,2
0xb2f6eA70721C51d2857cB29500473a6831Fa2f88,2
0xb301A99d18d7bC072ead118D1F9d378ACe8C2595,2
0xB307B3576eD93261024f03FAc00d6bc829700118,2
0xB314ae7c0E35561d59D7FBC146515a69151Df270,2
0xB3170fa3243104f10B074f48963Bfc6e48e47aCf,2
0xB31c067a3610E666C7AB2F82510d1f497BaFAAfD,2
0xB31d732De7C09276334135297298036cddAD970a,2
0xb324709F24FB19fAD03f7D00803993807Bf6e351,2
0xb3263495a4Cb1E363B5AfcEe84a539E8Aff948C0,2
0xB32744e5502CDDCa05306093740C6f3126bA2DE5,2
0xb32e4de32b5269a4a3859Cba10C96034D9F1c823,2
0xb33225ef8d8B4Be185129141c70d3eF2C3eb7Ca9,2
0xB3349612a3f7645e8c1d3B23d936B954A8E57EFd,2
0xb337f1DaB3981a37a546Dc28de71064EcF727805,2
0xB3384DfD46FeFdF209d2C896D3e06e584B304c2E,2
0xb34512B86Fb55a0c7fa6AFADB9a84909eC81795F,2
0xB34a10935B088056adf2E82E800318d5F567456d,2
0xb34cbA00383A1b9261B4B5BfF267415A9a423233,2
0xB34FD18e01a5A42216E461582Fbd1e31B671EAf2,2
0xb3611DA4a72FbA65a80b0e7025b49431b193873e,2
0xB3623D62FF30fadB5B2e127C07cab0D1b0808276,2
0xB363cDc7474182A0E081ef28C8480419f26D4ee3,2
0xB368938A01B0AD0386DDd6369614252C31086285,2
0xB36e72B0F0459FF8bC426e665CC97d518eB99999,2
0xB36Ee1bEA19fA51Ad8315Befa69C0bCce6cd3053,2
0xb3706AB2Fe9808910955FB17487A87943B5772d9,2
0xb372aFA14d155E5000E5cDD419DFeCa67784aA5f,2
0xb37deC089c85aE2124d6345aB53D71437D95A229,2
0xB38030c624eb6A675B49Be8f4103B1684E63A63e,2
0xB3845B31B1232C18525705F12f9786a74fB9279C,2
0xb38810977193852E17A278D00e322da567594320,2
0xB38BDad48c1a299F9691063C2fa91DB6dC22a445,2
0xb38Ef140528E1CBA575E960b6198ebCD31C9aF73,2
0xB3903ad9A6147E0AB9c6Ef2a1401344BCDa42126,2
0xb3915b9397BeE7Da4f2387D4037f72B93FC66A79,2
0xb394F1aa30Ba874df3Ae6097bF4c2474b2d8F3AC,2
0xB3a1581B786d724d34377D2A90C6f239887d1908,2
0xB3Adf89c0f87D52a2807f3CDD85fE385B5A37e26,2
0xb3b0DA89208Eb51B5085739c1c3975F1799f428a,2
0xb3b3B3646e51449Da07Cd544528F77fF8361E028,2
0xB3B9cC0A406f5dc8315c728B752a62CF1D8F0426,2
0xb3bADA9F462b274AC27879C1924E72eD020DB208,2
0xb3BF983eBbFc5b50052abb3029EF16B915faaC36,2
0xb3c621AE36da38459CDa3c4b87E1dE40D7681685,2
0xb3c90FB604E67b48740e61F34d22339275dF93AF,2
0xb3cFFF6cE90BdD72a8753Fa2cB40Ab439295bd8e,2
0xb3D16f27aB9DcbFA4BcdCEb9377576Dff827C55C,2
0xb3d7b18Eca473e6ce5e8DE9e68fb9C809fAD808C,2
0xb3d9658bfFAd502Fc09fCE3D31E61A44bC310a6E,2
0xB3DF83470Ff0a74eb0Ee7e43041A5eFc3179364d,2
0xb3E72703F98A30b22a15bE2cC439cC2E1f9B64Be,2
0xb3EE3852a79277fE43bE9A95C78CbAB715c65FEC,2
0xb3F37cE4620d2aC10802232b6830D8a73e48094D,2
0xB3F7Db63C1F61ce234499b2CA73bc3100f92F34a,2
0xb3FC03A89Bf861255f8f993Ec65aAF3fbb1B8fe4,2
0xB405cD60D566301e80Ce016B7225D2580f180D36,2
0xb4078E1937bCF1f44d0c3dde11843E89466BAB56,2
0xb40A13133a81e185D3cf0DB35D7170A544306C29,2
0xB4374cCE05E5b32ae20ea3b47A9239fCE2361a8e,2
0xB439fCf66CBFb25eaB34F5b289a09678f03b38E4,2
0xB43f77D6Da210c30cB45708e63795E0cDA0da178,2
0xb44B8F1f521D4B0F6643481EEbd43e4583232C76,2
0xB450D2c529eDb82a00452c92bc968725f272999F,2
0xB45923280468f3D51C5d2841cc2DC1A74786a330,2
0xB45fef607462BBff35BfCB0c26e5F7Be920eA5A7,2
0xB46443318c97A26E0c0c5293e80494291aC11111,2
0xB46A447A4769490c7Eb2B4C07485709ccD281287,2
0xB46C4026303eC47fb9f29Bf31BfFc0B958A359F3,2
0xb475b45d9D56334a86AA4e907ad8573f93fd6cB3,2
0xB476c89599D0C22279fBA5F3451f89356987305e,2
0xb4784FDcb9048F08AeF3CCB5b801aB6412717462,2
0xB47C3fd4F8a83189c1230fbe1f51070CB5DBB8F3,2
0xB47D1281c9ff6cF3d10Fc2093e14759F82644B91,2
0xb492d55483d21596FaF5B2B213FB8C5c92aC2483,2
0xb497DefB1563d2c7C3CB51724e76054B22e01ECC,2
0xB49d5697eA6Ad89777B6adab1FC41510CdeF97B8,2
0xB4a3804f835aDA87CC39eF18A4a30d2F9Ec1E5F0,2
0xB4aa70fF892b7436a0aB3d7aC03108E99ea44D96,2
0xb4Ac87A85370c376cF004bc673Df8bD90d00B403,2
0xb4aCacB96F606BC2B3D990A3bb54002e17853f76,2
0xB4b334Cb0721B250FC5270E0cA6A4e19DCD0A747,2
0xB4ba18B67F5f7D7d229cD1e1508A02Cf8f3dA12f,2
0xB4Bbb12480CD1812BBF337749a02A6fd489EFD9A,2
0xb4c87191062a1406fA3A5ca2ce39458be881458F,2
0xb4D64772218d36f97974E8bB6eF0D01b026c9a14,2
0xb4d65bd4DAF123dC4fCF9e7d13720a0768Bc85B0,2
0xB4dd42710C2220625Ca29ab5613A7d995E40a669,2
0xb4E46aE9c58b4AF6CDCDc30050ACAEcAc4A4d2Bc,2
0xb4E9eB922b44E84C61b4b044904420df69b69C9b,2
0xb4F22341ab038E18A5551C622c24Ec8C63EF60aC,2
0xb4Fdb8E605397Fd2Bb6D2dc7c1a6081E413bABf0,2
0xB501404aD37B8b668740944B25ee0E221A737D59,2
0xB506C02F6b5B84e630e21B56347f2ec1a293B29f,2
0xB51B9A78812B49A0ca6aA6e9a4d591D240a83380,2
0xb51ff2F65B935142aab32aBEfa1C0E29A4161D31,2
0xB5287ECC9E603a4ff56bbF3d6C454440F2d59e0E,2
0xb52ca20A85949144fA9F10dBD420A9Ae15356Ced,2
0xb52D740BeB326E42fc327cb03f0147f85F21232F,2
0xB53f3e576B00f3985f32FE4BAB4163b7793Ee335,2
0xB5507Aa0Efd9e1B6C343c9eC3f5B4e5C40cEF654,2
0xB55923de0c2Af9FCF247f52d6cf87E16F2Ecd4eB,2
0xB56869fDF950f1A52208B9444eA267Fd1C29dbF6,2
0xB56A8480dB3C68c72bb23C2f1aA7DDFb4036b2E0,2
0xb5719e236d989DA891ef036a316Ba20cD3E5b646,2
0xb571a877e56c8a9BBfa05066B9b376B030a3075d,2
0xB57674129dD48c39DB1D851C91409307B7a35395,2
0xB5768128FdD6EC98C87Ecf3aBfDc31bcD626470B,2
0xB57866C15b25913D28Ef3ac51372Eb335589171D,2
0xb57aEbb04b5f7663dc17759010a9eb41f4fDee89,2
0xb57b7daBd89A6dedc12b86178E1E109E440F2C1F,2
0xb57bB7Eb1e8e0af09aB2f44Acb0C583C04f22222,2
0xB585274bb8fE616dd7164109014fd0Cd30800000,2
0xB5980E53739951F3B7f0eEA499B198D7Dc257deE,2
0xB598eE5E6d07e7593bFAc33a05Ad0F959164F126,2
0xB59Cd4Bad9d414Db7ce1b72A48836D2d064973b4,2
0xb5A257d28B3e1a32646469437F2B140C47E4100A,2
0xb5ad6a4D172c46035acD672c9B1c8DC406f49650,2
0xb5bDA05a5fe03D23929Ea83C8769bB09C9Fa148C,2
0xb5Cb7d6643b2E68b061eBfB6b3890556653608e1,2
0xb5D5fF50C57f2c5eAD9F7d5f3bfb691C80B848D6,2
0xB5D86E1691fDcC9190eD624e01fF1867BC2E3200,2
0xB5D920f1E2908253BB5fC4a9F8F32A4a10b75F72,2
0xb5Dc4f23BcCBEaF3a0E16A86B417a63993B6F981,2
0xB5Dd16F777d836089De26E03C0F0E03DA7B9698A,2
0xb5Df726e490BC6a17aD44FFe32966678b16596E0,2
0xb5e6387Ee173Fb6546FeF0D39180591c28Cf3fB6,2
0xb5eCFf4A5dFC9DCEed865C84431E132A16F6704A,2
0xb5F0452bB5358b3e2b73a8518EfED4BF647c8D1E,2
0xb5Faf873770172143b9b454D1e924b97E4B30F5c,2
0xb5fb0f3DC8Eed6279DF3c093f7C7Ab1E299A760c,2
0xB5fD08609B603fADA6C66a9499532a8539106fc9,2
0xb602B64578620f1828E909F0318f4e38cf1226d8,2
0xB608099Fbfa68caD06582Ee001Bb84bf958a7d92,2
0xb60b51aB1DA6C1879ab3aE0Da89d325b75A1Eaa8,2
0xB6124D2E33904568cad92CF638e8B54AA4E7730F,2
0xB61BB03cdc0b6A4134338f875cd527d4A4Aa2bDb,2
0xB61d21Df0411c4d8bB229506D46B059D3EacE0Be,2
0xB61DE6A0EA53C120ADF01dDBD21402999bBc0C13,2
0xB61eE8C638Dfe0f69aecc95768E938d6428f2E93,2
0xb621c6393aaf28526Ceb547B394EbbB0534764d6,2
0xB622FBD66bC008E34D65dB250a2594A7D95f59Db,2
0xB6238d0443981b5B1069c2411C33f7a79C210Ac7,2
0xB626E9f50EC890Baaa0e7c7f4E7Cc5826bf30460,2
0xB62A844b03D56dcE1b7b0e46DEf2CD9Ea0Fd712d,2
0xb62E762Af637b49Eb4870BCe8fE21bffF189e495,2
0xb63a2BE75f2ee5D5d05ADacA029A50C782ab5B6a,2
0xb6418C1ba3c59657f9CA5c3f9322Bcc394c0E993,2
0xb6419bAba80acED8d440412D1c38b44D0Bf25FaA,2
0xb64386aeEBd2F251919F1D331631572e33F0d9Be,2
0xB64637012F610A27c90c0dC28409FD0F9df77777,2
0xb646A14Fd2f387dbAa567cB7D7a6F3f5EB76954C,2
0xB650e795fbBbe90E7fC5aefBFfC518F1B973445f,2
0xb657F4a2fB46c9c172Ed7E1E2DD904F4CE363544,2
0xb66286D35A63618C1d6d7C1C1790236d25533333,2
0xB663db95E61B44FC41DDF40015793097D7Bc8246,2
0xb66A3c263a16c4800B48370aB551ACF2a9B1bDe9,2
0xb66a4910a0854d5EFd13ab4Bcaa43fe8d3F2A79C,2
0xB67757105D61AAe13E5a8E5C854FEba600fc0631,2
0xB67840D8e4DF0F9920f3905B021D04c0B5852bc2,2
0xb67d58CfFaE63A95fB380b952E65B1A8eac44D0b,2
0xb6848eb7060f191F6239aa4a56745d83dDD9e298,2
0xb6899B7E776B304bC50806daEb03C987d65F5B20,2
0xB68D2508DE12c5A4fBF51336312Fe5A8CEFc3D8b,2
0xb68EE5700c22CfD22516a05Bb0c987990A16f8dB,2
0xB6950A0662107760dE231C57A0698081773A9959,2
0xb69d0e713CCe288d7D8E52799B6d10D8fab37cD6,2
0xb69e6d0498888e8878098AC1216D6D3bc9F72B45,2
0xB6a30Fd5ed09DadD85FF5d6c0c704273053F6bC3,2
0xb6AD88cE4EDF4A8cb02310766D621C33e438fb45,2
0xB6b11fB4f518228015DBCE47cbE51C51879548d3,2
0xB6b44C9229692765B894d1B8138f1f0dEA85B22c,2
0xb6B65F6B9c7761A5390fe4fD4f03F9703dd2550f,2
0xB6BcF7c699be3baD2729CB90c6e19F1589EFD84c,2
0xb6BdA18A023521C2f713Eb6c9A86C6453D71594D,2
0xB6bEb9CbeaE6d96464711416B00374dF35470881,2
0xB6C8CAbc2150083261d541a3011a658a36Ca55b9,2
0xb6ca564dAB46827a1Ea4eEce526760070D6785Ef,2
0xB6cA5D1Ed0cA4bf8444C9dEE2D068a9F4C5e2e92,2
0xb6cb8b0a98825ad2682B5b1F46dA7D14022561c5,2
0xb6D363a702Ac59bb1EC2773938a074AbC5Af5496,2
0xB6E80081610f99757CC910fB31B0a3311f6c3a1c,2
0xB6Eb54C46D58a9b12cCc4C570b4d2C588088E414,2
0xb6fb1dd47AEd3156eBa62437a394b3B765C7b1cE,2
0xB703366C1dB2fC8C2B620986898517F0a75669aE,2
0xB70811cfa44D256aB13A4C804b82E70e64Bb1929,2
0xB70aD808775804F0F356C7d4cAb36771f224cDD3,2
0xB70C015e8197A425D57DFaDcAd6A8D64De399850,2
0xB711Ee363b746697522a3cb9deB03e760Ef89e22,2
0xB718ee67258792eF6D509Ed14f3061Bdde41C56c,2
0xB71D09134B441039cF9BD6B426d7c73D66138F66,2
0xb720241781Cf64E99B39804970F9276Ee7520A23,2
0xB73533B7fB8eD12f13CCa117855ffC7217b0b7E0,2
0xB73c8EfdC999DF40A215F3907e215A2C6Df5C7f8,2
0xb74cEcD3F020518AF7E1c44eF0Ed8E34Ca024C6A,2
0xB74F72708ab9A02643FCfe36E783a82D1f76F314,2
0xB7502eF593d98Ca7e69E0A909698fcb43b603E26,2
0xb750F21119fe207C06FcC4D955859340ee313518,2
0xB76041B1B7c34271286B49c06112C5Ad7D9Ddcbb,2
0xB769787a5A84609240F2A9bc116672491eD16191,2
0xB76ee9977cA847eeE0137C1CF9326e217660d7Fc,2
0xB77aD296072f6c2ff915DBB378F5c21ACCCf4E6e,2
0xB7832f7DA143b43D60DbB89DC427b1314e8d6Bfd,2
0xb7852c1C1Be27aBd296a66458Bcf7a8417a7bc69,2
0xB786AE7B1945ADE77F1f5AE5a086E6F327EF6072,2
0xb787c1Ffa9EB8Cf90047e04a8141cf74f22763A5,2
0xB78cB35989D815c6aa9C51baf4E6b7a6B3F7df92,2
0xB79bFeDcc95eF943a45f11FDF1D20fF879076519,2
0xb7A332F39D068016AB474c3B61aDC55f59F7A352,2
0xb7A8bd84b80113FdE870eFFBb188693FD2CeaDE4,2
0xb7afA8068C9e7c20c39694A949Cad67455d0866f,2
0xB7B7398181d94540A74df7BA351cA6088D9c5225,2
0xB7C25B8Edbf68e209c2a48034Ff33d6312eF1460,2
0xb7C3EaA286AC8ca23c7a40cf14171BA63c9ae33F,2
0xb7C622D2d32f04Be5a9A1b26fA482f2F4Af7A2f3,2
0xb7c7517A89a969CF0603955C7ACaCFAB85E1C40a,2
0xB7D17AC8cBE4982fB62a56d27CaB0C7d5BeBE274,2
0xB7D17b081066E665d463Ba7D40F203fEE5c48C43,2
0xb7Db92249121f6F449B9d7273b78fEe76eb45b86,2
0xB7E0E8c27006d5C88C1F43ada8DDB6AA2ce84071,2
0xb7e282461dcb5b8b0e72Ef0d2dB45e7ca6f58933,2
0xb7e688B1f6f55be262A8b3d3eA0Ea5a12EAF3D2a,2
0xb7eCBF7070e3FbB20AE7Ad431933895439f7f32e,2
0xB7f4f2877C24BBFc0f43bf8Fe1dB96a95Fd99084,2
0xB7f52D4A8Cf30B0B0c7516F7262492556d9f92D4,2
0xB7fc3CC286974cc7118663A5484c2ee7f9273706,2
0xB8030db8921A63c2452c66F9e18823644B13937D,2
0xB80C79B0ec2962275cB9c5C888B3dC326Cc97E8d,2
0xB8108bbcc4DeA4724F9DDf16d1CEe6Ed5b144161,2
0xB8109e6bb80cc6dDE11CF7B49Ce2B329003D30b6,2
0xb811E9f4C52f723C0dF04806D5105f90E163CeAa,2
0xB817F347Cc5dC77DabEb45Dc071Dc4cA80b28E16,2
0xB818f2822522CDCB1665DA8869c2342e067651f7,2
0xb81e9266BebC66323623B182989eB95F2aB7AA4D,2
0xb827F1e19D3839C8dFe9cC3DBaa946BDB44E2d20,2
0xB829f59461F38C2FbE12F5351A77Bf4829A3BcF5,2
0xB8369417066Fd7E61D0219402C16D416e33CC64A,2
0xB838CC641998e7a9d7A929Ff5acd34c6F3549719,2
0xB83ED632B0a12423D72FA9C722e76263C37071b9,2
0xB8454A2c52e4Ea851f85113236b2D8eaa2861fC3,2
0xb8551E4BF51F60dDA400c414008fdCE062C133a1,2
0xb85689e95111A9a23A5EfF1051a0E88CBE7499cd,2
0xb857cfb2888B915Ae9f6C1AD5a6F02dDA68E3Dbf,2
0xB86869485cC4cba5A8069cc25a34E2D4eBeDF138,2
0xB868d8db6E91E0B7b60Ece4396bf76CA8CEFb2cb,2
0xb86F3A561c54002C7Afe87d95C6ff4d043F73DcB,2
0xb87033A41756c611BE6fF1BD8067E1FCcf66534E,2
0xb873743F92C9967E70AAc193538e974D3b994644,2
0xB878E7FFbB7D16d593bC0b9729186F9d3a840b2E,2
0xB87A17eFC2E019Fd6622A64422Fd86c834aFAEA1,2
0xb87F07B998Fee221f119635542939BFE171F7D0c,2
0xb87F25eC5Cd5203d88BAD05Da4560559C441d326,2
0xB88166EF9BB97C2F9Ee99Bf06d7b33301b62d5Ed,2
0xB884Ec125565885FAac4ae7890F6791930995B35,2
0xB887F4c25aD4ebC4FBB1C13980f7f132Bf062c84,2
0xb88A724b816D52ec40cD80288161433e8D7da706,2
0xb88C20712d93089fc2F07f4ECb1Ee094ea46cbB6,2
0xb894A0EaF50Dca43509D68E881a1cB344aB564Cf,2
0xB89553f3586aD2B70fFb749F9aB908408EA0A998,2
0xB89bfF32e43413b3E916a478b32c069C19128E15,2
0xB89C70e8EfA86e184591744b11587c7EF7cB5e60,2
0xB8A454c14de323Ec14Ec631c1490C3A3A7eeA03b,2
0xb8aCD3a41360cf07621fF64cF3cD0DAd9A1F0085,2
0xB8AdB818AA6b8e0dB46DeD1B2511A8400De69d4B,2
0xb8b3245652999bd8A36228E813B0477410c76e39,2
0xB8b3F09D81A68a3B1387aCAB72A727105d78D1EF,2
0xb8B9E100a4A9EE2766981812eE76e03293490549,2
0xB8bfc033647a5000F1BA8e33E47715cbed36e659,2
0xb8c9Dee7897AA5EB6514a954f267700E4f5dbD71,2
0xb8CB170D308e8535687A43bd1934eb1F7e9AF3c8,2
0xb8cc3DA8E3d284572478D5f750456c3A494da1bC,2
0xb8Cdce30204057E90300Ec3Cacc30d0296636788,2
0xB8D3f65b3167fdd8EEDcAaBb73ab7E34139a5d5a,2
0xb8d4714164DB1F0a2e70F58757aD466522bB883b,2
0xb8D493a4fdA36eEFDd504E628A4473480D5e2694,2
0xB8dA53E3Fc4B3B65B1950033D90aBd019570955E,2
0xb8dA909e1e1f51B36BCC5ca3E9b165bb1D354155,2
0xb8Db41632a4E5169F19fF111C3Ab3720CeFBBb33,2
0xB8DbFdd6B4DF9A6b6C781073B2E85232776B0e45,2
0xB8dD8C943150fabd83EBe187212Fdd61bdA02272,2
0xB8e2f8F4b571A1dC75c50CF96e023A2a91B6202E,2
0xB8E316e16402b4E5B20d4AA21b9dDD53b94b0904,2
0xb8E39C10bfde65a199FFecFD67fd76D61d8fa4f1,2
0xb8E618e38d0174F42A30b098b2B4aa7573C115ed,2
0xB8ea96f27811bd1B1F86f4d5C06569Cd99515f34,2
0xB8EEfBecC36Cc4EAC35D6FfE932dE3942440F843,2
0xB8EF1bae185b93F3e9Fa9aC2704B7E845C583193,2
0xb8f3c4797E279f1E886fFCC37fe2c821DC7388cD,2
0xb8f64379d5F3D05579bbd8C2C2Faa03A71Cb07a1,2
0xB8FeAC7B4050696B08c363329a236f982aE8b225,2
0xb901980dbD6C1e1a714565130d29E291B5031F0f,2
0xb901ee778AF912b828797395AC215dF2f543Eb63,2
0xb905AbfE95CFAAc346b3Ae9a7D272Fdf174893db,2
0xB90A7e7c6049FC250D0E804a0d11464c1D011111,2
0xb90beD6330BCbBC38be2a4f5258C5D21C7a34e0e,2
0xB90F3837321418d5c3A40e8d054b81DfDC0663FC,2
0xB915F8D33dBd9738a0AD4B4731b2Aa19885769c2,2
0xB92A9Ba72D61684C79dbE7a80A67fd1e788C0d0d,2
0xB92eBcC24FD9D6879f4146Cdc81ed35ffBE63e4c,2
0xb93D6B726D126eE91937B0719A69aA0CecEA32C4,2
0xB9494b9c77c465af8A18c68a0F0106653546c098,2
0xB953EE0e28c0557642f404BBB4F68A89593F875a,2
0xb958FE8f7EEd15660438E53857Ae1aB4724eFbA6,2
0xb9626f02CF4824927fF32bE7d4A6E3Ee64a4CDfe,2
0xb963fa652274e887E7Ab9876f436e054Dfb3C3cD,2
0xB965A255E173cD2839BcE0A9885746B4519F7D07,2
0xb96ec7c3Df2Bae2E20dF5DfB72bd5A5720C7F60f,2
0xb9872C8D16BfC321438Bb916abF33A5667A16b85,2
0xb998ffAa7712448c80E356e0cb2A9c87b56fa848,2
0xb99B8711EC0117FC816Fd7AC1f9d29e061eC631B,2
0xB99d7FFf61f70dc87FED5D09B5Fd6AA17F1D2Dc3,2
0xB9a07B3E0FE97AC621fd803385372D36BDBa6dc9,2
0xB9B031325c39c2209FaF51bEa23899C231FBf25e,2
0xB9b4080ee5E800E041E9d2983b027afFC0A18Ee5,2
0xb9B4b369a82898e3d2f9643c86b4D6fca715521A,2
0xb9baCBa2B35222AE49d4579ac57878aafFD4611e,2
0xb9BAeeF05cC48871Ff34b2b7bc5C7fd120ED71c9,2
0xb9C0E4232317834511bE59964e5259d3d4BA8926,2
0xB9C15F9b580318135036e7970Cf841cA50F88607,2
0xB9C416EB0d03eFdcE046E4f4bBa26c1c3544f4c1,2
0xB9C993B542ee71bfb53c4A9Af657fCe1E0eb85B1,2
0xb9CA0848Af419104406F73A11f82E47243d8FB8f,2
0xb9D100AB33eA99c7E24F3F4C66bD67cA4721daa1,2
0xB9Db0103DB118A655057Bc3D882639771074D7b4,2
0xB9DEE5a24C8a90cE5eB7a3ffFF234b7AABc8593a,2
0xb9dF33292B8AD8E8B4b7B81588940A970136345a,2
0xb9e8e3135b87a55e25febC411D2450ea63476Bc6,2
0xB9EE87EFF0800F07A5754F323537C1814804D8D9,2
0xb9f0C378B37DF7e56A6F155A0894b54eC7060373,2
0xB9f4f84639c15B021407D33a48479abACD1E82Eb,2
0xB9FBCb67C5143807c1bc3e23cb18E8A49aC7a38E,2
0xbA0826d815b3D9f5a28816144cA6B81BEC92AbFF,2
0xba0E7c64A4e005AfBA9283e99e410c1bfdA51513,2
0xbA105293560C5E9a43E3C5Be43d48ecD9810ff4A,2
0xbA12110198F2127EB1C724ccF7f38af4468b7C1e,2
0xBa13c8A75415bd4d984Ae7d75B85C1accA5a72a3,2
0xBa26f6EA0909073750A55412DfbbbDF2b81b3B0c,2
0xba2D54853D7F5e832485c6aC0cd6AA52cC8Ed2ab,2
0xBA31C69A74c13C6170A47Fc02748C5108910C701,2
0xBA39CB790834d441e625f5E361D0366fa7C1603e,2
0xba3Ca707d58819217C8ccb47692316726BE07dbf,2
0xBa3cbA866136292d2c51bDBEB828A29408b0E504,2
0xba3Db3B1683b2F5a4fD9950a519f2fB41066F03C,2
0xBA3F36f61946755F534a86eDFb203A89478E9bc3,2
0xBA4507B1d12F5741bDEc9e5292a6E34b0bB64487,2
0xba46560b8E98fFaC419fC4ED57415Db0EF171Adf,2
0xBa4Bb58a00f9ea9cD7dbB4229b282E13114d6fe5,2
0xBa4E9d4157344330902b664Bd8c44abe727f35BA,2
0xBa4fef3A91acC2Aeef085963916cE8B489E1251f,2
0xBA5281308D45380Cd60F06f54cA1dc06d07D9b90,2
0xBA52dcc9a6a04D1B15b55462CF564b941DA07542,2
0xBa55A56aB5d2F832913eb4b9Da25De29F0960F91,2
0xba58A25CF9c288fFe713Fb400166Af882bc94F96,2
0xBA5B91b6963CD425BF5C9f67d68aa25e3489db80,2
0xbA5bEa299050d786118Ad6326E1a9c2a7CFBA71E,2
0xBa6762Bd796007503B0BE385129AB720a0bE0B78,2
0xbA7682862fBFBc9E5215462c00A48E486142A77E,2
0xBA7ED601D1e11DB4EEb2bA04d0bABA31430572b3,2
0xba818e7F6b208F5A4f7Cf282A9248D221144E4e5,2
0xba958B87d9087bBD7b9ff32b15DA934eB4F1c52f,2
0xbaA1F87F99fAD5525ee684185d67425D08ab88C0,2
0xbaA48f9cA54A259defa1C25D30d3c441886a90Ed,2
0xbAA855c30B695D47c4Ad694201dE87f338604a99,2
0xbaa88466357814A0FFc1984b3c5B58910618eBEC,2
0xBaa8F2105587b26B5eE0D6E6AA073Cd11198c851,2
0xBab08b449584cEa53A74120A305aA6F60f1200D5,2
0xbAB0cfbe3104d7862F37FCAdc6cE4bc1bB6ACfAb,2
0xBaB6B87F046cdD0f13d6468449aaC9fe6a109b85,2
0xbaBB6b5E57cF971C149A01C9cDc0489068f91699,2
0xBAC5CC9059d3C2cca27C319d9054D78958900821,2
0xBAc88c0DDD310C3c4c2ED9038Dc476DbC95f1ac5,2
0xBacA855c6474B8248a5960520D6C60Cc364F117e,2
0xBaCC92b086f1898B8B0C64eE1D63ac07360c0fcd,2
0xbAcCf99713309efA472C1bBd675169107c00c71b,2
0xBAd25D120f10DEC71b019BF9C4b0704411255555,2
0xBAd5505Dc3010Da381f8F18768F6f298C464E9bD,2
0xbADAaBF602Af593f1Ffe183e5F4496c56E719553,2
0xbADB2126D3298A3cd70D1d6A4feb5B25FFB6f9f6,2
0xbaDbC9ba1E2515Fc85649e33B186A5941C0921d9,2
0xbadC5b0e77235566e19B8f446593d6c8927c48dC,2
0xbae359e3965E6e29f4Ba332B6B03A89Dd1857463,2
0xBAe61f2a251DA3ab8E0651ABfC9fE0bC9d68f12b,2
0xbae74CdA23Fa8Ff2DA16D90cE6437B7E28De3094,2
0xbAf3aD6542f932cC0E0b54983e82E0cFb7c5a5a1,2
0xBafa9D64419c0Eda4B9224F0918b70c0730D7ca7,2
0xBafCC7F02dbc4Ad9c22330F20154664235625A2C,2
0xbB0069239803C0A1F26B03c8DA38140cA07749c5,2
0xbB06684F83ecD6f48b334b86E9FB23C892aB06dc,2
0xBB083d9C80A8cdEb070b7a52F233DFFB5e53975c,2
0xBb0c3e12aA788c6F7BD58F57d5B1fBD80dF419cD,2
0xbB0ebcd89011D84C42620c675069fF03E124f0c9,2
0xbb165400963D64db7e9D89758B4a21ccB2819B00,2
0xbB197c234E2aa3F4aA3979Dba42d0B8d885A2A96,2
0xbb19C20ef6Ca7050Aa67C0A69BBAA59D6095a2E6,2
0xbb19f3D54212eC2a22dD965b23FC04aA9118e07d,2
0xbB2409e9b3620a9da43665628833CB481c5A6114,2
0xbB2844146f40689b1fE38460935e31830204c104,2
0xBb290F70Cc2d010e7AF3f5C0a9D602b8105c7d53,2
0xBB2925877Eb6717f61216aEa3DeE2889DC39b336,2
0xbB2dc061c271DeccdE0dfC8b804ae9Ac7E598cCe,2
0xBB32898E66344a85ADaA808E9016cbD8a702605e,2
0xbb365cbA66fD644671F41E8C1943F7Ed48066567,2
0xbB45E904F4A55297bcCA625984276EcD1E949205,2
0xbB4669124138403549B091f27F8Ac196BfF6CaEA,2
0xBB49216821a19a0A03B22D6586e4790C4cc22C36,2
0xbB4cdfcf3a989a950Fec54AcF64ca5044cFFc3E8,2
0xbB50C6B43F2F7D76C02868372f9bc5dFbeC0ad6E,2
0xbb5eAdCed4d49dD3202506054B9F18A87deA46C7,2
0xbB66Ff34cB4Ea0d42B83550e26CC794295B01b67,2
0xBb69d509fb33C1F3488afdcC3992cA418251185d,2
0xbb7332b5905839387D4bCbdD4AFaDf64301F2733,2
0xBb7e1373c448575C4086B8153437109ef6198Ae5,2
0xBB7E53c20831334066252F9A8ba57b5928E276E4,2
0xBB7e77b365721faE8e247B77E41D9703A2fB3E02,2
0xBB82027ff636dBE8Ddb09BCc948b1873E89a3B85,2
0xBB8366B68Bb1b899b67A195D40e9D02FDf8b401c,2
0xBB88e3640572Ae66685BB12Eaff38d384C07ddbb,2
0xbb8bbB5C0b5ed9B329bfDd3D5563F5d9C8B5737F,2
0xbb928B35fd1732fa1cC040a95Cf9D332bF6EDb27,2
0xbB936667614622928c548c40d885d9710cE73A21,2
0xBbA5eEC623BB827ce45ed74b22828BB9d6BbBBbB,2
0xBBA8Ef452F7F34894d6A4deec9cb67bAC9769415,2
0xbBAAfEea90d06A11425Bd6f281fA84A40cB00000,2
0xBbaD1dDA144027ce604424B51EF983AADf9d3CAe,2
0xbbafd3D7eE1362b8B61cBC870030b80D1Cd3165d,2
0xbbb263aB63143562dAF1738DA15F2FF4b63697AC,2
0xBbb5Ac4a700804A7898b78Afb876ad3faaBcd903,2
0xBBbc076f3403d9239C6071a07B7a86A656f11111,2
0xbBcc2E027A065D7c4E1FdCA27885B1783348448c,2
0xbBcdfE8A421b1E51256275633858d70D153EeD59,2
0xBBe117A6Fad525919F733c13Fe087F21a64edB80,2
0xbBF9119A7A5EaCe1B9e689CD57f9F4D8e922a064,2
0xBbfB9ac6Acbe2B738E9c65923E7aDEB1a972837b,2
0xbC07851Dec0F46891e7757629E442b9Eae21999F,2
0xbC0Aa13609a372F0E954dbD5c2255a8479c1aEeB,2
0xBc0E7c2EeE1ff1c61449fAD2d11923a1C0097f2B,2
0xbc18c92A57C27f170694E206328F71ddd30D483e,2
0xBC1AFE68154C6053353fFeAEd64FD82eDF96a232,2
0xbc1c90f19240e34C79c180295580191A96311111,2
0xBC25268031f74383f19955b505571FE042c996DB,2
0xbc286DfCeFBD9F9D23e3bA2E0b7f09EE82F28B6B,2
0xBc2AcD00c720b4A997a7A5F1806457374a9e930B,2
0xbC30e90DC528EcE58C1a51B6Fb6D572838416489,2
0xBC31c214DaF19b3216692D2eEf30370ED7cDE53f,2
0xbc33f9C60856321666484eF0087DDB89F8186e78,2
0xbC38481431C38a268745354e685C27bdf491b9f5,2
0xBC3aA525F78b20027495126e95A7a4c58768228e,2
0xBC3e7E4e22Dfa4F800eC7f74877c7D35b1123FEA,2
0xBc406f767B0A3b12FEb1e143DA75e703642c2722,2
0xbc463bF14ccF0b8F7b797051E597e483ea5A2eD2,2
0xBC4C4aB7F4c78eEC4A62dEaF8b3C75C12755DCd0,2
0xBC4dcbc2b81c5FDF53CbC84F3275193118f00f6b,2
0xBc592C836a584e2FF5E708E88E14e5CC34138F4e,2
0xBC5B04581350818BDAd224BB69b37De79e7D4FA3,2
0xbC685360C76009D3F69986Fe790930870F279BE6,2
0xbc6CBC95D86A6a9537375640FBC0cF0DB8024268,2
0xbC73E1D0069016E39F2be842974a31b4Be87Ca52,2
0xBc8877B5f13Fb38BAE0D795eB465Fc3D995c3522,2
0xbC88a106bC29CBCe2ca252349a92029A1bc8bFce,2
0xbC8BE84A093ad73aAb065b43F7c5B0A3239f0F95,2
0xbc8dFc79F13bE1E082Dc7537D4B33365a9901592,2
0xbC982ABE1486cF00C59304cF05df66883C08a2ca,2
0xBc9857BBf7BEC011CD93F1b057199C722110C2fe,2
0xbCAB7Aee5083196300aDD245E3E2b9274C6f4518,2
0xBCAF4e2FC8Fd187bECd1cF26af92D28C1F4b8e6A,2
0xBCb2ba54F65545F7E28D8490F510E28ED4F6C9d6,2
0xbCB6B7177FAf38b452CE167A979Cc094611Db65e,2
0xbCB9AfcFedaf5d374fd81F2EB97fDA84CF852Ca6,2
0xBcBA60994adA4866B791BA672678aC71590CB4d7,2
0xBCBE9894e6677667B82c283b454820cC75D337df,2
0xbcc82ed75C25C9EB40485164411E57Dbc878a505,2
0xBCC979d75D53DA20ee2483a3C189b7b576fDc633,2
0xBcD0697fd6CAa349f8B6Fd91Eb0C8ff1390C110B,2
0xBcD11e2a6b1EdA319d6A55263a64a161030d5116,2
0xbcD52ab4423E8C722cfC74D1962Cc161b7846Cda,2
0xbcDa03593914117d9D7821f46d1f2622673EF8c9,2
0xbCde0d2adE03eb5256BAfC32A46B719061C19878,2
0xBcE6061E4a766B774166E9ee2093da7A73F88E7A,2
0xbCE77e2439E2F9abA6726718385D83E18BAaE383,2
0xbce85a993ee900c3371450ef21f1784339df5577,2
0xbce85d4A932D235a6a97C17637266ecA355fE36d,2
0xbCEB05C7E65dd8117CC9F39bfE7f11776a2eC320,2
0xBCf267010CC6a52Dde8A3D5428bd20127db3b0b4,2
0xBD008DB3d8704Ce124fcd13E448E950B409e07E1,2
0xBd081f1B95d62c9A30efAB2bb862eeA6dcD7450A,2
0xBD0EA5E8aA23f54ec94eF52907062947202050df,2
0xbD18753BdC95Fd5f74721b7873866F3e22F53E5a,2
0xBd1DB902748FEdF4500D213574761E2FFFf3949B,2
0xBD1E75f2087Aad701f8bdE85771897e4D08A46E3,2
0xbd279f5009639A04390BBE263e11EF9278B9Da0B,2
0xbd2895Dc008c31ba7b2E9177EbEC4E7B048ACB86,2
0xBD336B75D1bEEd3C33296292c5ef1057fD5d3B47,2
0xBd34523189edc7A9E9C202a15e00aFE18bA4Bc7f,2
0xBd3eC22ae8310FBba72cD2CCdFef908847a568d5,2
0xBd4476357Ec70360b5EB8Be4fEE7780276A2908B,2
0xBD51475534d0e8e50B7caECC74D8FD8A658d029E,2
0xBD53559db6C213744CDCf839104A657DAF0F5c17,2
0xBD5695B3Aa201c442405CE88075Cb4640e571756,2
0xbd5e4C45a2dc01900F0B6D9cb80102C88dFc9fdA,2
0xbd61593DdE15fe4c0C2561Ad3b92d57b4A7bD9CE,2
0xbd69E6e4C9dA53b18FFE22BaB658806BC40cC90A,2
0xBD6b15B9bA9224e0993dc8371CC705218076A188,2
0xBD6c3181728cB88131AE5b5c2fFe78F420177777,2
0xBd7037D9E22590deDA0dC2b213Fc49DF0BE061AC,2
0xBD71939Faa4EB12923E24cd239C0272Fa12cEe73,2
0xBD73bC6B5d614c1c444E210c913431841bC55721,2
0xBd7A27cFb1A9EE13D1Ea916Dc198112E072A2D92,2
0xBD87466C486eb3b86F742bb76Ef575e9DcDC54db,2
0xBD8A5e42d4af07Df1FF46EF269C45F40942d6a56,2
0xBD9433dA84c008461080B7bf7fa8Db04f0dc94F1,2
0xbD993c384dfc6603f6f8c510B3c18E47d4a82235,2
0xBDa78B7484aA6a5EF17F1876f850cC1F90f00F4E,2
0xbda8e7fbAa92E5650c907843a9BA40258138e0B2,2
0xBdACe8fDc4724344385C0D370C18AEBaD613c470,2
0xbDad2d3906879Fd07877C920E8F93b9739CA2209,2
0xBdAF2392260E36e9E356949A8DE36A39907fa314,2
0xBDB0Dd845E95d2E24B77D9bEf54d4dF82bAF8335,2
0xbdb2010032e88b6d82e6e1Ea97CE2AF3BA3Ca444,2
0xBdB86BaE118A0fEE0e5aBf1706E02CcE10275e12,2
0xBDBb4093390A5d65F4E4db234d42CF9cA21CcD2e,2
0xBdC4d0FE81a7bf6f569A898267f8C7Fc30bd2121,2
0xbDcc4A74f1066E11A27F0367FFfEBdc96BE38077,2
0xbDCFE9180Cf36bA52Db018FDa9cdd39DE7719170,2
0xbDd13098b4f756Eca18C41250d71af9aD8D6c1c5,2
0xbdd31D407da8eEe8ACda65f8e0C998AAf102794a,2
0xBdDc59b367915f116c13B24050191502ed7C70b6,2
0xbDDe100544020fC3Dd072bf4Ce9a62845e6c9884,2
0xBDE3Bf56D69c458D2aF99A21B4855556B1bD6327,2
0xBDe8BbC336B548357C841b5a5290F553e4FF8809,2
0xBdf2F2C25247aaE2D03709010De2Bc3B70EC4DE1,2
0xbdF3315476D383221109808D900F085EB93571d3,2
0xbDF59a52983cBB408d4A00d85b676b0FA7552da9,2
0xbDf6d5712B50eeA8716997cfDE9fFC2c10Aec42C,2
0xBdFa565aEC8B085017E2F300b8f4E0fC175FAa26,2
0xBDfEb9f8b0DE28E3f8C8dB251847d54CE962544B,2
0xbdff55E2063A9CA51b91EcE69eA3844B6763c66C,2
0xBe00b54E2225349e654cb208eA7bD68af7131043,2
0xBe0DD578600cCa43181aBA43F9876817F5883E71,2
0xBe0Eb481C26014Dcd255E3fBD0c13D384CA58bD2,2
0xBE0f4e4dA4Fbd473774f47E1dF94E0F3AE134Ba8,2
0xBE1468055419415f88ADc460f62C297ad0616f3B,2
0xBe14AcD083AA3772D2746042Ee5Fc524189d37a4,2
0xBe1EC24BB1B175394fa0891Dc749Dfd2f71E1c57,2
0xbE289df3f4E414dE86A248d06E7A4baB26B20e46,2
0xbe2c939bf0842F9C810E266f7A152Fe400D31BF9,2
0xbE3300F76B69182a80519A592DF4503EF0fcd867,2
0xBE3352Ae7C20161d4fb1D0Dc2aad099227B5F246,2
0xbE38D196D1378f8388C94c3ED73c3c11632eea7e,2
0xBE3C90D34b757587C62852DCd57f7c8E1bc5547C,2
0xBE45344b0CeCC06E94A71c80058f8aec7252F5f7,2
0xBe49601009c44Bd6Ee6E7dB9311a8b76Be65A5bF,2
0xBE4d16F3487591a1BB88C97dc25229Aa5e7d5b12,2
0xBE539Dcce12D51819915f2266606d66ef1c74A0D,2
0xBE64a2995B216209520186525C062B8b9Ca2628a,2
0xBE651dFEEBB2e47d34931cb824DA6407d94cb718,2
0xbe69F4FF33b0b04a165f9b274a58cCAb40Cc4263,2
0xBE6b2Bf91e3c28d104cF248A8A26E894fA5BE767,2
0xbe6d777eb0D000d8284234C0D8D943c48fDcF923,2
0xBE7065e18bbE61b157D3f634ef18DC4AB48724F6,2
0xbE7bb8F949B9F189d1423945211bDF05b55A3cd6,2
0xbe802353310C7a9AC351bF8397cF68a3Db74540A,2
0xbe821F03701a98C2f3fe900B5c0753802f9FA4De,2
0xbE84042DB5223f6060C971E3FdF899396c7BB64A,2
0xbe854114c35a6f086532aDD71186e34669600b6a,2
0xBE8c41a86c9eDbFd00F8b1b13Ad293b64d2c9846,2
0xBE97d8cb43c35EB053fe08A02d730AEe2Ab3A0cc,2
0xBea9a5105cE1fa4450257cE24941361DAA3638d1,2
0xbEAC7d2E0906b855A06935bE991a3634Dd224a8F,2
0xBEAFaD367c63D88DC0Ef44c55eb3D1e2aD5fEde7,2
0xBeb2E97E757E3d723a72E08F2de46071B0EEec01,2
0xbeb72B567A4fE8F7419Ce7a42Fc0CfAd315f2D22,2
0xBEBF727d77B72370f190Ad258AC202C8B5833333,2
0xBEc318FC920D603FAa9124aCef46d83c3ed0673b,2
0xbeC3d0eBF7F034a3eA250E217274C51e982b28A5,2
0xBed6648f4E8e2479eD851d0ad41D09Bf8A543376,2
0xbEDaA6F39d8d9dB5D9259BcE2cBe491DB73f5F5b,2
0xBeDAdfAB9BDF0700e6e9EfF7e8BBB2B8991c550d,2
0xbeE118479E293bA90BA0a83C2E442069fB0A3e0D,2
0xbEE2D469AACB46251aE33Cca91F482e26c971dFF,2
0xBEEF413c07E05C7E0f88D1A30473650e2Bb5C458,2
0xBEF70c5515C48d21Af7492CcA54d7cbD07469753,2
0xBeF7d26Cf0A27c98f359F59e9eba14E56F8F4087,2
0xBf054dbc4e46B8bb2E08b8343AfAf7E8EC664838,2
0xBf071f633150f47B31C45Ff7D04f94F06F39974A,2
0xBF0DDE20D93437B6500F17d88a58188a7296D39D,2
0xBF10f21a765EE1211D55EE1b0342e97870Ebc547,2
0xbf1d15537e580401F1C20D8962618025d3Df5DCB,2
0xbF1F0B01Da96c530aBb7626928c7301eb718440e,2
0xBf2b729E3cC47ff5258878Bf15a1EBe2812488bA,2
0xBF43c257e81AAe868f0d8b4bd958a50f76671B55,2
0xbF4500CAaf4963540293059C2B180ca840A5e897,2
0xBF508E3425fFD70eCbB1b1A7DbcfAAC70f97C2e6,2
0xBF566F6Fd0B44cCb14245d5D3FEF555f6DdDE5C9,2
0xBf567b7c88B73F2C5ADa6f352452641A94C47Fe4,2
0xbF5Be25A765475c4d10Dd8957038487bA973D2a0,2
0xbF66030C5B6BF2D957c780F4b0813fbce10b115e,2
0xbf68790df0A7f71c835AAfce18696f499bc7d7A4,2
0xbf6f5f43A3c8096150e55C5D542B9070023A2c63,2
0xbf700c542BF8eD0b6C33B2169f6e7C89b7Ae1985,2
0xBF7baBfA1Ecbb72c7364Ec28561A4DCC065329bd,2
0xbF7Bc7e209FDaB8db8A09061709cF6C5E057C4f7,2
0xbf8cb8E6c88386b1C3e263DBeB1Ae1E3AAB95415,2
0xbF91d42c910175DdB02FA0B8eA3552E8AC95708d,2
0xbF9503593BF15978c8A73646Dc95F8882Dc834fc,2
0xBF98e5FEf825CcD68dcFF3cF0a766faB413D6207,2
0xBf9B943f0cF21a80Ec3A5F32eEC077dc9B5f955e,2
0xbFA04D81bD7CA1039CA7b22B130a6fCB2a14D718,2
0xBfa1A456c772B839800915dA140Fc1d1Fd7f0bd1,2
0xBfA4515a448f007a508c2d075883ea0aD313785e,2
0xbfA96786644ba5b1131676B69f82050B986BFCD1,2
0xBfB10113e1e2a21849a8565Ba19e06DBe8902D34,2
0xbfb1605a337878BAE7A6AB9978bE0ee831Fb83ee,2
0xBFC04B12745Cb648CD0b174d5b1416Bc5A393167,2
0xBfc2970b2bF8BfF498d997c3Fe2eBf1403a0557d,2
0xbfD6374FC711b91D398b52889FfEd774056F15E9,2
0xbFd89909FDFDCbAd20F000D8A4bc3EAABfB396b0,2
0xBfDE441D66a188a30F7b3eeCEF66f13C3D1FCC56,2
0xBFDF74CFB4f68C3405D2bA7DD170b17EbA7Ffb3d,2
0xbfe0946F86F56F014244D2A8B19AB893E5318628,2
0xBfFEC90646C130860468e20da2a76492a695114C,2
0xBfFf96e537d5E9A7c4FE65C687C83347d49C7002,2
0xC0065E1CB3d933924473749f8B5021839F5E5a82,2
0xC007ED8d5f1cB904Eb4C5acC6427a593dd07b797,2
0xC0085d891577fdc3F120A88eDC67975fF5a18C3e,2
0xC009447EfF4E21140D75792AA1c87C8d60a7302d,2
0xc01364BFE50bacafEbE57B5B39bF8eF5Bd3B40e2,2
0xc017A841C76Ac317BE3773Df84Faf770D5097806,2
0xc01b5381Dd9887E89A17B3313c0B5bd2AE7AE9CC,2
0xc02D510b72c88D4eC945458CaF8267B88bF3a914,2
0xC0347459C7D67B1a06Af733765CEA9478913ad70,2
0xC034EeFF5DeF6603B299409D4576860bD8D249F2,2
0xC037D189FD9c9c7857fF722D4bEAE4071756Fd11,2
0xC037da938A0fd0bb80F4fb4B4B146131953e2492,2
0xc03841c2A7F47567128975128ee760047ce31309,2
0xC03B21B7c81449Ac0603F36Cb95382bA32164CC1,2
0xC03d8DB64dfe98ebFD94a84bc1f825CAB90EE15B,2
0xC040C7e5Ba06e3F1AB5d1f45cc57Ad3F997CD0a4,2
0xC043065c782955AF880EFcEd6573bF779aB666d3,2
0xC04c52da542709a297420905e5f83BbdD5855AD0,2
0xc0539594fF0f23C7070691f9F64023Ecf951CC06,2
0xC05B6Ff70D990860ec72Ba5Fe9693c25Ac5dB081,2
0xC0603f5cca3d74bC8049614F8089C5A165C3160E,2
0xc06156b98F04727eD5137b51a728509128D3bc03,2
0xc065d6b2ddD88bBe22c135CA2e0917E335005DcF,2
0xC06b9d64016F527Eb6d5c831E730a5CE1295f99A,2
0xc073B406949e59363dAf6b676be886608Bbd5dBD,2
0xc0749b740cAe8768b89547fEdbC33eB45afC236c,2
0xC077107af1B6c41AA70338b7352CEFFf7bA78292,2
0xc07Ec5F802e606b6A67065068EF99eD3ef583317,2
0xc09370211b8B1F2F0Ba1786F59113b73c53ED753,2
0xc095142c4922a9d9df7775DBF8002B23cdeDfC00,2
0xC099e2Cb1f18C66e3bb82Fa0c1145E2883541863,2
0xC09BcfD8E654681d3D8bc5eF6B8cB00cB5363fB0,2
0xC09Cb65F3FD0Ab831B1D43752409f1Fcdde8892d,2
0xc09D1aA3a4Ded479FE9bF76cD4DDbe0C5279c6D2,2
0xc0Ad8592b825b85d56e4a8aF2C842463fBe76c4E,2
0xC0B958Ee2Db281C16452B8300F44f590e9dAA61F,2
0xC0BaFC6Dd13319fdDf3d721e99965B2f1fED512c,2
0xC0c13902447E4E4807Fbd422802fe9e6BA82E68e,2
0xc0C7C19502b20Ef9B6F6B42426deDCa212f6F708,2
0xc0c8a35770C32065E87d62b41bA203dBd2DF519C,2
0xc0Ca33F8622Ef0557d22b4448C4bdac9aa377E24,2
0xc0Ce87840f0bC1E41C31bB85B7E82Fa26e43F7d2,2
0xC0D2cc7C6dBba837142aE4FD2c7C821c4eCBff58,2
0xc0D332df77Be14339f6467A4238219b5eA1190Ed,2
0xC0e0355783fdD1CDeCe47918DA42dA8618d1889c,2
0xC0e08520F3Eca4b1D863D07E1702721be0CE745B,2
0xC0e38d1661A6a24c7854022716a7eE0186A4719d,2
0xc0f2D35B1b21C0e7703049096ca01fdF45BE2609,2
0xc0F482a0DE764CCB3702eb8804D1af5efCb18a8b,2
0xc0FdfEb9c4BF4C95C90063757b2Bd3e5ECbd3698,2
0xc0FE1769e63125FF277D8a8E72267791B614Ffe0,2
0xC1003C004bD8296f5f1df358D4B49eadc5b93291,2
0xc112bCfaEa63D410Cf16f3E56E0717ab7027BA04,2
0xC112EC29825deDb8C5f9c1ea7a2705302C36E372,2
0xc1165124be8DC53A3826A1AA1B6643e9138d167C,2
0xC11b718012C95E9249CE46Bab15790E877382B9E,2
0xc11BbF56DBd2147c07Bd9fDd5d16Fd3D0e899999,2
0xc1204Aeb560980441C8A8255469690b8F42C4Ec4,2
0xC1254fc2cCbAB582842c27C61664a62BF8679d48,2
0xC12A55524E20a873AaBb2181414a15D83E23e0F2,2
0xC12b9Dc5D2CB00f80cF288B0F48Dc89bdB3446d5,2
0xc13a36d61C17E7FD94d04c5a5Ad5A3adcf0c744b,2
0xC13ca98Dd8B4c7145BF70a34ed9c6b5A5DE6e64A,2
0xc13f5F6a9ADa457ba2F9467054A3835E27aee104,2
0xC1403D8401F2f3920aADa76cdfd6dE5756d4D394,2
0xc141d82f6Eab2A14aa343389C300Fa6941B03A05,2
0xC143e085621Af6b82ba18De3dd794B31179f4140,2
0xc14Caa8772375BA5cB75ac75E87c1297caD0b3ca,2
0xC14EB4BB6cD07152d458243199E2F6EeDC997be2,2
0xC159da098dfA62153f9F12A2f144c7Ec02c2B782,2
0xc15b4d925e1d7CD50112476a0CC1730812A6816B,2
0xc15b9AE4A25FB2B52AA3Bc83B0197D1Bf5Af1F41,2
0xc15E011B8E117FbA8cC241C70950fC79f515AB3E,2
0xC161a9F80817CCf4Dd4F5ebC58136DbC95f77777,2
0xc163C3D069422D3C21740625C0372C0562B53977,2
0xc16B754DaD73e886c1B06DFa9D09825bE506DaCB,2
0xc16E95ec1aB86834B749f51d63EA4EdCc51504e4,2
0xC171B62bA6aD7cC0eee9fa0E959B0C5354e57178,2
0xC171Eed79D4553Be73Be4684A1105838E17151fD,2
0xC176000409a41D34eCE280253DD0248F8c88160c,2
0xc1774cCf347D16327B8383694bF11555fBd80120,2
0xC17D3f650db31c541E888C42c9457635CfD3F980,2
0xc17e79a10314C17582CF9E2434Ec3Ba75E849C7F,2
0xc1871E64ab4f4aa0ADD627B32eE4A49B9C295C05,2
0xc1922cb44E6e8dFbe7A13Cd9D68e922b40CB3798,2
0xc194cbBa275824A007515251D260d3D4BF862843,2
0xC199ffAEDD24C4F86f4E1c45657dd33B533Ba144,2
0xc19a96F445A6f66Aa4c240de200811b2e6107659,2
0xc1aa76389F5DD58690f8b009575d629B8501c787,2
0xC1aB31b0d44Ac396F84aC2f687D5e93a1208c4f7,2
0xC1Ac9Afb8B8a38D3A2E96ED32feb354165f900B4,2
0xC1AF1C83bD3d8d5ae08AdA1d83E0202e7967f6D1,2
0xC1B0307fF325527511310c7d6fd3248188742F86,2
0xC1B081b0608CDC001024BdB8Be9AF4dA65474092,2
0xC1b4efe21d738603baF553DdE0678D148af366bD,2
0xC1bd8020d08B2A1F98da54f1573A54412d99c609,2
0xc1d02E548128F36EAcc7AE6EDED51BF2B193Dc3C,2
0xc1D154f4100D2c2FDA8aA2D48838aDD2C4834D30,2
0xC1D3F4385B047E3735511AE4bf2d344b0cEa4F63,2
0xc1d9091eaDb138bc93577b61F51Cf76E579109c5,2
0xC1DDdeD0567D0146789a883832Fb12456839641B,2
0xC1e6902198bA29B5A79f11CC8Dd66692957218E0,2
0xC1E84eF02e240eBcEDaD362B20DaA62ACf6E92a4,2
0xc1EDa69B95DeDA0837D20BF53967aD37dB7ABaa2,2
0xc1F8e0A9b89bF92a274455790E0AE686AD6969D0,2
0xC1F945312B9Adc344D0a0B5796678C33d415546A,2
0xC1FE60196648DdE45f1279B19A78aBe7dFfCB32E,2
0xc20b36dF86d7a68B4Ad82d3Ba5C4423A0272Aa5b,2
0xC20be20f9b6a54F89F3A505A8F765eFd2Be5DdeD,2
0xc20CA7B5e1F75f81cCc7abF4437a988442cd2fc8,2
0xC20e318fe1830DE929bB8eE57F6209a89F0ab00F,2
0xC2111aE5Acaf9405244b2f2651d1eb0d467C06bD,2
0xC2172a6315c1D7f6855768F843c420EbB36eDa97,2
0xC21851684fDC3B56e9Dd556B2dCf6FAAA726d6cF,2
0xc219bA31c11A86c7E78E7AF7f989a3255f4F0421,2
0xc22197cE35e07Dc4F2b763DcC0252B30Ef4cac23,2
0xC22a3f9FD0A23f4Eb26dD93d0a3a9521D689018c,2
0xc2316751a0587FfDD450427bf3BdaAD79729f08F,2
0xc23266874B30f114b1BbE70753Ed770B1c01a38e,2
0xc23528fd83bc701B9bC2D5012F592180f95B2E0C,2
0xC236d48C63FF22339812cb359da9b8d75996664b,2
0xC237A2aC83a8474b067294ab69878dFF0Bcab0aF,2
0xc2394ddB70c87c0f61f6Da975aE6C1aEAe70fFaD,2
0xc23f1Ce22c8F68A6E184310a4d053398E21A110e,2
0xC23f36673027c89b4937fA27D8ebC70db8081370,2
0xc247d4BBdDCe8F4C173206cC20D8662F1D3E440D,2
0xc24C9C58afFc5bf3273139314f717df762d1C6CA,2
0xC24CaA0d4834171ffdf35E34FC39b43757187b0d,2
0xC24f9E0B78d67ec69393F852def2A65F32Fc7d2f,2
0xc2523dED5Ed0bbBC0DC533F18719aAB5Da2CD6a2,2
0xC2524EeC80896D8bAB009762C5E77098556804e6,2
0xC25ABCB974c2f545E92F93Ae68d58e21e378F6f1,2
0xC25dB20e7BB7c7DB1Ae7769D673dE38BFffDa406,2
0xc26650A7deD87408C92A915194f9046413DcBa78,2
0xC26e2Fe325054C5016a27E016e508613cc35E19f,2
0xC26F806363d0aB68bF3F1C18209cA2B86f334c23,2
0xC279b6fF1aC48da5588656DD519E4426CB33D77d,2
0xC27b7Afb09b3751348949d91679EF69DD2D1da57,2
0xC27f8E35E704deCF1488094CF0596D835AD3f123,2
0xC2800adEc3c2b9Ee4EC8Dc4d0bdD91b6b948df0D,2
0xC28583E9e2C26DFB7bd03fA6BfF6F8bB1Cb96fb4,2
0xC285a8A3c97A2d00AcE0a86B8494CDd03EDdE6F0,2
0xC2948210e677C91110D312969f5451e31f2957D5,2
0xC2978441F46a76c60e0cd59E986498b75a40572D,2
0xC29b132DD2cb0d2979E920BB66a3D1bAfF135b9C,2
0xC29f3F2f12a2b1EE12f84B08d3AFC21fA6E9AAD9,2
0xc29f4736FAA28F78C8d4d2a2570a4347Cb4020cd,2
0xc29f47DFf0D610956B4E8cd29a959eEB333B911f,2
0xc2AA596971dFFc08f1f630d464d8bC228c64dFC0,2
0xC2AA6Dbf0a8D8193D6bC0e5F33f81ddf5aA5A082,2
0xC2b7458Aa565Dd93951Daa4D6Dd5D170FfE4A44d,2
0xC2C11231028AF447BcBC8259649c63FBBae70505,2
0xC2dA91Ff69072925F0f00908D357DF78B227ab1D,2
0xc2Dd39c9928e4e8Cd1b66a4964aBdC46A6A1e15A,2
0xC2DE8595BA1dFCAeaAe261B590A76B369ABf518a,2
0xc2EAae96AE73b67A687b8eA62C4427c41dA4D7B4,2
0xC2F11fC5a3F275fe1Ee7037708A18BeaA8733333,2
0xC2f78D1530ffAb3743De70Fa24836A9a48e55058,2
0xc2fC6643e582077F54fD6981Cb5FedC90c6D4E64,2
0xC2FfeEf6276CB30325C0aa07499fc3F20a946698,2
0xc30e6CC0a55699f5331fad1328b0c41556D8652c,2
0xC30f50fd74259B9ef1eDB705244e737f5A39d3AB,2
0xc3150c77428542bb64a7a2199c33b1Bdbf56B386,2
0xc31a71e26823f4bd53B687dEAE00f1fb1fA498fE,2
0xc31c827F5C59E41Cd0E9E7F9179770dbbF7bA241,2
0xc3284dE6166E65C174F7205D596587652cEAF919,2
0xc32EA6B584CD21e2594dC28Db9313D51869980DE,2
0xC33f3D119FcF9A5293f1707e38850e087d07aEfe,2
0xC34707b0706E5c1C5f7C037d34e635F35A54b0d1,2
0xC34b2DE2f7d84BCba93A063112AE542428d987bc,2
0xc34daa784E2f6792cF348ac363D3e42Ef32b7164,2
0xc3511697BE5B9d4F6271AFB3EdCCc35362220a93,2
0xc3562524b715c3c830b1D484E7E6B2Ecb311d267,2
0xc35703DEbd9ddE4bF435862a0DF0E1c6F55085DF,2
0xc35e3f52213F568B1cC55754B85DA5c59ca054Bc,2
0xC36b8589A6aD779044FB87a72166EF6692Ad9ac5,2
0xC36c80e794A371Fd95d740F732385EA53454e0cD,2
0xC36FB04Db65EEfb442041FB994F62E2f6B91588c,2
0xc37690D82157653632d2D47B43D1B69B5d22EECa,2
0xc37C9a15Ad7c2826E949ecc853de47A19167D670,2
0xc38279c15ce70d408b1670724383B56C54253bdD,2
0xc38c363A9Ee0472f42e83702Af668e9458532b64,2
0xC38e07206018140040c940A8cb4102E76C23CB16,2
0xc38F2021b6b6349b8f662B7f207D84Beb7bC8308,2
0xC3913A42E2539cdaa93B0b40B22B0BDBF421F927,2
0xC397D9378327a4cBe9ebACF71dA3A5B7e85e8261,2
0xC39dA322c453D04C03328F76BD244607D7A48597,2
0xC3a46637e09CcF92229d9Be53C73eBcd27f0A5ce,2
0xC3B2E9238b90cfDcd623D4B8B189F72377264De8,2
0xC3b4B3a5aA8AA0C7C24b526B4049182eDF4F8633,2
0xC3B4c774080e9133fc2829894DEf07f66999e7f7,2
0xC3bad01df4a6e59B58cd998deD965A76A02249b6,2
0xC3c75565b51Cc6d165A535b01dCdc2705f5f6823,2
0xC3D4f1e333baDC496fbA68923cD12Bb11CcE7B79,2
0xc3d8d92C9afBaE9F741361e4a6a5cC7428CD52Cd,2
0xC3dBaa865c93BbED2ea05aF45eC3dd2Cd76E2472,2
0xC3E33a7D1662785B1EDF639200550FAD4a4a837f,2
0xc3E828808A07695cF4182c979be2EFE86cA0b5d1,2
0xc3eB589b435fa251E6523B81d57DE25fd6Ac9662,2
0xC3Ee00805eF3C7d0Ac936590eDec4CE38eE62806,2
0xC3efB261777B080fC8233118250Eab0fc1afEBD2,2
0xC3f1D077fa590018d3924ce8dA1a085b4eaE506D,2
0xc3F409E1FD65b45D2948c90577Eb15A863954401,2
0xC3f8233913e773B14A93b7df20a288A2781bE7Fe,2
0xc3fe74DCF11c13859Bd7925609e34D85Dc79b9b5,2
0xC3fF4F359A419F3Da91fAC89Bf4e64A8F321F101,2
0xc40182E95afFdCeeA776a35B1896682f9590b82E,2
0xC409aaA45920594E1c3687dD351F6199f4be99C4,2
0xC409DE9B341DBAC065359cF053c3572e4976531b,2
0xC40dCAD571ee3F4Cb423fE5cf80bc897FFe3909f,2
0xc410C8c596f070Db1a7d1e4a0711328908e5ff9B,2
0xC41A639dCF92DFfa7f724cf7D16281b0AB1F3aB9,2
0xc41ccEA7ec08333dc08903D3d5e14583B567234B,2
0xc4210bfD73206c3208ae1F0854ee146Ed8F1271B,2
0xc4262fE14cFA33B5F82B45Af1FfE715BC427314B,2
0xC430B74DfF3DA5F34599684e38989dF3820b2f5c,2
0xc435a14B648B61d79456b4bd0C50a49C9E94F251,2
0xc43605CcCE8D05C64988444e7E75f5488dDF36AE,2
0xc43eF15BDFC30F6DcE75e12ffFBfa5F849c065E0,2
0xC44087c0B2442d5dFdB5E6797AD2CcAEe5c031a6,2
0xc447e2Aa6Dd15baC8F35105BaB1BDB7ed2EFf8Be,2
0xC4615C2B73fc6136261aA8D7c095D5aCD4044444,2
0xC46410475CD3F91938D960995D7853Fb5bA7372f,2
0xC46A6352d3c2F503110eD57279d0c30547bfD642,2
0xC474701Bb7169b938c517daAD4d8527d111f55eb,2
0xC47db2c126F82D87D0bE8e3484f06642808e939b,2
0xc47ee91490Ce9475603FEcc905BFcBBDEB57Cd26,2
0xC47f93842541f0d57880943580770855a5D8a649,2
0xc48385e349d2eBFC8FD2d6b6556a189aEEd9b9cC,2
0xC486c4AdE7365e7e35EC0f46d1eb098cfced718D,2
0xC48962772D334A091f15170c3191A5140ad3122C,2
0xC491a1A356C088a4089EDC71112E7a20e3926d43,2
0xC498feb19Ba49bbF80badD181641993Cd8c3695f,2
0xc49C2900A2722C6fb0935DB945D2Ca8504e41028,2
0xc4A1Dd395108b01259f63f3Ed4ddfc5E026Fb50E,2
0xc4a29DB0C6caef72883A9DaAD1ACA2616a248Aa5,2
0xC4a843ddF533540474FDDb7a9a03342348f6742B,2
0xC4AFc0DEF6c4aCD85B33c9b32c520b3DC7a178f5,2
0xC4b1C48130E82Cd29d9635BA03C837859eC73490,2
0xc4bfda35a5057B6979Cc787425FC05b108ECd370,2
0xc4c21ff5D9177868bbdE1064a01873af1050c3C7,2
0xC4C77161Fb30b91199b6a13C3EDb8041337AFB84,2
0xC4C8A8041705c77817d00ea44fBD3958c1F4590f,2
0xc4Cc437f1CC9154066f98d97f4451bA09dAD0199,2
0xc4cc90D0448F25BC3127C170625D20279b8b55d6,2
0xC4cfA4542e7A772445464cAd59B00bddE59D538E,2
0xc4d76e769de5A9b5123596E9F32d0e47A7aCb4a2,2
0xc4d9923d22AccAE1B8CbD5BE3883387e9a8eB393,2
0xC4DA216c43db9dF603f38c341c629D463B0cE50F,2
0xc4DBB956BA6076ee9AEfD76EdcBe70b468037aA3,2
0xc4e55cBE0bdc28fcA6D0fED614daCFA8302aF6A8,2
0xc4EDFFc52608BDa2aD552E8455fD257a6bf78991,2
0xc4F3210EeAc766C9E5309E9bda7b79d4EdaB6a99,2
0xC4Fb9b3EAd61E773315Fda6a089369315F138319,2
0xC4FC1b9808097192E1B4B6e641446343eBa30dB0,2
0xC4fDdF906815225a7748046bc4B8e2a4f12477Aa,2
0xC5176092d7561A98d46CC15E71B0a2F5c22C54Eb,2
0xc517856d2F24fA9C4418DF8946e2a1AD87EA5208,2
0xc52c6d5E46d5e96ed65Fa6392d94318364fA9fb5,2
0xC52CafC7f2BC2eA38e5A10f7F096C0Dd61E7F6c7,2
0xc52e919717838044D1F3F3441aa973A4cC20e91a,2
0xc538fA9AB84EaE69a83D7fE08C549b57761f2a22,2
0xc53b5611b998e1a31b2Fb3C0A3717c379dAC6053,2
0xC53bae370d80f503f9f98620baEd997cC8760816,2
0xc53bC84A8B190fd6Bda3cE0c42801EA02bf58B28,2
0xC53f78CF9D0cF7BcDFD260CBB43708269D5Ab70E,2
0xC5403E14799018dFF883968c05791E7ca0C53681,2
0xC542BC2Bf1701f5fb4275705e22a5C6dEa5a6c36,2
0xc543B04A6c36Ab76728BB1aA43b80E39E4742952,2
0xC556Fc6ae3c354E070b4a1Ca384044ee7Ec3664D,2
0xc55b91764CbB856605DaE976b6f313Dc524b6Dc3,2
0xC55f17a3463df7F8104Ef558686Cf89D7dC4b1Aa,2
0xc562E84535A6C4ed40d3C877D30dF49a22D326a5,2
0xc569458A83a077A9c3340bdA5275B3F387Dd7b4E,2
0xC56f83D4Be48b7757Bf9C94464210c7092211111,2
0xc577139FAA442706B1110B73C60c9aa54bD32C9a,2
0xC5775f342ec57FC937DD9e66d19aDbdC89f8912C,2
0xC579fEd3a04b0F9bbBc435eBc335B289bA5F68f0,2
0xC59b578339987B3fC636e7174FC189F4F8332786,2
0xc5B04a005A34D2555291BE7567912B97c07ABC01,2
0xc5b2099630415D9fa4A175920Cdf119465d9E923,2
0xC5b545474874cC4aE7EFBD865ae3A4940242aBEB,2
0xC5B893E7EA06A387D17CEdCFf8c533B802f44444,2
0xc5ba119eA010aD89F2231aB36C3353E58a5f0e06,2
0xc5c014b126854E7Bc1d1b012229EEF6BbcE82358,2
0xc5c0A2ca888D28A2F9e40B3C27c626Aa1DFB21DF,2
0xc5c7802D7660Ae63198A39bf3B39AB84DdE91f2C,2
0xc5cEA4aA25b16992A9465F661d552bC6Fc540391,2
0xc5d06d3465064C763B79c6377824bdC0f9A6a3B9,2
0xC5D0E7fE732B4EcBbedC19238aDd2AA1A755d66C,2
0xC5d1163209346C9A538566f706c6BC8Ad68c2FdC,2
0xC5E024c768711244F3ADB959502804C2bE6F0791,2
0xC5E4897CC059a8de7AcD7bc3ede87732b811Cac7,2
0xC5E8B0Be048766Cf7c5013866527C87e397A22C0,2
0xc5e8BAe095a8e929B45DfBB328bBDbb8ac97DCF4,2
0xc5F8B6F97CEf80AD7Eb11924A57DAE3cB938C555,2
0xc5fBa997b8eb1Ae04a6175DF16dbb11B7BD11111,2
0xC6019a94eDFA6506bA378064D70D84afD84b2cf8,2
0xc602fC855f7808F0e4b28e544eE9f52519C93a46,2
0xc6048e46b00eF5473F95F66627140418BbC29b3d,2
0xc6102e73E86bb39235ca22eCceeE964bf56bf459,2
0xc6141123C2b5C624bAbEF70326bB0fd6F7E0f2c6,2
0xc6275CDd53F46d2A3C355aF8E917Bc9c9cE82017,2
0xc62eD5cbc83Eb8370038D74817628A42757C39C0,2
0xC630c5E9B6117C88dD6cD6fCC7418E2039727136,2
0xC632DfCd4B515b08d7C2364BbfedB6fD3a91b483,2
0xC637c461f29fBC91c0922bACbea4f099915a30Ea,2
0xC6390eE678F0685De3836Eafd3F4AfAAAeF28a68,2
0xc63e522d262E3E90d78C7053346C97eeDD2F1125,2
0xC64a7a3C01296b3A37B8d8aAa31246021175b5e0,2
0xc64B77Be9DEBf6c1fE4cCc0AD24ADD9d28D6CC48,2
0xc64E508a5f25BbA2063663628D5dD5a1468c988d,2
0xc65612cdB2DC944270b71c25b16E407943D2D62d,2
0xC662cB052d1BE8018F347D4304F438c61dD37Ebd,2
0xC667Dc0cAe516DB664fd2794576911E21706b787,2
0xc66dC39F2CE742Ac0D2282F8C931096b0dB60d90,2
0xc66DE8186eE494e138DCd12A77658c40fB259985,2
0xc672604D798d8cBd0cf2cC654099F82bD02647AB,2
0xC675ee400500CCF202a58DA42CEa158c2a2E5766,2
0xC675F5775F59Eaf44791b3529D0813a779148CF6,2
0xC676cBc5C11914Dcf54e4f6f5cEc778Ae18DC81E,2
0xC679b15079045362D0DaDD3222e7dCa770c58A3a,2
0xc67A1Cc5de12e2A64C9Cd9FE2F81d7C04c21e709,2
0xC687FFD8eC84b0c7598a5F134B70E677Fe32f701,2
0xc68aAec30Ed587cd49aECFaf42c8364806f5c467,2
0xC68cc04c7f19Eb5564d9D75D03a55Be29947b3B2,2
0xC6A1f6d83A07f7282D4C0141178Cb207E8eD2f34,2
0xc6a26A71156C65357e4971816258b93F5fD387Dc,2
0xc6A5FF80198B54BD921CF8b4fFB7aD89Bc40F527,2
0xC6B1306c0a0567e86B44ab63B6eE4Df3FEC1c1B1,2
0xc6B4a892433A682Eb97DBd6CeBd9372b0f0fE05f,2
0xC6bd4158129861b2A1B763eE07a7d84e0d30978b,2
0xC6c02957be4403657500d14430baa9D2031B1db4,2
0xC6c6823ad6828fc9BB7AB3931e1862d09FE3e7Ba,2
0xC6Cf9D435213584687C933904a8a4711B95Ef105,2
0xC6d63e29d4f10c04Be54aFaFe1A80347b3A905e1,2
0xC6d911dCf9b84d5Da87B7360b090D6938f7972aa,2
0xc6DB1D4326ef4C32c5B6e79Fc27601eA0437A2ff,2
0xc6db7A9CA36065fC8CB3b48DD92E2f1366ceA682,2
0xc6e06e8161A5D595C38Dc07291426821AEb716ec,2
0xc6E3B4F88bB3Db5EFb87dE4c1d69e09129309B0D,2
0xC6E8Ff2b228fD347499fAa91A1Cce4a7707b8d0e,2
0xC6E9AFd8C6AB2BEfc7EbfF774EAaEe3d7eF72145,2
0xc6eb7f2f95e17Cc379bF9BB653818Bd8FD4cCeC7,2
0xc6eB8eFfD6DF3E381a7996D45B2C28ba6A0C3Db2,2
0xC6eC994729E1dEFAe73a11e01c9d6C30be79527E,2
0xc6f353D2f993701e13D29dD617d530eD9d3d9999,2
0xC6f661e82b73897656d94Fc9BD0366f7478eda6E,2
0xC7042e62aD9fE32C78E554B5f0b22ed5378382dA,2
0xC705d60B6d39d6221aa074B10CB61933941F1017,2
0xc7085B6b064982f61FF29918470c8C769885CA6f,2
0xc70914060d5ad796423580DA0720F98C55779546,2
0xc709fbF9C602db9c81ec0D6bF30Ad2E2b4A7D0e0,2
0xC70Aff2Ab0762651F09C3D115101520Bb373c1d1,2
0xC71117d253bAd0e78bA3145b3f8595Fb873698e2,2
0xC71CC6f1d8B6D1b0ee55cfc70CD210b2bd1BC506,2
0xc71FdAF39193D1B9E002C4D2BACDE6251346Ded7,2
0xC726060e8872f75A7c6f029638a3e5aD64ab5881,2
0xC73535d30934eb9097aD197Fbc4FE18D8701BfBA,2
0xc73553CD4047711C3eE2D0e1Af513AA5C6653000,2
0xc7370fce13200FB2B25edF6e3a40BA89c1872a6C,2
0xc73A8e2452b9a4F3ec582fde21c91bC1ECb4d48A,2
0xc73a9146e6192D01Dc77B0d831eB4b9A315198E4,2
0xC74660Eeef336C32390Cf5E2B37dCFd1E002ab75,2
0xC757A388E13eC1ace46C5fbd0e5EEA4a205B549d,2
0xc75ec85e184ABcf494A82768a1890480a6920e9a,2
0xc7688d7AeE670837B595878Da1419A45AE5799cA,2
0xC76c44bC42a5f19d886E79cA96199c4F22a2D73c,2
0xc76F77C16dC3b09De86Ae6D5a4C7d8C9FBd9836E,2
0xc773f14f9dC552E8b2e0074f8d705b2eaB6C58E4,2
0xc77Cab8c540359C851B24323FbEd977028255731,2
0xc77e3CBc3d344b579365a66c867B1E56d05b6Dd6,2
0xc783a2839F18dA05309d0A7914D1544238132079,2
0xc7875754505893dA301CB015b94A852b5582d15e,2
0xC78bDD391C026979CC00d8fcAE663F0E5e3b99C5,2
0xC79420C6f7346035D78a3B5d948488a0E8933C69,2
0xC79B3557ECa6b3B04E77A404bA5016E0Ab803A20,2
0xc7A2b24fC0ceF9d4E2461E35677AB07D08A4aEA8,2
0xC7aB286A7D27Cad22c033f8493C238ba8337cE97,2
0xc7aec323d12404f2c49d77344cfaab2b4d82614d,2
0xC7B1c297D491048358a2823ffea27101d17fAC23,2
0xc7b297811811aab0d567a48f9f9f0a5c123f703e,2
0xC7B2dbaf01dEe326537Fa5C18B2C523CfC9e0d4E,2
0xC7c165bA3fCf9244A45977D4809202b1DC803941,2
0xc7C1C0C9cB35c7080484FeAd2d57CEDc6FDf683F,2
0xc7CFA97BB2a79b7fDC06995D5d9ced2BA1849B86,2
0xc7D4EaA22ccdf3f97228EC35aD098CFa83b16e89,2
0xC7d6e6980159ED5A7c940Eba72EFf0484b1fD362,2
0xC7d75cCDAD8C368382e490FFd64B7ee2c2a0BB62,2
0xc7D983eb73a77918d74bf7206f5983Bba734b6c2,2
0xC7dF1bd56Cd8265FC6a03E8dD1749F5466Cf394B,2
0xc7E0BBF1Ba15813EeDd38700e9AB3727663EB584,2
0xc7e15376A559BA308E7Dd1fC26Ad8D2ca8824fD7,2
0xc7eA432e27680821a24cB49A3660c739F0d7efd3,2
0xc7EBb6a1482687Fbe56c68B4fb6d25c8DAF974Bc,2
0xc7F1fDB8d7543157c70B8468161D8E5D56bE07A1,2
0xC7F6b33De612Ef19835c0DABddce3dAB0Bea6ef9,2
0xC7f99a56A492D69a5F53E02436280C9A2B503E24,2
0xC7fe6D89B88C62f81D0d1d08DEF5E933e07a4107,2
0xc7Fe8EE921f3de3a99Ef066824274b25804046dF,2
0xc803eC9e2e25251f57696C243cCc20c06Dfdabe4,2
0xC8119Cc0DC69124B6A8450477464d53a06a85Fe1,2
0xC8159cc3fa1Bd39dED3409c74cE2BB738E119868,2
0xc8163158Eb9af62f38A0a0aCb82cF7D46657CE9b,2
0xC8172e49846D2112d46dc2eF79a915E8633F5289,2
0xc819620fe48cfEe437DB472eb52B70946409AEa2,2
0xc820709e01470282fCd7AD168210f2feb2C41837,2
0xC82CB61956c39c4398ccb7A33498Be0221Fc43ED,2
0xc8379D36783338ccFE2222DE9B090E1715eA6f24,2
0xC83b1A3139690Daad9b464D92e3cd6A48436352d,2
0xC8478f8F701beAd5CA487fbDa52E257dc2eBE648,2
0xC848DB1297C7d0A35B41Df1681afE1d15BC3Ca85,2
0xc84Ebb5e53724Aa89FBb856f8fDD4180eB92a20B,2
0xC8537A80b07d1dDb343b32379962A6e2546F5B35,2
0xc860C87124e86E5Dd4435099c9d494C9F144E70F,2
0xc874a1C734227cd176F4619dC8aD9aa1f8991FE2,2
0xC88094B97C779BC8B4A34773E595EEadD6C5a86e,2
0xC8857E3beE5Cff391796476c13397435cf6b9347,2
0xC885867dff987418afdd48340de021A958e6B6d3,2
0xc88899e8A3E5326FC0214b0553540415dA3A21fE,2
0xC88ABB271a37B84b5485615c386D9f30c1e5B7cf,2
0xC88C61CfBd3871268F73BC49Bd3C1421cE65501f,2
0xC8A68e1954c1b2FC6c726249bFD0ed93b97906b1,2
0xC8A8988a9535cBb60321BEa6DD1C90e3d56fCD5a,2
0xC8aA999486dd84e99f147c98932502E2bb240C08,2
0xC8AF6AB2EB57DEe786DF11e5398A11cb8dAF6950,2
0xC8b3aAD1d2d2Cf94272aFf30B6B4281fbd9cA9Ca,2
0xc8B6B6Ee18f6c7b1CF37f777AF50a644570Ddc00,2
0xC8B7AEFc4A85BbEc9c2e7db9850c56edDd2800b2,2
0xc8B8f18fa9AC21294D0eca682e88F4EDa3177aBe,2
0xC8b939B2A79fc257614421599EdA57b3d4F0cD64,2
0xC8Bb2E85bdd46eaA273D88765895490FF3c617D0,2
0xc8D826692f919f4F80971989F2fc4d16aFA9d937,2
0xC8D9B774F920382e9b69900C9506e7126D3Ee899,2
0xC8dCbEeea7a44cDa74F85BFceEdEad30eC589Fa6,2
0xc8dD61d1533AAF783db64FeE85180317af6c84C3,2
0xc8E36F181deaA1213081A636f0b8D66dff9AfD6e,2
0xC8e712fEBaB054b3deDbfCf2c4B6B72B10B2082d,2
0xc8Ed6D535D08fc4435Fea832C78B866e7ed1F40a,2
0xc8f245a1D0edE7c4f67B4A95A8CDeb1D1d32D1e7,2
0xC8Fa2D717cEec3940e280005AD48E2eCE41Caff0,2
0xc8FA6FEcEC828604C860e9418294D8F44466AD00,2
0xc905eA749Ce7c301162470eCb534a65B063b4d06,2
0xC90630DCD4D273395035626e0c8F91fab1797116,2
0xC908909Fbd1e4a8a75fCc1d3C12aaE9392559aC9,2
0xc914C47cB8f06C0862E68FafEc37Ab289C1bda4d,2
0xC91Aff5E4506c5E6b0C4c315DdE9354D7A35912A,2
0xC91c9283310a115e200DfB4eaDB56258a9661f38,2
0xC924C84209ca83b3f3DDB1d782d187cDaE2F6425,2
0xc93bDC4E8B6E8B1941D07B4ac3442766bbA466FC,2
0xC93BF5D4a12F4aAc859305Ffb157d79A2e9598a5,2
0xc95833aF0C9E5a3519a03ED8979E4F3b5cfF95aE,2
0xc960517deE7a3FC8b1F28481fd82756023D3470D,2
0xC9752397b0BFAB1e3E1E48709ebF1B54034eD76A,2
0xC98949889B5a34430270852Da64CF4F1B13B722a,2
0xc989e04e525dcA0F093De2CA19C749348112a6F2,2
0xC992c764a5dD14dd5Bd6F662a14377E1Cf7e31df,2
0xC994Dc14f19E6e9f95D1Ea50Dc13E3fc14178B25,2
0xc999157Cd7fC246dce25f089Fc1d5d15A55f4178,2
0xc9a155FcBd61106B37E2E5b7598A6b4beD7c88Db,2
0xc9aA81477686B7b48BD3C7ac9a51C2c9FE475F74,2
0xC9aC49E1B693e28676deda3023Ce3A713e3ba5CC,2
0xc9b2F5308f8337A94A5a1A2246C0fe54aC1f4fA1,2
0xc9b5aFEa506847449B3404c864A916984738276A,2
0xc9BCBebD1065A0114DEcfd7cB08bD190C6186786,2
0xc9bf1bF4524AC0BC6F1283B50A64b179b8d25836,2
0xC9e6951361Be36E982740e4D9074017640615134,2
0xC9e72aC86B7721b87868bB6A56978EEE94b53C31,2
0xC9Ec69D0ddC11Ea75EC4b83320cbffE273138951,2
0xc9F1cdeA8395713640042C7FDdb2aBCD4Fa35005,2
0xca0221672B308f641a9781A626F25602EEF5e5dc,2
0xcA054991e2DC392bF5D97fa97e72033a192a691D,2
0xca06fBDE588a97C4E16A844494D387087337147F,2
0xca08041C511915a392205B26fd4542b713788632,2
0xCa085d10468aD97c8DE6B8f9613692879F57B378,2
0xca12FA387652a35E8d35876784D4a364007EBCEc,2
0xCA138bde51181Cc005d013eD64a32091cfE6A895,2
0xCa162AAcd82C12aB869403b358503124dC093418,2
0xCa16b6208EfA84e543D48904f853265Bc2705Cc1,2
0xcA2c9BA1993aE30593352D66C75E8B890b32F9EB,2
0xca2F01257904Fa21049B5Dd74635921CA6474af1,2
0xCa2FeC6D5e10910F2de3C29aC41BE231195E9Db5,2
0xCa31A1C0fa9C22bf690Ff43Bdf9C1571ce5b6116,2
0xCA3667E2A27dC3bE489C466401F21057C9FCCA9b,2
0xca3A1B2a77E716F04173FC172bEf47ab4A6003E2,2
0xcA3DED55853058E9976514956818f635c795a3F3,2
0xCA460b224897deC02396160f9A062Eecd370fe03,2
0xCA47d1885B0FF92389C81b65886f846d9788841F,2
0xCA482a4be6F577Cb82963C694a8109d8B9262714,2
0xcA50378EEe9e4069114eaF301d813494Ca190bB5,2
0xCA55BfEd84B023dDf3e8F92Dfa5034ecC34F3B44,2
0xca5D398BBaDd5c4f5Eb2B699c78c0608f4c0c652,2
0xca5dE658c482FB344d9adeD4336356deD284aD47,2
0xCA6069153f3b1357cd0Acf6ce590126144001f18,2
0xCa66208988781C5a0698337f3eB059065b5BfA76,2
0xCa71EE6e947332409d50Ea73C5F0f40444D81341,2
0xCA732469b336831FCbe82BF96206a8F5403b2E9C,2
0xCA8323CB2b2CFD96963ecb34a7aBc5ae172B37Bb,2
0xCa88c31ad2878142BCe521c0F8bbABebBc685dd9,2
0xca925B5ffca6D7dDB97BFdF4B3EE0aBC48dc147F,2
0xcA9fD5bAB22E00549F0138535bdE517479551a67,2
0xcaA24734ab4B59Cb32d5BA047b933B14269b8bBA,2
0xCaA67F41a8cd798AAC9453d52687dC400eB9E36c,2
0xcAB1EE41b663B712fd58fbaAE2a1f04591107Faa,2
0xCAb23b45E886fE37d8Aa606d1b8bC346B6097844,2
0xcab33a9c4Dd453E08b32c54E57518ab25072E3f8,2
0xCab3DE8ABAf935cB00A21B9B2dacC118bE815BaD,2
0xCAc1421A00F488Df85BdCeE26e65BD2435e619F5,2
0xCacB3f7186461f38a94227a9886f46e5F88a1B16,2
0xcacC7D359382ebe5FA461B8eC2b04A69778CFA8f,2
0xCaCDa9db7E4d88c4c9c0cBa040950BE12789032B,2
0xcacE64E6108fF3530244Ab970B83668875fbc5e7,2
0xcad12D3eCfb39459713F8EC057a3cFd371CfE5aB,2
0xCAD87C0B90Fd5AF17524aA026C5e396AE3B9fdEB,2
0xcad98698c3Fe196855e45a4D62FE799D0c17F8f4,2
0xcAdb0D2BD71b50E6285F3c9384f09D30F33d1A20,2
0xCaDcE0D5095a155CA7655cdB72bA62406aDBd16D,2
0xcadf1Eb3b59d9469e8B9B4594DDf608cA14A63D0,2
0xcAe214dcc97572152a667d7C9c06B39D7790EfEa,2
0xCae2c6CF56CF38aAC27DBb50aab4F9a08fB2080F,2
0xcaeFc4fb305C1d658BCe8E084D674285A1ad5b2e,2
0xCAf4CA8718AFf100Dda460c7478865768DF343a8,2
0xCAf7a7F3D66FD0aCD4D952902cf94561295D89C7,2
0xCb0212835b055A7C0Cc9845f3a152e7a0b6B2Bc4,2
0xCb0aF0Db961f26DC10318514C9a9eD8A0D6fb8a8,2
0xCb1221601AD5665BBc2536ac1697bAE584b64995,2
0xCb13e92A96e5B52a19990C8CC92D3A5424e00C25,2
0xCB140e8cb3776A4Bec10703c487b9719D6c07BAc,2
0xcb1605ED17F6145dB16e26e1D8aDfE8f4B175377,2
0xcb183d28Ba65B82c7d900a92924Caa677eC0803b,2
0xcB1957aceD986C51b84c44A90A779f60BfDbFc5c,2
0xcB25975B354F14ad7bdf2FAFBd3C1C225349E2cD,2
0xcb28e2aa54c789e55da385253ba94017b0f655ff,2
0xCb32A64a504D650Dc266B71ABc39523805d2C181,2
0xcB32B9f15dFb5a51d74E59DAF6A6799eF6974D62,2
0xCb38dE9Fa3F34E7f28176eEcB2ebD52EF21Fd56f,2
0xCb4C8156419fb233A68f005c9e4e93a8C8685976,2
0xcb531044e82D217Cc40baFD171b7D460D88927fE,2
0xcB57332CA46FC333AE8cFF1E8c485aA507C9EEFB,2
0xcb690610431bddaCDF4Ec71bb0aaa37cB7364adc,2
0xCb6a1FF7AabBE2AFCEB4f7C5A6eC7Ded94506C50,2
0xCb75f6339fB5b8329C656c4D96cf9D6c4b6A8656,2
0xCb7aa9bB2e3547736Ce5f7220E4E9f9aA3f3bbF0,2
0xcb7Ab1A08d45748fd6d956E8c422F8CF5944EB87,2
0xcb7b02D48CDE97F52743845E505C9B9FbDB2Cc0f,2
0xCB7b30bAdF8EA8B0EFC598F119c1b432b69556c6,2
0xcB7b8A1DBE163cB3CCff2fbc4E55BcA30cDA300A,2
0xcb7C34e37c165574D020e55Ee72417F55ba6dD7a,2
0xCb83C49D6e24066242567397fFF8F89d498FB2Ee,2
0xCB901B52ab4663D1a42efcbc1c3ccf1c4C403b54,2
0xCb978bE5cBC3748e8932Ef30A0c821Cadb83C0E2,2
0xcB9e249579FF574Ae7eaE4D6d9054f485B466666,2
0xcB9ee254B9e64AE3ab99350CCc8a2eB823B41a34,2
0xcBa0dC5C8Eb507ceea0CAcD6A5ef6780e2AcC1bc,2
0xcBA265e306DBc821181992E23CcA3C5FfFa72A3C,2
0xCBA3CDe0dbe164518B45E827004089303948E7CA,2
0xCbAA1fa68aC31A87778eD5D0D8dfD6d4a499D6Ec,2
0xCBb490659Da41742830124B5D6FcF29BE5c89c10,2
0xcbB7042D9443AbaE276C6977F0Dd500B66F576aE,2
0xcbBDf31665F8C803d682B4FB7FdCA88b970aDb81,2
0xCbbE524B840475B27489f17fa1855b61484D6e9a,2
0xCBc39690cBb2e5FFf72cfc32E01e479C6b3d4290,2
0xcBC7811D58F4e1AEC0f3dDB650f725ab0c06fFc9,2
0xCbcB8A49716228e93f31759500A5D378F3582954,2
0xcBd08A5F071a2Ed53A57dfcebEfAc997d647DE9f,2
0xcbd590f1a493EC1E5eA5f6Cbb73079CE905Ac6C2,2
0xCbd648a010fC81Ff5645eE73ebB47B54ABA00000,2
0xCBd8a0C14C4FF6179E3632408b799e4a823219b8,2
0xCbdFB8518D4e1FE312dcF40CC3fF36f64f594Cf0,2
0xCBeBB5B5F0c6Ca63cd450d2CF67312AbA7a706C9,2
0xcbec560DAe217B1D6303F23e25e547ce008d10bd,2
0xcBEF7C9d690F688Ce92Ee73B4Eb9f527908e381F,2
0xcBF239D36989B3AaDc83D840E403818669d53Dd3,2
0xcBfe7D2F80BC9AD9EDa5EAC7989Ce4CFA00Ec82a,2
0xcc09399AE4DA3a889D0D05A353461a152793ec86,2
0xCC1559d46A52d12a5a3b67968D794fF2ab29d011,2
0xCC1d0cb3eAD4476c2E8b5C4AD8Fa672F2cBa35a5,2
0xcc288A17781b9ec380561796e57C32F0d3afe8D8,2
0xCc2F963eF41AD6A17861a8c2BC1efa4152b3833c,2
0xcc30B1cC2488927a32Ab7eA32aC11dD96be36AEf,2
0xcC3eD322F84aa52b4295Abfa8604332AE073e8aA,2
0xcc4806534f664D0b666219E052aF08B6C53347fE,2
0xcc4985DF389c62FB31B62d9069085078F0ba33D0,2
0xcc4e077b0bf0b0a0E2790849fA84d2649e86348b,2
0xcC52B687575b76771607FF5Fc2160c9592270856,2
0xCC576d0a774a1382f51b6d9bA152e6A6E68b7a6B,2
0xcC58e0e438664A305EFB6C035bF87C61eC9360cB,2
0xcC5C7FDC3F2b53780E928Cbf4D399cd3fD336DFe,2
0xCc5e3080C2410c2bD661137baF1412B1B105Bcc9,2
0xCc5FfDAB75a3846fDC46Eff78bD9Ad9065d625De,2
0xcC61937d3E7f868bBf7cC26958c0e0Ab68eA87C0,2
0xCC661ce552Dd46919e6f82243D1A5c7893a2ef91,2
0xcc6A184C2a9A6D75fdCEc27EFbBe008284c277Df,2
0xcC6B4fB0C74fB0D6afbAF931AC5f4C1Be5b25598,2
0xCC6D2c49c1bac32b4092a2ffB6f3d6010dDaF3A9,2
0xCc6fD6B70bE123BBe436C22C968C74AAB888b316,2
0xcC71BDb247bA9Ae6eB826e313dc2d0db9B7d4bFA,2
0xCC73D1703F22aedC0E74607e19559D3F902A144D,2
0xCC8F6631d100F599b5179a0Ce8d2F85347773a9D,2
0xcC9092a1a049a2f073a76f74Cb7fD848Ef077777,2
0xcc974FF463659D200Fc0BCb66754072159b3B8C7,2
0xcC9b69F5408A5c6C520377B08F4666B734cf8372,2
0xCC9f1c26277d6C33c91260dE16960758D7B4B68E,2
0xccA3980a957990Ad7059118E6B29B1B2e16627bc,2
0xccA561948b33c5D6fd1b9FaaC189166A24277700,2
0xCCB0e7366CDfBFD471110ff02632F0542ed0283f,2
0xCcb928CE40bA12C65A47dAEC2BE4152d34f53080,2
0xccbE363A36030Ce7D8f3aF8EdA088bc217BED230,2
0xCccB4Bb519Eb58da9dE12Db1b0d6FA6a70d8acB3,2
0xcCD1442Fe8e0fa44EF7b4b9A90e9E447BB37CBd8,2
0xccD3a213Ed0c328676d1BAD506110407070Af61b,2
0xccD6b8e11f1AbC13eFA7Ff0367d801BC53B98f77,2
0xcCDcFd155d4Bfe88829067ccD702C6301Bfa4856,2
0xcce36FA20B5d3D8902DD85e4a9b116eeF2648D41,2
0xccf37E3De297Bb1Aa7d6bC90d78E6047925080eb,2
0xccF5d0F79A50a8adf3332C93074e33093FbBbeF0,2
0xCcF648A59A111118D799506E5be8a8164De08F32,2
0xCCf8b496e7cBE1a834912F1c400629A120B45a38,2
0xCD047AC286593183Be63ADe5b1cfD9eF335c64Fb,2
0xcd0Ad56edcC879664bf8242E57C473857d18B202,2
0xcD204651Ea1977722D66dE58984774b39ae5c95E,2
0xCD211569a108FdAc74d729ba7358a743a3c2e08d,2
0xCD278BF865F0eb81aCA047b7243ef4E98C7eEfd7,2
0xcd31e270b9a4D97bc01Bf652EBa1e80b61575E85,2
0xCd397f972B426204bb98e784B62b9D56BE2Fc278,2
0xcD3CBdce4E5D2c7ffF0807A76ed6c0f890b2403e,2
0xcd3D5522D1Ce98089a49bC19ac8F76F481E13388,2
0xcD4052E67aC01DE9Dc577FfC555550599150f3DC,2
0xCD441C80C64439D44ad6FC2F104F3cfecBAB23AA,2
0xcD5724b7aB2F1ADe3D23f0B123B21ac7f7836f01,2
0xCd605b8C5586Ef0b29b57aa60c2be17801A9f443,2
0xCd678D383a43BaAA61aF4Ff1207aB3360c6b8427,2
0xcD6b980029E6E6e0733ac8eC3E02be9410D09799,2
0xCD709da3df12dcDc1142e0208cB67171301A4Da6,2
0xCD7102AeF5a0bb822baa2Cb4C898809dA0B7e889,2
0xCd76E4e8D7F498A728cfAfe088fB3e6fCBbfaB21,2
0xcd77A4089655EaB26b0DC1284a0685240e708510,2
0xCd78d04bA2F3896d2DC90c90e7565Ae16133A74C,2
0xCD7DdA8B3634FB164A5dd2b90082e34e6C3F6FBA,2
0xCd800c0869B4Cfe1Ac243923dc8caf56fA112d44,2
0xcd81917ff5313d02d7Da3d47a9Afcd3f635c36e3,2
0xcD847091F9D15c27d2Aa3244221eD0A52804d3ff,2
0xCD87ed1942C9c8dbA50c9552Dcb4D6516Af45dfD,2
0xCd8F4F174aB62a3fd9017d013221718D271075A2,2
0xcd90574BC2eF39BCEbbc5561C1c9D8E42110C239,2
0xcD91f94987115564f4c31b73CCAdA84C591E7A2E,2
0xcd92e56116A57a5216d506b5D9ED0b09Ad8Db4cC,2
0xCd93a623B2094940a2cc780A79Cee72995BBc8D6,2
0xcDA04A5375fEa87509A22F9660cf0193EDD3A658,2
0xCDA4a14fB1e908f73d59aA8ABE97cf0dE6455483,2
0xcDabb132e33D32D7d2D0b3C0aE283cDd608ed5f6,2
0xcdaf7132A098Be1AEa59b31b89B6cc1367CbAb23,2
0xCDb94856Bc6DF035599EF0a4e5B38Ccb44b473fD,2
0xcdC2B0e08cd32dB1D989234b9CE3029c04D0744a,2
0xCdCBFeB22900e3d67748D6017d08017ad1291c12,2
0xcdD30dE4C179123Bc538dd674883337BD1F9D9FF,2
0xcdda3790aC15c568440458738245A1e5800F1e32,2
0xcdDD5320b531Cbf874f035f2f49f2997beDD08e0,2
0xcDE1BdC88d3a8b0cfF0aa42A55220F80C51ab15f,2
0xcde66842B220A1DD44Df746b6814ed9a74C571C5,2
0xcDe6C6D1266bd4d6d0E2E5E43E5d05bE618e3DA7,2
0xcdf5Fa78f1bcFff5549EF675a07614f5424BC52a,2
0xcDF633C2319Dab943df82c35969bed3989beB1bF,2
0xcDFaE3CEFcE39fDA91d0605B70201420d7f70c61,2
0xce000a02eCbdFbDd47a8066c9d2b9Bef97E8Ad34,2
0xCe021c3B2048f4283D5FbA7139b321B90AEC84DA,2
0xcE09309d50111F5C25E4485F1F8E7b017D886D62,2
0xCe0f70c1f49F4fB47dd6e60Fbf4C4E80c0aE5248,2
0xce137e6f6937Eb0D9972cb9fc1336E81bA07CD03,2
0xce152C6cECBe1EB0c0CCD4c526896c531a0fB0AF,2
0xce1e4f0e31F94D8D5EaBA800746DB5323287E0b9,2
0xcE213042F134eE78Ed59AFC183FE3E1E71C00BCd,2
0xcE38cbaa4b2E0Ee0e740c5A98822d28d38f0B970,2
0xce4531ca0Ccb498181Ef19C5f70CeC67822EEB36,2
0xce47FF0bd28Aa9f6f6134FBFB4f97EE8b60E9DEa,2
0xcE4eEAD69E04d28Dcb8292162b3b82A060A9C805,2
0xCe63D003D363d631627FEe4D8b1Caee691af61d7,2
0xce82DF3443c102493b374a25EE4cA569A2551cE8,2
0xCE8347c69A391Ff40B1533d6F628f84e42d33e8d,2
0xCe98504049a806d6f0b9e5909Bb42202a31B3d58,2
0xCE9b58EEe115875f110ace29485EF4D9bB577105,2
0xce9bBaf71B7246f089eB0D07ca79EdCd139D6CC2,2
0xCea2779DBE14af0b3c200a3D91bB3e1326B16994,2
0xcea289bDA3FFb6a4905Fd0D5a443581DfBA854b0,2
0xceac169060BE1183964D468dF42C919EC2a0422B,2
0xCEAF8dcB8696EF7A972b583905E2d1CC2C43C77D,2
0xceB247c1e21fD6d43b8A10081650d601F457F220,2
0xceC37a0147A3b3237e19c747e5849b70FD135A39,2
0xCeC475D9c60794bde41d2039CB610f91A33648c5,2
0xcEd116B0621F061A777FB895388A57B94A6a6364,2
0xCEd1D2a1F4b5D24d67b988f30928B5A9Fd21D419,2
0xcEd353C01E8A06b9B116a659927d407D94B57f75,2
0xCeD56f7e32c840ABC99B094ceAD06c44241F6df5,2
0xCeE5bD4c8C6802e145FaE22A9fB05E15E377F3f1,2
0xceeaFc5C7E17ACA4583aF1eDB15C648847c74C04,2
0xcEeb387C3C84726533789911a4F0069a87c0e05f,2
0xceEF750B4C814875e7d13FBaef14DD3d646405c5,2
0xceF0d2FBBbF0E12a609B336FAcbD7DCffA0d202C,2
0xCeF99AB15Ef93ba9f523E57BF8039a19F1CeA636,2
0xcEFBdCFb977b1f40F0CE434831705705A072e69A,2
0xcF0004A44cd0Ea1C58eAe275E0674C679943845a,2
0xCf0C0bd9b7227Ef3D277a06f9c4643E763452a22,2
0xCf134952739a52f311f7Ab47239342b44D28D7F4,2
0xcF140e4AA681C34Bc620f50F7F90204f44aC55b7,2
0xCf246A2BF032A0d3011A0BD333B398F86D1cc560,2
0xCf345AF7d6463Ff46812C78B7A11B91735b3e0e7,2
0xcf3AB76F2FBCd80b6927125BAF754df70D099C25,2
0xCf3b8981AbAa56a8E41117b0c721C05F608400A7,2
0xCF3D6197927d564898ac7B911111a1fC34BaF539,2
0xcF4d11423fB2E75D92B704f678b6BE1fa427C022,2
0xcf4E488B12BD854DcDc913D6c26A229bbC90b360,2
0xCF5317f9E5d98e50619135C0Efa50c3Bba17cE6c,2
0xCF533B722A43105a18c77c9bdf246F035A3F4236,2
0xCF5476833F874046Aa42A063763D5589816360AB,2
0xcF54EE2BaBE6636331f823e8e54Dbd0DC34bA485,2
0xCf581498fFD256fd1246b79CcB91D1D344da4eC4,2
0xCf628d1d13E33d90a6E757ca126FBCC706e7C016,2
0xCf735af12918891bf630528034430A36Ec2849Aa,2
0xcf73CB34f6df1eCacf59f260fE6073fBbF6917a3,2
0xcf769f07e0304e1BA832B510d017E95a789D7183,2
0xcF792477603A7d61683F3c6fa9fEECf049960876,2
0xcf7Ba0300e30eFFD792c76DfF53ab1B45eFbc5dd,2
0xCf846F80a6aa6179765053D6419C5c1f5deDD002,2
0xcF8B5F83EB64ca8c032A5121a361b352069Cc704,2
0xCf95DaEcEdF7464Cdd6cD90C40D1cF3308396813,2
0xCF9CDC1A9377E52c462Dd7170D67f094B53fF066,2
0xCFA188662925fA90E364494b26a61a35caAE077e,2
0xcFa352Baa635269275F8f9cba315ADE6ae4CE270,2
0xCfB424f19E34A8251481B680Dd53c9F43e89E83E,2
0xcFb6b2d412Bc23FA0Df2f70bD64Cd1fb5d5a145E,2
0xCFC1Abc1199e39B255b90f53352222D5DfcdB4a8,2
0xCFc439f5A6fd9D341bBb1AA1519413eb903623Eb,2
0xCfc8761CBF4b6D05586204895cE1e345369FF942,2
0xcfc8B9FaD6f6bd5548BD22E46B10aD92d7C630b1,2
0xcFd289435F66aFC9a4a65851c80A0c7765c43eD0,2
0xCFD4B8934501AE3D2c5881347CB7a41122c254A2,2
0xcFD8023b35AB508559BC135158E25c10322be0B1,2
0xcFddb9E46C7AEA080f0A6e00cd3dCe37C91b278A,2
0xCfe2ec03CD6D9e365A500EdF413Cf9618e53b262,2
0xcfe76e5B92dD038De2BBb95839c95F5b7a1f0E02,2
0xCfebfe0121Bd039ADBf56c7E4AB5Db56C0Fa1eDB,2
0xCFeE67e9626b3509b1DE413f3acD9102cAE6395A,2
0xcFf2d533181AeDB700c01DB021237A2f82d46375,2
0xcFf595193133FA77C441e61042b7082e4a929dC6,2
0xcFF9cfeE13045a95A5935F4e47810c7976e104e7,2
0xd00448008e8ddF9CBBc082Ae7832062EafD15CfA,2
0xD00B2b8bDa26e40d24209916E7805Dd205660760,2
0xD00BCc63D9153170e08A40cdAA1eB658879a2A35,2
0xD00DB8FC3aae1d22245904F55A0D9FB389aa3FF9,2
0xd0113225e679035fe9166893d3ddcbb410f0fa60,2
0xD01663ee62FA5163D0c55C717f81c8C891a8096C,2
0xd01C88105B238f338aF34Dbe4A03B889b2977725,2
0xd029C749e349b4D6604B2DC631Ab35f7fB966666,2
0xD03700ABCB57CF56424EA5A6CE409c5e396DCD2a,2
0xd03d25876d13a52626EB74937aa989E3e375859c,2
0xd0594bb40382FA25e3ad419a231E97730620149f,2
0xD059E1Ca043F8B2b539B86876E89Bf484C46B239,2
0xd05A86B9F803a4e68A0967E85947Ce616BE78cF5,2
0xD05b9dD5a631B48DFa7bdFFF7a3fB700F08AAC82,2
0xD05FA8d773b86697Cc381Ca36aB446117C59a600,2
0xd063407b7854e413db278782A8F934Bdba8D1D55,2
0xD079FdB30382132bE0cea0d276F086905d513313,2
0xD07bb2c23480a0ff4e501889a2C22D4ffC9Bbf20,2
0xd08c265c5072b6b388f6625b9bef921ec6bbe5ad,2
0xD08d628C7FD41b6C9bF36C6eE32e85e98AfaBcA4,2
0xd08E9a5334C84e4F5372c82Fdd5B53446f6A1c2a,2
0xd08F0068bA08ae9B5fEa7023041B1501D516B306,2
0xd0954dc77bc818b212C5F86b9a7e6e00D73e0e30,2
0xd09D64442F6e1324C0Ea20a1a821D91B5D9E6005,2
0xD0A0939cA238542Cc39b34C34A8496b871dC89ED,2
0xd0A70c27D9223bb014DBc2A81BDb94973982a419,2
0xd0AA673Ed693e85eDA20925e73C739db98F78BEa,2
0xD0cCB21C37a1249574161F8e00C8569B851Dc319,2
0xD0CeCa57504cab4B057f6c9635801D408d52Ad58,2
0xd0cfAd419a0A2cA12Fc476e3cADC2882BBADC012,2
0xD0d731a798E1499d3bEb42d2aC50D36D92697144,2
0xd0d848A3E15bb8e41E871e2c6C67E522726bD4bE,2
0xd0dBf8221003Ce87DD9AdbA82D259f9ff7b186Ff,2
0xD0e11e032c107296ad35065cd2a3941f1672449e,2
0xD0e9e2A416C99E17b07D0438810FFf334f57b8Ad,2
0xD0ebaA35B9295979886071b518b59b1fD1DbAEb3,2
0xd0ee05FB48Dc99696C50939226d9e6113948E284,2
0xD0f1dd2C08ECbEE41daF881C4943Da8594d9Bfc4,2
0xd0Faa1A60a19B4010D71D8683c34433521333f33,2
0xD10173fDEeC044a358A2FBD6D2268272983A4002,2
0xD10c34798D03E44F862983EB94c56D62F2459e26,2
0xD111FCF614494B368b02BE84AffC06198c65ac21,2
0xD1128feAd52B26fBa6A23360b72afe0FEaFccCBA,2
0xD11c023CB1071D512e7b0C05d17957e5A38B0252,2
0xd11e90157821ECa74dd16ac6b608B5438eF91D92,2
0xd120f663A6b23dD247D3552af02FCD2960d508E3,2
0xd123DE25c88aC1293Ca793420919Ee3B3314452c,2
0xD12D91f2A4904A77895b4FdEBBe2964218ed7cAf,2
0xD136C1A2CF7b033093E449F72062b835254Ab23e,2
0xd13BA43ADe61f578216C8826dab12eF3bffC5016,2
0xd13d30dfDFCa62DeF59b6f1cDd754F68Fb3327f2,2
0xd1533820be9Fd2A52C464B05f41fCaA423416461,2
0xD154b29aEB90dD858853da94E447b6538199B0C3,2
0xD15Ae4AeEF2DE571EC704fDBefCF74836FAC0cBb,2
0xd162ae7a1B8A175a728db5381fC1A9467600b048,2
0xd163cB75233512b188dE1Ae3Dce15a0C028e208f,2
0xD164572B07a7a022FAcD4b0a63A72C9280Ad78e2,2
0xD173Dce3A9104E26b57029854109c96A175731E5,2
0xd17653Fa60f0ef92737427edd05F9df61C90F0B7,2
0xD177536Fcc90C92f6B69F712e2c51F9391cc157d,2
0xD17Ee4Ac23EC1Fa1320399fc30f44315EF1b6E7d,2
0xd1820593E033e0B8900a2Bf7f67f8Cf771720d94,2
0xd186C1855BEc84dFD458f0684c9996E1cDDFD360,2
0xd18993419b5F76f82DECb90FC95073a1c02eA3F4,2
0xD191808695a836b943DCBf83390dd68eE4BcAEDE,2
0xd1942D3982946C86b65AE0F34e4CA5475351fd22,2
0xD196B957c7688cdAeF9C11960563F08b245FbA09,2
0xD1a0dbDdf8FC23ba21d52C40822c75F7A489Eaf7,2
0xd1a90079A5906Cd02f34f2934f726e5103A1a69E,2
0xd1Ad33982Bd67524c3645036A3978420431EEb58,2
0xd1B8446dBe41BDb9056BDE875Ab1A89E510C0129,2
0xd1b9E3f511c5C3ed3C9bac1c1197e29022Ec0C88,2
0xD1C101668a0984a22Eeb21B9366095843E0bEc1A,2
0xD1c77a04b87393E98A1220532e72e8f7d0A31c5A,2
0xd1c984012Fcea173e99fa68c98d9549E985A4623,2
0xd1cC2D0aB4B1696b7E7E4c148218B679842fAaA5,2
0xD1D1FcC8299a9Ff4E38782DdB20CaE56D6BEF542,2
0xD1D37C00fE7dd84385DA10aB42A1451dBa493f22,2
0xd1d4CAb5196Ab56E510821560446476129Bc06B0,2
0xD1D6c990aA3644AA276B559Bd6103ffDC4927B45,2
0xd1d83C6D598Cd1782e4d60e4605A0746B917D6f9,2
0xd1de0a05F35f1576440c1FCBC64bB40ee9fC07B2,2
0xD1f0f5B33C0a1D5AEdC43224122B774A301a114F,2
0xD1F2AbA5ab0BD874Ad269Fc24Ce1E92B487628C8,2
0xd1F3A4dF8ff58d6D155250C7CE1269aC75e54AA4,2
0xD1f52348Ea3a10F81434Bb7A9dB4945ffDf8C0b4,2
0xd1f7575aD8253C88541F324346e922f0d1E34EAc,2
0xd1FaD074908E2E8C081660f7F002016b440B72BC,2
0xd2010F6d01f22f794DF999305D9eAb2663cF896e,2
0xD20bd41f4e65d726Ec922CC326a505F3b9DA92F7,2
0xD20cb9aA18a2185120d7C63D93899646E5ecF025,2
0xd21B2DA173d8dB463EDE98B6B8af41Ef72e15dcE,2
0xD22233842595aA5E1bA7FE9C080912A5cabC1010,2
0xd225209111eE55FB5627a98b7d0a43Afa68b0dd2,2
0xD22A0AfD89Ea309a5e4E5aE54834E172Ed1eae5C,2
0xd2420A97280904621AE378B1f32DC06630Dd8A35,2
0xd246c4a039508379cd70cE624cDB7C8b1C991F37,2
0xd261db797e2bbb65E3ceE999bcE28D29Db34922C,2
0xD26ad6Eb84e9A8d93667BF66B2e6a03E4ca9E8fB,2
0xD26f32448435311e49363be76Df3e7B597B1AEfC,2
0xD275A0450a95d60bd870A563a25fe3C996C5537d,2
0xD2776a9b1Ec6dc8B055673a0689fb700C5d65640,2
0xd278a769940bA618a7F8260A4ba5777Ff974bDBB,2
0xd27cF967b8e80c4e0aD09EE938C5b021D7D4bA03,2
0xd28004ad20c69aB3e6119512BB3a0656f3D56BF6,2
0xd28E005c992B168d0B20Fca312958e105BB260aB,2
0xd2975983c4497FCD97d595E4555F357CDFB1c081,2
0xd29bb3006838512683f15EF5291169192AAC0859,2
0xD29Ec7e636e308F45A0A53889D1D38978e872ea1,2
0xd2a823a4C5B9051c86dC3848FBFaE40Ccb0b42a8,2
0xD2a98173EC419c6cc8cb0EB4c9252a9dE6BD0fEc,2
0xD2B04e648385485e969066CC59856094E3Dd01b8,2
0xD2b4cDde0430a6573a3e0cA0AA00f953C072d601,2
0xD2c0d3C4669E2155EA38a141FB97F2c4dE5FC859,2
0xD2c8650726e3dc66246bc1D3C0121BD0e5cB73cF,2
0xd2CB5c3abfcF5791363730Ab1A5f53C7e6d675b7,2
0xD2D23329B85b794d6215792ed68F359af9579eC4,2
0xd2d67993CC15bA5aFc401Ef6ca9223C93343d22B,2
0xd2Db35024D1817dEFD4Bb8617bdd7F05C07a870E,2
0xD2DddfC6F160B7123566Be824C6dE52C3a2dB1E8,2
0xd2e3EdEc46f461685f46db3AC6e162bef79f98F2,2
0xD2E5e20893830db7AeC37362329EF0Abf2f660DA,2
0xd2Eaa83B41D641D5A8bf569ec33dfc7732D9F291,2
0xd2Eb57bb8EB01b63eCe2AadeeabBD38F9F6c1e0d,2
0xd2F941ac5c4447603157ee34a03e9beABEcADeE5,2
0xD2fB5F50dE975E73495aeF04e7Ec9970361Bd6cE,2
0xd2fe2866C677DC0EA607291Ef9CCf62b351Eb8d4,2
0xD3072bADb77337B747db6976e64d4312C12Cb5bE,2
0xD307D72980Cf42d70d47F4418A250eB0e89f4f7A,2
0xd31081829132c25CA4E8625B5B264C4948bC4248,2
0xD31bBF12300BcfF2F5a553D773141294d1d1574e,2
0xD31D4E19856865378f9adB90069Cd1D87f005F30,2
0xD320069Ade2a53debf497BF8D35C407cBaaaF18c,2
0xd320e40997a83EcBFA1957E93A9685480234a5EC,2
0xd32A51Bcb481964E6236078493ed245dBE416d86,2
0xd32d5E6D43E0D9d50B8D6303D0F3a63455d5Be89,2
0xD330969f4b11FDc89896aD469Aa983d6F0D3652A,2
0xd330C4EF29342eB4deCC8Eb9d0ba6d96cAD37e9c,2
0xd3336C1B57D4C30cC8272a211E9F845B4277D6Df,2
0xD335394b6e2dA2567F9d0909F6B3bB247ff47478,2
0xd335Bc44557649911108aFDCF412c6522C912C0a,2
0xD335dBdC3E407829309874c931AB3635fC3d9dAd,2
0xd3363a3917098646AbCDc9b7749552218042e511,2
0xd3364532f085b23e9224406Fe696d52bAa9fA7AF,2
0xd337c44c74fE1f0756b1ef5e8C81A8a5FC866666,2
0xD33aEc714381eC13053cdd783CE88423b7DC437E,2
0xd3451F5F1f2055245e86C36E56Ea6997FaC5d7Ca,2
0xd34676f83A341616019727b700131036f6d5114C,2
0xd35E5762478E55F232B1D192a196B17FBDD2b463,2
0xD35f84A9f82FBeC2082b2b6c9AFd20B4a8f7C959,2
0xd3655F92ed372d4D1f546daCa7A1F1804cf5A0b7,2
0xd369F5Bab78FF512a55e9F06732eeD9B28347c65,2
0xd36b821c8FA6027e4E583e096eFb64E4F1569b18,2
0xD37249eD838E1083320A5bE9d52890bff8e75C1e,2
0xd3773395A299A4B4E21e877Da3f797e583718ADd,2
0xD37BF8d18094B7393bD6eB678fd71e4bdF5Dd117,2
0xD3819bD2023035a540a216a1863f14e7AB0274DA,2
0xd38432EBEaaF690Dc36Df405D7c88870a2f53f20,2
0xD38C436ac622F40eF05E91Bfe4e86E08E96Bcb0B,2
0xd39E17194c2852BEc3a5C710269a6AF7A76Adf35,2
0xd3a47acA8bD88101927373696f7217F0D3cEB6C9,2
0xd3A8a80267Cd70a45def5054D0c10EbE87F3A1a0,2
0xd3Ab9d7BE8D31C1Aa36B03e019C51F767cE9aA23,2
0xd3Ae31b669Ab51391F9Ba970773a414c0aE152af,2
0xd3b17CCfDaFF070662138AADe613D52888308a9b,2
0xD3c38AbE6879c52C7CE729766f74a5D9880FA1F4,2
0xD3c809D6E47ec25e60706292DF996d0803f5992D,2
0xd3d6BF8b9072b75EcfE3341537277313fb547A13,2
0xd3D914ce5fe9DD9dE6b4F04799903C691696A982,2
0xd3e1F416504013a03Cc52387413795e2caD1a597,2
0xD3E928C198F8D9d6468EDfe8fb7A6A300EA86314,2
0xd3ed5c5d424Ce36650b0bC81c48cB676e5b1242d,2
0xd3F0F24Cc582602071121aD2062EF791326C205B,2
0xD3F9AaF681b5a7EC3A513FC5A813c136F581C365,2
0xD3fD275a871A180Fd8650DD6683Ef54A26Af1E10,2
0xd40572b6195a59247F6a2f244C42E7cf4844FFEa,2
0xD40D8CA309f890D84249d8D1617bB216467c3e2f,2
0xd410D0A342A455160b14814Cf3760fcc028ee389,2
0xD412C3cdf92834031aB2227260cCB7a4FA4A11A8,2
0xD416b0a548a47DD6130D4920DAcF4a97B5e3b184,2
0xD41E23F6C708303D803ef672463f974934e9c70F,2
0xd41F58b23edbB6350a2857442e8ad3A299331697,2
0xd41feaa24Dede516A501862Cf1F376dEFB811772,2
0xD4203e6fFC798765Dea121D795b2a56684c1c738,2
0xd42a37890E01D380787a82Cf1405E2F279bC4832,2
0xD435b22D96bFE40752e8b01596C1E95b3FeF3aFA,2
0xD43fA584078E4252244D4a2A29DeA662e606F90A,2
0xd44D73B0a9Db1abe4Ba772AfA39328eE285DD303,2
0xD45F7C63fC8fa9831C790975069855603e2DA2fC,2
0xD46A8e97F166B0354db9D9e28CC4C6CA7F3f2c07,2
0xD46Af10a6838fee60AC1a4e0A7b06eafDeD9572D,2
0xd470133A27B58a2949D2a0BE9414204dB3eb0aB4,2
0xd4846228A14925Cc30B261df6CF48679e4985B6d,2
0xd488022EE92F270f7f107f2Fc035bbB50299Af58,2
0xd4997B903938FEe88731E77B746E67bb65FE9fE4,2
0xD4a4640c723b8f7755D2cF1Db2D48021E88B97cE,2
0xD4a4d5c52570DBd82260A2626a2D9eb8A4120704,2
0xd4a6f030F9c555c0F74bE298f83837F356E2acE3,2
0xd4Af804b5fc981c889E7b7c3af0E8D8aC2e2630D,2
0xd4B6e0DB210abB66BE2E092fd6257b8a1C8a6224,2
0xD4B73d988ff328EdcE19912c5075670F595244e4,2
0xd4BB7351a9B0d1B236e7523Da7A972db4a100f08,2
0xD4cC8B731A85dbf54Ec696c64128e6b894F8D1a0,2
0xd4cF19f76addb489d079D0f60F41D6E91E7c79E1,2
0xd4d4bF49642d3d860830575Ad908C4Cc312B995f,2
0xd4d6C98005a49eF597F474b2e9DF30024853e14A,2
0xD4da1243217199fb89A287A1c5DeCD6998d8CF28,2
0xd4dca0547f02a4AB5a61Ea7fB70671C86113Ec18,2
0xd4E3f654C2A4b4Bb778e712feB214e87D35B0f2D,2
0xd4EF456e06C72C74061EE4d0E2aa372cC1a58BB2,2
0xD4F1254C803662c46D9c21f80F4F3c15FF57e2c9,2
0xD4f358D4A415B4abB6F6Deb40B86D7dB62562960,2
0xD5029100e574aD5F80539753D338592E89511701,2
0xd509EB33f743fc8BcA44f742CAfe6322B515ff4D,2
0xD50EDbfcDbf621621De041EF01731585aF07C3E7,2
0xd50fFcBaAd77d78a89789923F2Fa83B113e6C73E,2
0xD515E26eE5B1CB35E385CeDC6f85Ebd868795845,2
0xd518D3cF0982718960DECf12a40106536B019c27,2
0xd51C116F24278c0297510aB3f6D6315d4A300b7f,2
0xD51D63E7EEd8E6D330e34021eA196af3746a3FE9,2
0xD51FC420eaefA427fE970F1c98eBd2c63C2d44E1,2
0xD52356dF378b7E1d41F8F4d2899b5226404d3e74,2
0xd5372bE38806F13476EcDe8a5eC24ee6327C4c1F,2
0xD53AA111c9387Bb99d721F05C999CbCB99D9CaE6,2
0xd53C48759e516cAB89BBC36b57128755d0B8f691,2
0xd53f5a4f9D30F98Ad81211b6F6a8eFbd00AfA5f9,2
0xd546b863751e4A4765DD03b275Cba3DC7727D854,2
0xd5499095a6381EA9f68850785d580ba1dD37B6B2,2
0xD550581e0d759f8161024256890632a09915160A,2
0xd55312C582ab12Ef49E9C8Eb234f2862A1965bD3,2
0xD5630A2BeA12def9a8feAd2322Ec5b46E0eA7A67,2
0xd568FB14C0E4Ae023B20960D2d17E9D8716d9B00,2
0xD57De093aa53Adbb1E51B6E7E7DB5bC31b4110e0,2
0xd58001d5922b0859235a8D0D23c8592f4D7e4170,2
0xd585029776F60Fb0192a36adEe4067362630522D,2
0xD58d8Bd42bCD464ca1A739396360Cf89e05e0Cae,2
0xd59a9677ac57172E26177aed2911ead30f399efC,2
0xD5a4E71e5d519B4A5add748dCfEB3526eCf52Afd,2
0xd5ab7d1e35b1d521F5cA6F548bDa3bf7D723E215,2
0xd5bA7a4541700d2183D0F8e1308975865e5CEB28,2
0xD5bE668624120E3BAA60a42AF5979E9f59f14A14,2
0xD5BFabb290F90857A880c23B0DFE88eadbF4eD8a,2
0xd5cB921469433AE3855dd75b394BC8a900b866f4,2
0xd5d0813ea12172b793b13bC2b8131eECCC34C6e0,2
0xd5D10364dF2d142E269578F9674ba15791EFDF7a,2
0xD5D686f315c6B26B9b660bC9a36C01eCc27CDa1D,2
0xD5d7a991efe93a5a58EFA32241230D14d9E445C5,2
0xd5Dc8D8fb6360EB097dc06b7E18a978269168F4c,2
0xd5E5b55BF9b27FADe39174F6Cca055D7b3BeA8A8,2
0xD5e83139cE12b8eECEBf8743859175635fb38e3B,2
0xd5ea05A61c6f37957D4Ff5c1Abe89C7E56896599,2
0xd5f003A2FC96b7c8729EF360ceDD97E653cFFd0D,2
0xD5fab5D372081B4F20FD4636BDe96e9061aaA8a4,2
0xD5ffF812B16bF12d3063106F2C9D82195231320d,2
0xD60885dAea27897C92f3A2107f463B8e219CaEf6,2
0xd618B928EecA368B327d2131742f1b661460555F,2
0xD6191190aEa8433E479D0D6b86D9237e3254F01B,2
0xD619A0219449622E5FEdc81170f55AFa887B6BF2,2
0xD61E8789d1864EeF7Bf2D68753197c59213b22eA,2
0xD630e0df62ec179705E292868B3f434C11d183FE,2
0xd6363224be1EED33518289F55c468BB0805e6d76,2
0xd63b7331F5C1Ee42DBE970D4B1afaeDCC250B42C,2
0xd64c2b4892b596A84906809902a41C170CC2b0Fb,2
0xD64D8DD73DEff10C602C54a1629E994FFd4cFeaD,2
0xD650366CB41e11261C7aE8420096418550d6955f,2
0xd650C8369c208d507eE884a91d356Cce2e49720A,2
0xd6542705C322d46AC93feccF9cc40b0794a1af1d,2
0xd65f442fE455c687f010ca35124342c6ca0761D0,2
0xd6608b698cf5ae798E0FC84F59dBff9c44f00aC1,2
0xD665f1EFB8CAF09a5553eC4901A89383745a02b5,2
0xd66875904D3fea082D7508f06dE0Fd18FeaCdf11,2
0xd66c5346AbC82819F509725D70752bE870FCe013,2
0xD66F5Db9dD10dDFD82D8c23D6D998C6814a87692,2
0xD68245AF0B40A78545B5131da30B38756F09355D,2
0xd68543e607bB645f4809e8d129D5876dd73b2032,2
0xd688C05fDb364FA80860e5ABF14d34873d6e6aEA,2
0xd68C451DA3cc6bFf34a88bc5b255c0Ef4B1C9C50,2
0xd6987e6E944b5632E9dD9D014684Bf9348B1A880,2
0xD69AaD5Fa7877854f5412B41fC904cfA1A1f7b93,2
0xd69D6A79Ed9b1d23D3BF57Ea1A9e8Bc1Ef3906FB,2
0xD69ecF495C5d152807d5e1C11395212065e479a5,2
0xD6a3bfa0E8Fc07F3D4B2342DfAcd550f79a5c7e4,2
0xd6A89961dE8A71396CC4f269a8c82fA996f44e6C,2
0xd6af76181316906aa22A426B85FEa9301C8a80Df,2
0xd6B41cF661482b69520C757e942044E385774a39,2
0xd6Bc04416Ba6d242Ee8161bF79bFc3FD02DF4780,2
0xD6Cb729B473611759bccF7F5a15C69652AdE0BEe,2
0xd6D6297a9a87b6Ff65444cd85905342d357C97C4,2
0xD6D75D47D03406101Ff810459dbD831377E3EB95,2
0xD6Dab4691EE54FD06b3E834c90b78ff5cb633ee8,2
0xD6de78c59F62288d304090e6d67A50E9f0b83704,2
0xd6e9c9201Ae147611767b979b66742062F5ea504,2
0xD6f4967e3C2AD74Df76791e5cB4c5b28542B1c4e,2
0xd6F9B43364D557B2c3Daf5566Fbd5Ef616Ba16F9,2
0xD7058F01d65f0ddd87a9e5D1C30dfe052780bf4d,2
0xD7076AcC76d4379610fbA0dDDB1d35aA1280fc89,2
0xD712aEc192E6D76b45cA0F9b898abdc59C17b98c,2
0xD71365A4a1238dE94971eB5Db9a57f85AE70D8E1,2
0xD717499568146195938CDcdb4aB8996E3DA5491C,2
0xD7192d264eeAbf173015A37959f11F1bd28cfF78,2
0xd72d1FaFf08E4F29aB5a7f26250ADfc975d5BD53,2
0xd72E8f820F06d51979c74aB0F153d5c2Ae22DDDb,2
0xD733198b2AEf308eE346b4758009ccB83AA92E47,2
0xd73fb0F762E075A209a6701F2fD4a84483959afE,2
0xd749513b6D40cd57AbA100e1D4334c0c0b685335,2
0xd749C554940051FC89629616e245aeC3886BebE2,2
0xD7509855abD7b1866d0c9E696e81A4cB354cA0D1,2
0xd7510c55745dF5F7ab75A8Cd7F4ed1D8aeD04A01,2
0xd7551Df850Df53478Ea6F095AA2637F13E386fB0,2
0xD7638d288E25EA675D60411115278B045FBceF0a,2
0xD7655E4255BB6c2e3cA036593b0236C46b904DB6,2
0xD76Cb2f9C0440cF1408a9EC8856135fA1827b7A5,2
0xD76fdcC6886eFced015D93636C8060073f20bd0B,2
0xD772366caD4efab1D4a70F07c964C56D925891e0,2
0xd77C925a4C91e557EED8f47d794e4325100E13B5,2
0xD77Cca0bdFf80077B504b0A822307de0C881F77B,2
0xd78398678123CB8A0C8a183eA50E8c7009A15BD0,2
0xd7873D7c93A9Fb1977e23Be037A093697F3e0b6D,2
0xd787901dfB24AfA2D44DaD1896Bad3412EEd3b56,2
0xD78880738cCA7c8FbB849496B0a8b10a27129946,2
0xD78b442f533330A5A856C59Ac5103811D93999bE,2
0xD7903C9269f8637d9269Df7197fEc937dD280a48,2
0xD796bd30280ac676A1a2f01b3C0279F786ED33C0,2
0xD79c41490eE588BDb607730f0367e2F3374Ef0e0,2
0xd79F49D40DAd6ed0950bD54C379520A3ab2d42a9,2
0xd7aeeA6D0B97BF0f8F86AdB0548F707Bc39edCD1,2
0xd7c8147B4dd4E38FaA521d45DA2d688fbB3DF750,2
0xd7C9913C7920715102A97770C3c63D3aa3Ae4370,2
0xd7c9cE13e5280972ad00Cd77508244b485061F9c,2
0xd7d555C16Ac4B55B793BC24Dc8940E10495Fd298,2
0xd7DAE05143C5101aBc063393Ac5d8ED1Bd000C58,2
0xd7Dd5645A82771c70880fb9f3B5f72A39dC5973d,2
0xD7e01b1cad88bDeFe61db284DC223638dE8B1AF3,2
0xD7e2a7AD52f5703a21DB6D7E3B165773d53D4bbD,2
0xD7E39Bec26a572aCd7A8C4fE7f44bdb93b2941bd,2
0xd7e3f3E3B238aE8669a90a10Ab7821B960Fa7c96,2
0xD7EAe0F010F4eFB65105509FaFA1a1f43fFEfd3E,2
0xd7fB9D948DC9eEEb382DB226D5b45D1B7d7C746a,2
0xd7FC4851193d2161117853081C2750BF02b94295,2
0xD7FD43D7286a1cb677241151CEF5CFC468a259DA,2
0xD7ffeF9d78001cdA4d4B37eD5256a3B4410EF236,2
0xd800e6C419afa29c5d3Bc8a141AF6162Ca40798e,2
0xd80386991981F5CB33bb2bb5F1013cDF58DD7155,2
0xd803bA08bc87a7B765956d13d50Bc5d1f37dB936,2
0xd809a154b89B96C93F29C0a7E358e3BF22fA58Ed,2
0xd809fD9326918A640c840C9A9A9b6b95d70a4Ec2,2
0xd813771D3938e7acd0175BcF938cd6bb071d72Ff,2
0xd815e592f4eFFcf76b1F4B4eb823C19AFD13b5dB,2
0xD81a32429Fab578b4c888eb5F2dBfc91F6c3B70C,2
0xd822570264093507C98F040000AF87EA853A55A5,2
0xD82bD4EAE87351306Eb2B7f001d6c5B990617197,2
0xd82d442442da37D002c4969e5D2C9bB232E940C6,2
0xd83a10C8C3575c0edb9401B2EE63b87Af00404F3,2
0xd83A83B74A366D89f40A1f584445Ca7d7057517D,2
0xD843C796e6fB921C4811c80a20629D47D63Bfa1f,2
0xD84455FD51122D336e39bb5D32Dde23B80a4552A,2
0xd84E69Fa5a0975da11eDc9a9721CF893f7784BC6,2
0xD8635c0FEB37D66156A6Ec06602b252BB997AC3b,2
0xD86C6dFB57298C2723fE5b65f0a075E9681F72ba,2
0xd874C485871a2bB63aab1B982d8aF2d4D9dc6510,2
0xD87601e05e8D33871A5f95995A9768bDbf64Cc98,2
0xD87a9fc25130C68c3Ea25437C34E0B9317CD7a3d,2
0xd87f96Fb7cF001382D7b6CB322339EeF0aAb238E,2
0xD883D955C12a3818b6AcB5E4CFf3A3229B353395,2
0xd88540B428339b97894c4F8e3AA205F11f4CC015,2
0xD888c2208Eb494119Ec32EE7350aa64426b103af,2
0xD89955295f81aCF00c1b05961937B94E6a870761,2
0xD899BC726F1D5B30689866A0DcB9D9FFa477C9D6,2
0xd8A17DD80Ffc1C2895a2B85161600C8bBE1265ED,2
0xd8a8D766F3D35d30C36cD8C26b3dc65a19CFD059,2
0xd8aaFC7bbe414ab1E7e26bc90e385dadD8A712d0,2
0xd8b17410c376AdC66244738E8ac2A22cb1F8Ef74,2
0xD8B97DAaDe09323268B09a829be22781c85E2f59,2
0xD8beACfd631ffb44DAbb44A127729B81000c4cF6,2
0xd8C629221bf930e10163D8dB769324a3b5a9d276,2
0xd8C6D0bF4832f74B8Fc5237BC476Ed011D0c30B7,2
0xd8D0ecEdDE76C5121aCd74Da3B1e2C4144143AB5,2
0xd8d5AC7b8b55F435Cd1E1FC697C7416d54B65520,2
0xd8dB9c8fa8eFF37A6dD1bcCc3D7f8fdd34A1fE64,2
0xD8e6e886B265C785b7a02310c4AfEa24097B3C6d,2
0xD8e8A658fDEdD842Ec970691f9c4F625c2595c26,2
0xd8EAC049e2894d2dC07d6B3A0f0E9beE6Ae24065,2
0xD8EBcc5f3857FcB16a1e2f1db21425D120077777,2
0xD8F152218ADa7bB45a439301D19C63C5Ce5aE4cd,2
0xD9066FeaDC38EEEe4E70BBEA47ec649847A51b80,2
0xd90D7e3c091830e8f9D626e0a3c4BA66d5AB93Af,2
0xd90DBb1AbADEea3f400d404297b33e34916b5bB4,2
0xD90E2DCE23A46f1B5affA912e2aDb6448aA949B6,2
0xd913662b98A5A10b55F97D2EEB696eBaab0064be,2
0xD9160Aea946FCd5b6A98E9b1B672b9b0642ba4e8,2
0xD916912719178A53FF99e81c11833e0D1065dbfB,2
0xd917DDc50FE7c8DDcD24c9da67811c67C3b3561f,2
0xd926f2CEA9f96906823e082aa837463A90Df224e,2
0xd93272b28584E2f197017baDB135F2D141EdFAaB,2
0xD933Aa80679142C3E6e3CE3C819FF6Ff3bcCC298,2
0xD938be35F2b5c3c6Fd2cb03B96e7E6eE8609Fa15,2
0xD93Ab3b614E3de617032d2fD953Db8F3c5bbd26e,2
0xD93fd64554Ea7d4DB72b1C6Ec6B3aa313E285CB2,2
0xd94166E665Ea3c3A338DaFA2F3B8a059D9287Fb3,2
0xd943B49f11E4A19ABF481FE46c011b59AEE0F539,2
0xd945F14e15d551B1B1F81425835eF9520B3432B4,2
0xD9495d977f286Ff7d3a6492E3E50Ed43f1aAA384,2
0xD94CA542dcFC0717e8B1AA3AD7072C455005eE0c,2
0xd95989000420e06Dc5a8FfAAA9FC81dC57Ad0e82,2
0xd959A75C7445F0a90d68e97f9b60DF9D166BbEd3,2
0xD95AC82d80495B85d8F86aB08a2Eb1E0B2a9C556,2
0xD95CfA0366670342bfA4A8250bF29cab22369C28,2
0xd9653fb9C6A52dECF2c24e05815d0A70D0E617cC,2
0xD968556aA8C968A9F742576df43e6Ec78d16f645,2
0xD97070160Cfc1008B3e2b846891a8BF6976Fb4cc,2
0xD986D72c192186D494741d070c6d418BB36b271f,2
0xD988bD1c286e1b53e5b7F34E7d6D4FB56624c2d3,2
0xd98A3fD9939908bC3a33A519E2ea59c5CeB7817e,2
0xd98abD305C487Ad70EFD785E854aD93494Ce8Da8,2
0xD98Cf45ac7c27672E00F9315009BE06413fe03D0,2
0xd99765c68593Bd0EB574fe40Cc3547BE3DF9Cb8A,2
0xD99A59437bcd9EBC02426e336a4c5F7Af289C3B8,2
0xd9A1e5bd47af7b37c9b96623C3cAeC34fa549f1C,2
0xd9a813aADC453D3367EB816d5F69A59105BA737f,2
0xd9A98E1653318b25c4826Ce9096161fa34f01b21,2
0xd9b7749cD4B0e843809155DcA6E004C3F7f5c621,2
0xd9B7f293f298f2702D71d241CC5Ba46E9ba2ff5b,2
0xD9b9084dB77748732F43ce49fd8DE57a25Aff436,2
0xD9Bee1aDD5e8068ff0238eF1A7b43C2a43400577,2
0xD9c00b9cDB1d45CF265d1925eb1d004ee04D9f69,2
0xd9C6C560DF180A895731543E5eAAC2de64DEFA9a,2
0xd9C98c5c9F6de1E7F1925A3eCc1DB9ec40C80ff8,2
0xD9Ca66dBBb2fb48e78e087f19f3E28E7CBA6c5F7,2
0xd9cF1E5D73810a4617Ad5d349e4A801c8C1Df72f,2
0xD9D2f2ab53e748cf390ED63eaEA28292f50960b9,2
0xD9D78875d137418698B488Ee2d17F7291608f21D,2
0xD9Db582F0BaC658bFC5Df4Fa899104F1F8DeB863,2
0xd9df49AE1c004CD25598E50F94511356276bBcD5,2
0xD9E5df6acc9815121D3e99B49f26E712eb4fE41d,2
0xd9EBc885674a93a7c119f37a6ABF9dBED84E1ff8,2
0xD9eed1f848f84Dc05e4DCdd7f693E139dd6126aa,2
0xD9eeD39ffcF0274c0b44E3f50586b208b9E8b50b,2
0xD9FA605E5E51b3De52845E6D8C88Dcbc1f1A5906,2
0xd9Fb6AeBc6891C3D9333836C382eDae93ED1ddf0,2
0xdA035D4E5DfA3deFA9cd5a57d5c2E41B1546a1d2,2
0xDA0F9Af405c62e11c38edC0DAa1497A56446d3B0,2
0xDA12A59272331d7ab108939533aC645e92a6CbE9,2
0xda198D028Fb554bc31623022D1f105D6bF9F2C40,2
0xdA1DeF098C78920611293E8aE605c2a3a56a39a3,2
0xdA200707d3a39A3e12b0601365C503037EBa6c36,2
0xdA251aC6C9042140eded44304444cD73BB01E3B0,2
0xdA2B00E9D2A7593C2689B0946a90a1CE70e2CA15,2
0xda2Fb5cde4E9De1Dc37a56396bd3E7faDf4df414,2
0xDA317A239E27Db62d8EbC9d815AdC4592caD8305,2
0xdA3694898B52D1D993f5E0145B6095833b091A86,2
0xDa3Be02200E1b08BCABA80672280ecCc8641123f,2
0xDA3c7655811A73323f29758B142C75672006abA9,2
0xDa3eaf0d5bD786554639D2EeE9f0646810b2052f,2
0xdA44FD42EA80a7CA399cAdB70d53AA74AB9f5b51,2
0xDa4FC0541C7ed161738e183Deae9a6484C17eF18,2
0xdA4fCd60433b04c9a6e270ff208150cfffd5c498,2
0xDa5f0Ffe0ce5aD59DC25F790cD67e4c03554E617,2
0xda65C4583E463f98eB39a195fbF50a81d8Da5C2d,2
0xdA6787e118D0EeA60279eE36c4eec1ae3eeaCBe6,2
0xda6BB8C5507aff8C9eD9d787c1e8A82A0a79d629,2
0xdA6f0479b4D82e65179607D84b6DCe983EC1C55a,2
0xDa73455f7339C2C321F5b7904cf8c029Aa604bD9,2
0xDa744273F80b22412417f7CfE0503f3D721f987D,2
0xda79bfb4a0dd01884d00f64b1c6efb1ade3957bb,2
0xda7be54e4557981c049C6C748e103Cf72c7E721e,2
0xdA7c4829bF5550e19388285Ff9D4A85cFd7A5005,2
0xDA7f31e61401d58D49609414658d363B93182DF0,2
0xda840fE2369Baf37c1AA87AD58b686d651A93e3E,2
0xDA8681acE25181131C48b4705586bcf0c3b7A3D9,2
0xDA87B7609e2bcD4F6e53A85B004d2C3E71dd82Fc,2
0xdA895c0d745D82e6160E48902ba12dDec2979CB2,2
0xdA95971a85409BA3557efB870a78439fCa2F4f52,2
0xDa95dD702845FA6Ca2192EF5C4EA6A523375BF52,2
0xDa9C949784c6B8710c988421ed227C791d979c27,2
0xDAAB5E621573B4EeA07E02c1dac2ca76D372A8d0,2
0xDaaB91191A715Ef0070119134113926a07fC5685,2
0xDaB1960e62d59861C8c12245bF8c1E3576634252,2
0xdabaee7efe04166295e2A8409F5C8Ee86537d47e,2
0xdaC4459Ed8fA989B8BAd30A0cD42a7367924F01a,2
0xDAcE498e0387085Ead79e7336d98fd7F7641AEC0,2
0xDAd604Ec6cc2a703A59b774A664D17bC8b392D22,2
0xdad77e620d95496Cc196BF0AC4F1dEf3fd355B7F,2
0xDaE420306d31d482E9a2ACd30bA3CA55Ef0197e8,2
0xdAe44E165751DA8B86EF71bB93A3Ea0c00Ab5Bb4,2
0xDAe74FDBB33d2a0cdA8200189D447f4aDE14F530,2
0xdAE7e11DAb7670FF6650471ED493280bA1D32732,2
0xDaE7FA42D450555fe3F720F755DF84D549B4C417,2
0xdAEb2eccDf414399fC5a9040A54998A60F68358e,2
0xdAF0BbAAe268Aed2f3CaF4B7D67d10B7bA43BE79,2
0xDaf417418E58ddd0Fd2C0BfF528a1ae402B37B31,2
0xdaF43B0122F5AaC9C2838c775585BC5444b152D6,2
0xDAF442Bbea606755475410F31e8DC98d8D5BE42d,2
0xDaf7178C0D38Ed516aF4f292A67413DD1f981ead,2
0xDaFbda60D8a7B6a91555A36015b5A85cbaC33799,2
0xdAFeF7f240BAD1dC51dE3dD6BD099Ae0d2D623a5,2
0xdb0ED46B94Eb7d836c8aD7E09aA8a2Eb1e7ada48,2
0xdb10C318f57905c5B34979336716F4DB7e27C3cd,2
0xDb11B192249b414Aa6cc1e7F1d7414eCF59C36aF,2
0xdB1505516C48d285809060289c976ab3d118F231,2
0xdb197E9F291B3F09A10fcd7569185148e7982833,2
0xdb27D37572eA22A7c2b82D15101d6CABdb0b6F74,2
0xdB28Ba8fFd980B9713AB72cD38472f391Cd40AB7,2
0xDB2A1b03a7E1877349D81600a434299FD4990e8a,2
0xdB2e7FD1bEF2709167F389e86F383040a7080666,2
0xdb2E8B52d20aD5EF43A7a5cB36595c82cD98A30b,2
0xDb326edE49F64A6A6490f154A0fd8D75883a066B,2
0xDB354D8354484C7A9F62eAcC7D5207FE6C56aB92,2
0xDb363862E5e73a7ce226730de475C507547cD4c2,2
0xdB41d508Ffa2D27a3e9e3a267CF7f5eEb7f16071,2
0xDb422Db478834C8Ab347c3CD36b119CdcE6C41D1,2
0xDB45A52A8e16cDCF089a3E570131fE6D35CAF21D,2
0xdB4716F441D07D02d2eB1AC2c9fA84226954beaE,2
0xdB48fa3ffC0c64B5f7bBc003EA69A7921e9a91f2,2
0xdb53ba5811124c95C5e816A9c025296eC4583258,2
0xDb5744A1f2565f3D045dD9380c057c163B9d9900,2
0xdB5826182E0Ab836Ef98E766068F09E4e4Db70F6,2
0xdb6464Cf6d24aaace2E1622963ABbE337Bd63290,2
0xdb68A37014FaeaAB36f3d244f9649A6877d3b045,2
0xDB68e0491014AFe4e035C4eb8bA2E5eB4FD6e5e1,2
0xDb6C6a8Fc6e30d7E15B22a700A89890520abaCc7,2
0xDb6D4C680783d75565aE21227Da1f0128F0e4E60,2
0xDb7CB87c387De5289683D683e5cd745Ea3D8d428,2
0xDB81b3403F4F3c07D667EE9aFD72985D9bC0D284,2
0xDB861fe80a450583fAdEba0c244604eEd4F57115,2
0xdb8f8B9c229C57fE530823D33dbad78d98A4FF1D,2
0xDB93342558502d4F522E774Eac55D71BFF8e6130,2
0xDb9C1116C70B478c10aEe06A73DB749303Fb2Cae,2
0xDb9F8073dc0a95903804A6A2ffED34D1D4232866,2
0xDBb74F1462bb160009D5EB740646117DA788b4Ee,2
0xDBB8254eD9D90D92810F674aDF5aB683fc89D3E0,2
0xDbbD4880CC6fb401d67b58C940Ec6c680d74E420,2
0xDBbD65026a07cFbFa1aa92744E4D69951686077d,2
0xDbbdce5b51f4AF8A0204ec036A89B9DBD994Be7D,2
0xDBc431A22eB00B0A552198034717D7563f69945C,2
0xDBC6Cca5949b285C00FB20CeE1f569d144bD5053,2
0xDBc7Bb6AC01fff862f9F0c4474A70df15238a4eD,2
0xDBCB640b9753f04a198C5FEb7ca473038d7e7dC5,2
0xdbCe2583cdA78eDD5A18495F11abeA12FedC0c51,2
0xdBd47F66aA2F00B3dB03397F260ce9728298c495,2
0xdbDA4bad806a83AFcbA6E0E3cbE57D77E538bB90,2
0xdbDb4465314CdF3f92417e2c9AF78b4d64062F00,2
0xDbdD5c2d1036ddF932E5e0D700676BF6e1275Fc3,2
0xdbDe67993Df7Ecb18540EeD0Dcc9021B334C599D,2
0xDbe94C16045120fd7fCF60F9a41bC192BA0F1833,2
0xDbea9eC5d21c13e27b3d62bfDC2991b5CA0A4375,2
0xDBEB0a116Eb8DF6f2F418Dfac7F6AeDEf03FDD06,2
0xdbF05b1e02F2f6dd2304DF25a3B3298b7ce41C65,2
0xdbf0c2FdCf4701872468ee6DF06C16f20f3f90A6,2
0xdBF1D5Ca13094e200B99804000708C4Fb92690f0,2
0xdBf6E26acE2179BEB9AD766C7A4E0160Dd6f1b49,2
0xdBF705e6793B41aFF543a8684a482a63065e0717,2
0xDc03d106BfEa5994c1D94094E69ec00E905F6655,2
0xdc0FB36FbBC6f03644A2e63dBd3D4F4A4d7fEDa3,2
0xDc100fa08E15cCE3d7f376AbF6ef97879F6f6A56,2
0xdc142DD03E723137FAF74279BfcDA0CE174Ef80c,2
0xdC188A814f92376e9E09c323D4211deD8263D761,2
0xDc210289fB655C7E327F3d7AcbD6901E9da285e7,2
0xdC27361494E95F566409f379ABd08813E73468eb,2
0xdc2e91aB2065eE99a2A6fFEDD10D24326909D4bd,2
0xDc306b5ec96E9982668F87D488f80D7E20D31A59,2
0xDc309086a5c4636D3C9C760684Ea9D7A5D9dea0c,2
0xdc31337a90946389a261828e2d94a405002E839b,2
0xDc338B1E67f579384779D58989e87907D001bA7A,2
0xDC3A0e2a3F004ada70E99A6074e9d422bFAc7D24,2
0xDC3eAf1B1FdB3f35aAb35AA3577ca8AB61887B15,2
0xDc3F1742c16a8f82E0362787F9774D118E7e917d,2
0xdc42002575ac9707cfE5949d24EE603df50bECF3,2
0xDC4577f070cE57323fc0D6ecA415D3823D90FB44,2
0xdC4f52BEE1aC925dBe4Bb65d1D5C09E310338B41,2
0xdC5d06f1056F2796834e9bEdDE6afa45Ed0e322A,2
0xDC608a5802f723b76fc5b577C0023ad0B874dAAE,2
0xdc6628E89fB3c05604c303550684FD3B2eE55555,2
0xdC66eD391DED860203B8C688557AB3e1E0c7B17f,2
0xDC70b9fFA41E8361a0756e35d89E4590f00B9e3b,2
0xDc72B2f5E970D5e8935C9979Dc83b509E2C971e9,2
0xdC816527bD8d5426629F7FEAE3f632B6f7d17c88,2
0xDC85415dc18Df2FF0dFb8468729510B08D2deAE7,2
0xdc8A32DCdEaAfbA4698A76825B9E710517D73DCc,2
0xdC8F09b81276cBAcEA5a9262774749f824756cB3,2
0xDc95aF3B3ff66F6F08536B73b80e073339F7bA8b,2
0xdC99D8BE9ae44936449464734ce5501136d07105,2
0xdC9C0c2e0C370a889612F35d930cA19c351422c5,2
0xdca1f84f7966aa1854aca333bf0f2dfe69b49862,2
0xdca3408EceAb8D5582AA2A05A6A4BF668afd1fC7,2
0xDCA6397695fB43DD82aeA0aF29e65383aFA1Ad57,2
0xDcAdef14137d0770ad77bCE2778644E4B4102FBD,2
0xdcAdf60Ba1BD0a5452ef50ff0FA16B2733986d14,2
0xdCae31978713eeA71aD2961A65d5E9b76220ac83,2
0xDCb2dF565605CE0accf399073bcec9AA1661e478,2
0xdCb89000656e5041ED876b97565F5B0e74BCD22E,2
0xDCb9F8544de47f66D4614064E12C340205d421c1,2
0xdcBc007217921Bf4529e0496d46B1B41C15B7a26,2
0xdCBf1B0ACA3f90A91C4d514DC9932b1dFA287FE9,2
0xDCc00773Bb27659281F1147a41544D46fb7903EA,2
0xdcCaf4C8387e3fa482246C290C94287A2a7036e7,2
0xdccf70D069d93E1aA5cC42AE4FC205c9d77d9E4a,2
0xDcD036315283471c95bfFb8E982dE104E5D02Cc8,2
0xdcD5f4b34e5B5695353071AAefBE1a54C031444d,2
0xdcd6F389DA0c67407B46a65fbeaA9aE008A4F165,2
0xdcDB515e7e788bAdf0120c389753C4d43519d5f8,2
0xdCdc11a51b498619a31c7988b76747bEDB92363e,2
0xDcdC3CBBA9C7E97ef422205c4f017f330Cda45b3,2
0xDcDF5Ed639bDac131d2Bc7d3fbB92873feFED91D,2
0xdce10C58f637Ed5fcBD8f991b4dD03084a05c756,2
0xDCE687eD229feAb45D840D2fb337ff80a524F592,2
0xDCec8c5d9c43d58Dec7E47553CE8cC87744d14a5,2
0xdcf1362e56cfAb064080F454B8898c5d96E9F9e8,2
0xdcF3928e0fdb5E300120285115a590249eC3724a,2
0xdcf42C7655f20B81a8BAA264309211A9CE64D4be,2
0xDCf7a2bD5FC9Ef758aAa870E4e7D46a980178f29,2
0xDcfC30125bDF514B7c434f9868783C7B48D7a3BC,2
0xDD02Ca37DB80a313e54e8F5811F7f49aB2Cdf50f,2
0xdd07730d83cDBFc1Ec289Fe3AF059569eF9eB4f2,2
0xDD0895Ecb55fdAce0ca460c2db93Ea540F0ebf79,2
0xDD0c16db6ED4f670BB4dC7235ab6b7C100773b88,2
0xDD0CDF8D98d9Ad3ADfaa49AaECD444Bfa01d9C9a,2
0xDd113ffBC2d674028feB13EC96668F4874477AA8,2
0xDd11627eF2941c2044396777BcbF04d03A9e864F,2
0xDD127BF627072B37C8e05f96403648AAAa3f4D17,2
0xdD15d354af9a0783d63dDEC3aF2fC8D3F870363D,2
0xDd16e3d4fd3b38Cd076e8b55C6e758eBF3fc2B2c,2
0xdd1Df994aF2fb033B4d5325f6A8b7cf8eFf54b4c,2
0xdD213f6932a986D30a5d8e063C35796BeF697434,2
0xDD2F5825e4Ec3BC28d95A1F293bf7a7b1104ed8e,2
0xdd2fC52d5519Ae0f4418de7a0bD0c3F3dE2Ce29e,2
0xdd321C776EFAf37081502C7c4a2911710118e815,2
0xdD340010FECb619425deD1237685484746449DF1,2
0xdd395BBD168508Eb7BDd66eD0C25Ab57D9F60E0d,2
0xdD40091abEc36d88763c73f39AfBADbb80E77eda,2
0xdd417B717FC0E3357fc220F77A047430AFe9b1DA,2
0xDD5452EB4CC4962569cDE5b48Cb80A586CD61C9a,2
0xDd575E53f092C0170241EE7a51A4C502D50bA63B,2
0xdd5eB1989c53E1fE735D5Fe3cFA432e23047702a,2
0xDD61dBda972d3bBE785c2eA10e629126f7728480,2
0xDD6618082ffE5768F9172Df0ec7bfB1E2C52f6a1,2
0xdD6dB71d4E7808Fc05037C29C7314362F13F697F,2
0xDD6EB100Aea1EA350d15Cc66A9107101289aF161,2
0xDd792D33Bc03d2bbd06C98788d2DF8D1D80A9d40,2
0xDD7B30ae9133e6BEF1629879f7cc1F18064ad307,2
0xdD7BE9B46f3b2e9C12D037d428c6ffEfdb07333B,2
0xDd7C01e74b4cA47d3D4297EE6FFbE0CB10b6011F,2
0xdD7e758206324F9Cf278c64113c31fa5bB141843,2
0xdD938520ABE95789533C673d7Ce07A98dD922A97,2
0xDd9895B557675D30aA425FD4b644D13120B3a385,2
0xDd9a8Ed7A201CD45A1E1433e164C4d90df061004,2
0xDd9b4e9C1fD6789a17c5080aB55E459c06cf9d60,2
0xDDa4b61154558428233E1539b557c4fE6E4C86B7,2
0xDDA6f72dF08b1411174B547C2CcEd174946D6328,2
0xDDac37fD1E29533a9F39C786e92eFBF6A6Ad3C45,2
0xddAe791EE383560DBbC0339f6677e9AdFF67601e,2
0xdDBb5d979A003722e7F53C9047e8dbE4e4645167,2
0xdDbbEAbdBea9a9b1A960DB566a9F86005e9F7F83,2
0xDdBeA044d0910dc32d6829D3AB319360Db15Ba78,2
0xdDC21F766f16C78383699e727e7B3D4156912065,2
0xDDc2D65bDe70265827b84f59daa2f9F59E1279fE,2
0xDdC486E5Ca2507830bCcD54EbFcefD3E34d106DE,2
0xddC7A1f770A5C2088094406cFb56B0d3888CdcfB,2
0xDDd89960d7B8B226780337A1978F71156ced2cb4,2
0xdDDc587b0f31B81307753Aa353956015dC9266a2,2
0xDDdD66b9498cFA1958237D0dc29232745fc8083A,2
0xDdE20A8e9414Bd4B728f343cF09218906eCD495e,2
0xddE4e94c9beAb2165Dc42F137A3714EDA90311c0,2
0xddeB0A97fc59Be93c98B822Ab51da61A50B8f25B,2
0xDDeBE9a48cDCD38677739384FaBCc00C9933b1Ce,2
0xDDeC258d76F904a7b8FEBffe025fc6190C59694F,2
0xDdF3EAB7A463e348cafab2BFd9E570183FC8A588,2
0xDDf56b554e9534BC328c6C33Ce1B315360E82d0e,2
0xdDF720359FE76F21714a7B0072A8C619150Cc13f,2
0xDDF8b18404fabAe7BF6E30C2C74c9c1fE77d9cDA,2
0xDdfbd2CD9dF0CC331da3e0DDfe96c5C32928Cc6F,2
0xDDFccCec58e14b381CE685B3F391cF236Aa7B7dB,2
0xdDfE0b953E0c88aAa8f01f769FFEB8C856E80F51,2
0xDe000Bf8BF3f3db677359Cd35C523cC415194C00,2
0xDE01A38f7495122795217e5A722DaE4EE115Ee3C,2
0xde06c8E99B2Bf545331356F06d98e7e530Ccf301,2
0xde0Fc6F34906bcc2142626EB0473dA16429F9E19,2
0xDe139A1Ca2Ee011348B2da24fAd1494d4D74BbDE,2
0xde13B85a461fB3c42e5dc58E228e737C47C56435,2
0xde1e383Fd6065F404eEA9Ef3DBf9668128706944,2
0xde1FcFB48bC3738415dBA1E8a6D01E94CFFc5361,2
0xDe2198Ce4d5B4D3D069deEFC280ba2D3433cb366,2
0xDe21c154eAcc470Ff7A9e3Ef8e775d45f69A601c,2
0xde22404fCd6E5731fd2Cb1Ec9403D28e1ae9FBA5,2
0xde27bB2059fA4C9E50bC85654C815a3D5343F8c5,2
0xDe30181bEbd88f7B32FD2AB4F57E4C557e675E8b,2
0xDe35b26a6Ab67a594b71F278845725F2Debcf4ee,2
0xdE3D735E3089Dc60a5Eb708BF9386a4Aead83835,2
0xDE4081482E45152ab05Dc6F7238190Dec869BcCD,2
0xDe4486f540eD13f58DcCA25f9406806553a1e48E,2
0xdE4612E95090AfE746DaE3A53Ac3647db37c3DF9,2
0xDE46D2FBED72d6E9Bbb0F1B7E8dc434f2da114bB,2
0xDE4E380313945A50B4AeaDaC23fE5c36844debFe,2
0xde53291d4A75b2D1A61e0E28D5B8617680B37A13,2
0xDe54227dC7cb1dE999979f21548096D92B64827f,2
0xde590Ea6a2C4B91A6B419ff4F2b71bDA9742eBe9,2
0xdE5B7340775D593EE81482b1AB0cb19b731dBEaF,2
0xde69fa8E7018D210fE616726fEBed3F6D719C0F1,2
0xDe6C87A1b36aF0bed09F690C7Fbc78536fB7Ec9c,2
0xDe6Fe21E2573cfB6aa8eBDe963AC386e303D2a75,2
0xDE72e56F2158124Ffa907F822790d4A61fa29434,2
0xDe73003A8e96ADA720549e314a92fCB1f7593879,2
0xDE78a646C581f4B253aB49859590fcD427dB2aAb,2
0xde7d6E18D8E449C3B633966C92A27f0462F9EB59,2
0xde87C9eACd60FBc8bD5f8EFD0aFC742f124F4637,2
0xDe8b9538863A2B8C87606971ff65C79e2A6e9A81,2
0xDe96EA8501B103677c3E5695DB56BEd4D3ca314E,2
0xde9e6b2fC62041FFF0A66E4230f4e64A46e2FdE3,2
0xDea1f188c9B2b49527ADEbE9002f35955b2e8C1F,2
0xDEA9d99b99487f3366853c936CE139EC78903614,2
0xDEAFB30ec8576cED9909d660D3Ab7D5062FE7088,2
0xDEb26b255758c57E763F0D4F8bb0Cc8a143F8216,2
0xDeb5088c836F534aa56fBc2B4995F22DD95E5A04,2
0xdeC845DCa5D83A84EC27982A22b3CCcc69d0d28a,2
0xdeC87Bd36d5e110110705A998AE44a6C33c3eF8D,2
0xDECC59bf2A012FedEba534E99C4649542c8c5A68,2
0xded44888AFe2dB0CecCA43a7b25070aB61fd096f,2
0xdeD50Cff424f1CDD6C2f7960C73D5B9FD7f843E5,2
0xDEdA09916A9FdecC6292284aE2A6Dbc37904377a,2
0xDeeb527b2038f90CF5BB8B578FA2Ae76df1f07db,2
0xDeeB966d8E2cEF8696b558b719540aEcb6DcfB0a,2
0xDeeEeE1C6A0e55876d25145a867081F10561D5D8,2
0xdF059ff3BF98Fa2A07ebcF86f6e97CDaB28039FC,2
0xdf0a13a21CB06383fEdDa3B469E502Bf0D60F602,2
0xDf1564ed16c54B6C1E4a2B1fD1B049F79f87A0Cb,2
0xDF1A4386Ac61b1c5a3c40d6858d30552FF29C649,2
0xdf1b6574A9917bffd6d52E35b86Aa573Cb1A1202,2
0xdf1ca41FD448BDB1a6D30D97A189E40C41FD2a24,2
0xdf25918743D5cA2c99C2F9Eaf174B303B72e59b3,2
0xdf291C32eF3b5040599BFD4dD4Af8B17B956bE31,2
0xDF2b91Af66709Dbeb8B16A29a1aD091638a3C5B1,2
0xdF2DF0a25Ec451e4A3F170Ca715629fDD4E0271e,2
0xDf34fc1D71D94D4e349b8e1354F4591Ec52Ab7b8,2
0xDf4fA70eDd8E7f7E63180098fb1cbBCb31a16754,2
0xdf6093BBcc48d705CF20A850844F1302132868BE,2
0xDF61bd3181b55d3ee744E941A3A4dAE4075Ab7E4,2
0xDF6393Ebf55eFE3071894f884922296aD28F2043,2
0xdF64CE89A7d35eE4d70A3ab0907E81fBeD6b2900,2
0xDF6b43dCa3ab880c976e2453Cd7e9eCeDbCfe905,2
0xDF7494B3C3aa53EfD45633A38F8d64214ABcF7CF,2
0xDf76b317DDc126C153F98947c42e614DC76b00Fb,2
0xdf7b9DAB2D70AFD2CCAba0841587f38F6e6e07D7,2
0xDF7DD6a8fa7222Dc8d52A1368e737B89101FeAFd,2
0xdf82F4082656b64e80f4F923B8240A3418F7ECDd,2
0xDF830F07Ce8ebd6abA44FCA0Ad2c324792a22252,2
0xDf85991cC02422cB6082DE159f2c317834CA1AAd,2
0xDf8910054f01185594649f918D375546054A4E94,2
0xDF8AE626a0690295879C0934cF72b9e5f7C7F43F,2
0xdF8d910cA8caf9D3c7dea9B62D36400b38003c61,2
0xDF9786F35Cb97b6d3Cad21B2B6F997344Df63Df9,2
0xdf97fe318787e0bABF6730b2d65714A3Cdd2078F,2
0xDf9978d12a12C83168c38AdC08EDab6adFabcE12,2
0xdf9B43B8E3039DA6CE7067BE711787C9CBE20b97,2
0xdfA48B2bC7ea87A7060687C757ec9Bb96428Ef35,2
0xdfa8D72262a2C381Fa2bBAD2Ecc1Cb1AD41b9422,2
0xdFaE17D0C675bf5f5A5B2577448f5844798809D9,2
0xDFb3e26615F089a3755C7f02e2d81911DCb44a58,2
0xDfB9662E3Db6d744738150C1f2F41350F4444017,2
0xDFc926fDDcC517e154E9FeB02efb70D23410E234,2
0xdFD1eb9f1401776F0bAa54F6109627F7E38AF749,2
0xDfD5B757BcB9Ca428b6bD0932319462Df1E2e7b0,2
0xdFD85dCAD57c015c4Ef075845278EbF66405e4d1,2
0xdFd8Bc9c5a7102F748Cd1791d638cA7245E2f43b,2
0xdfDCf883d81373111a30EbC6b2FC7312F2AaDD6E,2
0xdfDd46FBCF13F03fAF78ba804919942E9c20Acb3,2
0xDFe61F3fA3fa73152604396cB5183F1b424817E2,2
0xDfEAA488Da8A0aBe8696C2699862469Cd8E78314,2
0xdfEb50F97Bb6A660697849Ac13645E2E26cC4915,2
0xdfEDa3e8Ec2fcF2563f5Cde054d499cD71708708,2
0xDFee26e67F05eA58101f347E6AB9f11a988fA41D,2
0xDFF6421DD0ED32EA9553B0037f0332410B412882,2
0xDfF81a2AD17bcB25cACE633B12582af1Dd07307d,2
0xdFfc9812FE60596c997511DE0087749a25E52C88,2
0xdFFD2631c05303EA4E4539dF2CE6DC2A66e9d5D2,2
0xe009DC13EF92CEC55b8b9046B446615113C8eA24,2
0xE00A67B21Bf51782E01c5aa06B9c9B4781f5aaF2,2
0xE01f8E2531671bbc48D8DE9a6b6C5eeb2CC55555,2
0xe020295d8a67EDdF49B163670fBCFb9Da0b8a61C,2
0xe022DA6624eEfd0C49cdcD09679166c749c8E113,2
0xe02Ae28eB98d5807379743AE2E6025401eE4A5B3,2
0xE02C7429AB180E933dD95E6E729CfE3D1B673682,2
0xE03411dfBC798d9FD8f7A46d137D73d3D9cCcccC,2
0xe036DEa57b3a16337d220968C0e089b7F37c5dA9,2
0xe03BDf13c1527fde121A4D92b9FD1D07a023BD0E,2
0xe03cc7B1F5DB73F76cAB69C81D5f75FC01f1A2DB,2
0xE03EFE98939321a2dca615614D5ff3Bc1d1A01E2,2
0xE04483757D59Cb677d1193eA932c9bdC29Ff2495,2
0xe049C0C1bc85733d7972DD19dBDc42a8B4322545,2
0xe05261c6298848201DAcC94258903d21A2F69EeE,2
0xe0541a5098a4c53B890bd1e89c63bE7f864Ebb9e,2
0xE058962044765d19bB8D8C8B393d48AFA8915005,2
0xe059390Cf69E0200DC9466C216419671E94c6178,2
0xe07A05DD649B2B37239241C0F8b5ef7a5BcECF7D,2
0xE07E633d4db173eef6718c93093D613cC73D1974,2
0xe07E7dA4227Ebf6f2bfAB62A3263F54dBD49dB4A,2
0xE082203396365A3D4bE99649cB79e30C58030EFf,2
0xe085FB49A18a43663FeC88b44eA2b0B0F97C8c40,2
0xE0881Cc50de6A472cd340111E80d70b79d807Ac1,2
0xe08ED09D760d03026EEe531DF8B05f51494857eA,2
0xe09EFa937186C5a91F04D1c43989831FF9E9534A,2
0xE09F1E66b2a69A07C81df693FADc93D55893cEe9,2
0xE0A73213560C3a34838De26f437C77D4f56eB409,2
0xe0AeFb99c2A511A5292d3C5862b2891AADd98b0e,2
0xE0B1E3b2eD0B741D0888B599D9A6f92237496fa6,2
0xe0B2ADd5C2d094008d014369ab6bc5c42cF3ACAd,2
0xe0B8f5D15cfaeaC6b0F64009aCc9Ccb21988C1A7,2
0xE0CA284bE337f18d2d971276dB0fE6E44fB02EB1,2
0xe0ceCe8bf0D0Ec41F62D2AEbB571FAADa35C8Fd0,2
0xE0D006091Cac0fd682eA56AC42c9dec70E0a8390,2
0xe0D209b7324d982BACb757F724EbE00a9792aC28,2
0xE0e4f8725BC3f8eFC233DA3E5122D3041a467fB7,2
0xe0e75aBEf3F34a244133281C89C6388DFD05729c,2
0xe0eB3A0d414C8785c3aB5C88b20b08dCfF4DF30F,2
0xE0Ecc65FBb61c0fD9E93bffeAf6957Db2ED680ee,2
0xE0f656126F3791EAc55fa73990e93F4420b36474,2
0xe102081215037886f9A509ba1c3f56C9ef2c31F8,2
0xe1027f32d04fb97a8627A40E5f877b2109808663,2
0xE1056c6e88c5f7e9581BE12dd1Ce3CE64075f3ff,2
0xE10721A627Cf9b958c921619A864491455f23734,2
0xe10b74cE238d8128070A75FD0c5539EA45A7e44a,2
0xE10fA05BE07E58CFfB2a5111E08b276E067600CA,2
0xe1199968f34CC610c1AFc3df59F2403a467905e9,2
0xe11Cf4511C987F855D4869eBF2b6a79d872362E6,2
0xE12033fFead20Ef76E25769Ee3c79d0769CD7C82,2
0xE12293988cd9A411652508d40C19446f74877166,2
0xe12D767712C023190717B1F81a9Ec8cBAa488c25,2
0xE13015dc3C27EBA3739586FeFE8C19ee8A22682F,2
0xE130bD204787f6d8392DECa59CB7B4F4468dD75f,2
0xe1333d39F6F7f2c925d41cA2712d9d69A252Ac2D,2
0xe133b68BD1c8e2fa6D9179B51796d2C8D3B4000c,2
0xE13571B79eCAedD106D70081131b18728532E8a2,2
0xE14308aADd5d381b90238d298f8ACACad4895B00,2
0xE1441b94ac8890420fBd26B1FEC7CA9f1A04f78d,2
0xe1455E0AC3411aB3B366DDAA0F4f627BE64e4Dba,2
0xE14bC513cfAa800f48b98B2a878f8e46021c8786,2
0xe1572624EDeDeCC48e518e7dFc13E348837BD54F,2
0xE15cDf8fBaCA8ACb6F5064936227de3D486398D3,2
0xE15f62fc42B9e7dfbBb6867AeE43a459669831a9,2
0xE160781850fc3D718Da71d6750f0066Bf6092033,2
0xe1679C04371A0341b08347EdE683D0377997c468,2
0xE170Ea7018D6d31DA77d4fe0685A6B25a09B885b,2
0xe1745B706626aB802944D3F0A8cb5F3b6263fE4A,2
0xe174c5dBbB3f1F23Dc07191a510cC5E56b75b145,2
0xE1766aA98dAAA9e3b94ba38e1dc107016074F0af,2
0xE17E7F8241B4C43343AC1de1A74f286958A247b8,2
0xE17EED587A88FB9B87455eAe5DE226a87D47859E,2
0xe19825e5E4804CE447Cc695971b92603137C614f,2
0xE19df4B272E6fab50Ab2DF3F210Be551Caa42a88,2
0xE1A80d9F4527fD4b56083B80D4AcE1702c1B29f7,2
0xE1AEc19Ae4cae464eC3FFeD6fe4477228Ca16b87,2
0xE1B0827fe61A24eE60db75a473AD5eC31F1f6d5E,2
0xe1cAe54DD933c6BA5F680cE6405e7a7f6083eBA1,2
0xE1ce4E9a2A03D589753D84442D6b54ed78442003,2
0xe1D62696458155EC5227B63faC89984eB5078fd4,2
0xe1DF31A63bE22f1522ECC29288b9f4EDf18bD7Db,2
0xe1E61ddEC9d7383032D15d775DE5d2989D2a85B2,2
0xE1ea3023563407a9d4d0e93d655a6e7959d3F6e9,2
0xE1fEf47f7bF763F7399d2A9655191b0A4beC1F4a,2
0xE1Ff7ac7f4812A701ffEAf6B6493f6C8B36c2369,2
0xe202a58E90524EA573E3848BD583018a67880a45,2
0xe20303964b0F911Dd16c6CCe077E870DcB0d2792,2
0xE206d7B738212264319bdA47264CC79b4d227C24,2
0xE21F548b8910846aAbAa062fA7C9821E64De9Cb1,2
0xE22306A51Ec3b95aC06875A6a1151Fb56ac7cd70,2
0xe223e7bBd32743316053E0E6Adf10639737497fa,2
0xE225182f801f523B90d765260ECeaf62aA228407,2
0xE22754634a989d5b292dA69C3eB97429E832A4cF,2
0xE2291F7f2Ae22518Da702fCDEB955AE74a0c7deA,2
0xe22a27033c7e79678ab898844d2dF84877139C0e,2
0xe22aa192FC552754eb4fA11fae49C6052fdC6ca9,2
0xe22f04B8639BDF6A018405eAcFCCed908C4587E5,2
0xE23a7fcbC0E2344B9561Fb09c6BBb8dE5c8b8Eba,2
0xe2457fa20ef61296B36915d5987e22441af99507,2
0xE24c322324e02cDd9989D3092bE456e92cDe53F2,2
0xE250c7540ffC0fE802A3cd1ba907addE9D410051,2
0xE2542F84b3228d69347e6E4c959fe0efB6cA1950,2
0xE257619Cf8a7EbcE426f78520488459369456064,2
0xe27c0054E601bcBD9Fd5090BA51e46a9497e8e6d,2
0xe28105Ec1d9E954c372042aaC600834FF63e004B,2
0xe28138E87A7Ce24Ca2102107427481f5B6025298,2
0xE28540A5d3d4bc76a22ef40e5Da5cCF25f85Dd38,2
0xe2869e0b8Dd71f6B0eA30ceF2a63AA1ec7fA4407,2
0xE29Ae508Fb4Dc01afC96a994BD376fdD1a735B4f,2
0xe29D9701669254105F0608F5c273B5a2C8425c8D,2
0xE2B85af88F01Ca1445eF44990E3E9Fe5bD62D93f,2
0xE2bdCCeBf30Ae4565E2CC13F7D2ee5bC5b23e589,2
0xE2be475CdF44faCFF2cE56e3Ea3128AF55F82f9f,2
0xE2C505DB81751dc3d8e2A1eE4d56e2939dE92F25,2
0xe2c93323753563f4B688067e77ad857e5239f75C,2
0xe2d53BaD3145399402233a644F4CbaF13E9736D6,2
0xe2D77d29571B3A9C91E921c57909D2464f28416E,2
0xe2E0e5767c1CF095Df1A1E4C6559D0987FfDEc27,2
0xE2E5610a738C56753e9715bEF0CaA506Ce0dD542,2
0xe2e780955D38A04b794Cf74d9e069371106c2253,2
0xe2eA59F7Ee0a3F47e8683059a5f5f95F7c477777,2
0xe2Ece0cD2AC902E21af453948CFB6d2A982adD89,2
0xe2F3B74fcbC0567a1BaEE792852D756B9e75Bd07,2
0xe2f3fE664e4D322dF783b5B32CB083f4b6353ee3,2
0xe2f40e1133Da07B30025cd4CF952A6aB3631F1fd,2
0xE2f6aebd4DfF1c6593FB0A645d5a6B3bA8111a38,2
0xE30C26d817Ed5D892719C6389c20941646c48ED9,2
0xe30f1faCdFC5e1193D8C398BAA8775BdB5AF4B9b,2
0xE3109512658C4B0ad08Ab4401B73B81960268429,2
0xE31538493b100c50546459BbE8F9ff464440b08A,2
0xE319bcdd8DC4F9eFC764d6E41D5276074de506F1,2
0xe321ecb641Ac85e53a3C94e668027A37d04abA24,2
0xE32325C789703Fc46bf44E07a139165398F8FE01,2
0xE3264CD2cd9d7E4b8d1F17cc7c885446C94a9028,2
0xE327d5f07Aa60F06FaFE6E1655fbB7098d21266C,2
0xE32C7dE89FEC09db178E143b1eeBD3DD30CEF995,2
0xE33B681aaE583e38E4e010F82598Aa68B5cC332b,2
0xE33Fe0C05C478DbBF81de7Dd7F8BcBb1aa8F8808,2
0xe3460c866C705ca994e93e27957dC9060C79DFef,2
0xe34d9bb557e6d8d88CB3D788f9F0D648E33b1789,2
0xE34e57c7141255E5eBe722927e12cA31EedE817F,2
0xE350EA50366BE9c9586fFd08952E4d8369c706Dd,2
0xe3538a9bfb2466A6a1e67906811220f0a8A63f60,2
0xE3589Cdf15394f411D92F1742eAF9b793ADfe192,2
0xe365E46269780403C1CBb33E4F9714DFf35Af857,2
0xE376E1c20667586Bc22D3EBdA2a409A0E2B4Dbb4,2
0xe37AcA2Bf9c40E71812e11894ef4719b369A7995,2
0xe37c1bAF5c8De7C09FBA07ABb2A42042321cDDd2,2
0xE37EC4F313b8bca959E74278698D96939F0B8b20,2
0xE380d4d6a40a147354E3797B1BA67930DcAD2DDd,2
0xE3861F980Fca04B9b70A9f11f44E0d281Dd2eCE6,2
0xe38B9f510bAcb8c7D99D7cf283057Bd2B9B887c8,2
0xE39AD80c9f3642BfD7bCBfefc0CA9C11793b0A04,2
0xe39b2132ec193d00221b0637e66e1DC48E0c0DDC,2
0xE3a0cD62277DE48987F4Ed1Be31B0F419D470024,2
0xE3A4527fAf35f166b9856D2C41FF9eB7d4bF68b6,2
0xe3A881cC4b7EBb4651A80f5A2C3Df9656f41Ca10,2
0xe3A9e19C5C85a3D87033C0Aa417C9635684f131C,2
0xe3ae7CAFdba6A673eef74C44D8Fd1370B121CFec,2
0xe3aEb13553B9c6222A9217a4B627ddc575856440,2
0xE3BC417B5749F4675FEdA5391c4459f7b8B72614,2
0xe3bca6755abdA45f3f1bA4815103235400eeAf63,2
0xe3C11685bAb4b340fE03EcEBc1a6D397b0ab8D9b,2
0xe3D6bda17089cC7983518Ff0244407DC449Ab728,2
0xe3DfCFB26d6C3434540f99f0AE647bFa5457ADDb,2
0xE3E11885b32d9972597DF40A355cff6Dd2a7c333,2
0xe3e272F8D770C623d66De907a5F2Cf0b66964596,2
0xE3eA6E994993698A721f92491d1b0B4CE67AD5fF,2
0xe3eec657fE98f931fB3600c67074d91e6Fb1839c,2
0xe3F42af201Ec36992a6B89E0AD6f814B901d1128,2
0xe3fa9aeB8cB431C6007BAAC98c5c76aaDdDa1897,2
0xe3FDe08A7c743A94Dc8ea655E0EC62e35682B80E,2
0xe3FF60504711D7cCa4b5D62b96752df8cf03bb19,2
0xE4066AA94d2402e58fBB6960Dde575bA1604eA87,2
0xe40CE3AE066B3328C958FBB885eB65FDFc0F7D6A,2
0xe41AA443BAD860E6B584060Cc365B58dC34caf92,2
0xE4212BA9186D01F275648CABEdc9a4EdC29a48B9,2
0xE4286Fc1C59a5334c7465A3c5ca068734d167A15,2
0xe43268837DD101aD625961966922f2cad520763C,2
0xE433738cC7710baAFF7CcC285509B801B8A77389,2
0xe43e8a4616Cf796808C2d7eF0cAfaA36B6061705,2
0xe44436aC79b3d92631395De6d86568Af927c627a,2
0xe44591CdB2a3d74227cC30b420265eF6b587E770,2
0xE447c95df6e6B80529184A22aB31D73cd7F726c3,2
0xe449479B270C95D747E9dA74f078e84f0E0eDB6a,2
0xe44aa9FB4F8A98D466DF51083d9C4DCF8b21837d,2
0xE44d943A6C72555a33Ca13e167676402Bc8d4C89,2
0xE4514aF5804793BEE090d28979cF6983BF52f383,2
0xE451BF6b27FAaCe6E23684c1968E6AcF9aD3584b,2
0xe455423d2d9133bA3Ef1121D58Bd7aAB73077491,2
0xe455FC8ED9a7fd8C7daB162695213e11883696B7,2
0xE4594D700DdE307b943B3944fB89cdcc7Fe61F5E,2
0xe459b9277806DFc0663597c355C3F1BA40398fFf,2
0xe4622c418481c4d51Fdeb2e19A2F841719107375,2
0xE4652Ce7F91086BcC1466F7b4F6c315F86fBf857,2
0xe46A4F593d3688DF0Ee5B2f6812B5b07a49363Fe,2
0xE477B7A297306D03C7AfF06873a6b7AC3113a3C9,2
0xE47FbE833Ec6bcD0c09946809680EC2a5E7f7892,2
0xE48F70BEe25BC8B3F0781F7DDA7F50C788b206Cb,2
0xE494394D84454BC002FD44CB624C7CB7E469c77B,2
0xe495fBb0ec80d15946FFA1c5b059A7Bde18da928,2
0xe497b773236EB197275A51565322501C462Ee33E,2
0xe498278DDA61bb3BEfa0852DB86eF5d7e596bB32,2
0xe4A147DF013A746f127cbd7061f51456E3401955,2
0xE4AFEedcA314E0CCeb6D87d176D928F8A0eF2f8B,2
0xE4b809DA5a72C90778FCE11Ee27792C6b715672d,2
0xE4b97bc615C20449257fa72CAE00C13dDe73f496,2
0xe4c51279f0aDDe1067d083640364316e5E513ECE,2
0xE4c651139364AEAaEcDD72F57b8fB06FfF82d181,2
0xE4C751436c25Cec98BDFF2C3dC253a5687e669Ac,2
0xe4dE836F62749747E212d43357fe1ef99A7287e3,2
0xe4e2FE8e544Fd79f2E3B60ff563bC1c7906aCFe2,2
0xe4E609e990fce046505d04962ec324dE454Ac0AA,2
0xe4EB19e2937b266f843d1ECffDC28b5371d41489,2
0xE4Ec4F7cA080B3df9Aeb85664A811bebFB8e88eF,2
0xE4eD8067D5d741dfA74C8319cB1A01278fd2D386,2
0xE4FDBbB89a3cE8E96b721FD56883926035aa4CEE,2
0xE5005aA8353941e7606745f4382114eaA6E9aC56,2
0xE50C491bb4d6A38F74231Ef3532302d1540992de,2
0xe50cfFd3818eD14C8375B9Dc733d9d62b14bAd28,2
0xe50E530BeA46DD2726533332ec5239D05EFb7d39,2
0xE51528CFC93caCf2d22c145425a91173b24F5642,2
0xE516DcEE627936e5a2252E276f2E5fF0666015f0,2
0xe5190b284601a946Ebf5426b023165bAff50c4b0,2
0xe51b5e1F8fF1EbDDDD90cb8c9D3a86c21d9CcBeb,2
0xE521328FFAF8D72720607BAE658A607B35126963,2
0xE5291d4598440887C2D5Ca9f3063eA1E73Aba844,2
0xE53A38E714AF50e908e336f6Eb6f0D0Df720cb6c,2
0xe53a62ca69a7f665b382e079949fa94e5206e048,2
0xe53bdb2118585d5B2cD06a117d3A036AFA70677a,2
0xe53F446D7e3f43389C59a90b180b11D2CfEBcb39,2
0xE540a8D94bd379C4d9c0478c8fe9f7Fe7F0B06e1,2
0xE54C8329dcc83d9ad81B5738d69C6CB371CEf6B5,2
0xE54d977Ea22B07f0D1796d63D4DB0aCe5eC84DDa,2
0xe5578a5173fB82D0Ba31b289bCC7fe0f5c583cf6,2
0xe557fF102b776065FCECEA7A3d85e7825ae1396A,2
0xE55FE6473f0e7e2D12740c6AA7674CCC37fFCB69,2
0xe563Ec39dEFAc38F40347DeF5464B8A664d834E4,2
0xE56EfbF5Ccf1a3A1F227BFd02B0856AC20E3C4cb,2
0xe57e3477Ace19B60861A3376F7Ca4EAe6A97ac24,2
0xe57Ef37aF118d5dce507e3C924B45a465eBc5e68,2
0xe5835f52d7Cc86D3e1963Aee0562E978329Ad07E,2
0xE58ce931A0f39E9B29dc4814CB231F3a16488600,2
0xe58db02e4eEc4a8F3401BC298E659cf030C97dD9,2
0xE58F5a579Fb3E8630EADc60F6f3151182554b018,2
0xe58f928Cd9Fcf08631304AE5A17757b6b1A309ef,2
0xE5908637E0419323c6E0b9Ac83EFa44F535C063A,2
0xe5928E3Caa336460C7700Db06DAa7B163d89c68D,2
0xE5a72380c19471818352d3c91C57515dC5ff9169,2
0xE5a82fE0dabeD01bF4857f4F1FcB876C961DF3F5,2
0xE5A9FD16F1d3a8d71CB5f5b10426099B31854E22,2
0xE5ACdCC80304a4A375a21296b6397617b48333b3,2
0xE5AdAa810fE940611b9128bDBAdE9C496e597381,2
0xe5B6f95FB2D8a796379C798f45f649d20e76A5fC,2
0xe5b76FE748F1d4e78A51858A934C674A248712CB,2
0xE5b8E553c59F3D8E540C4Eb8efE2E66eb1514907,2
0xE5C2cf6f6F7B4e5b4730f64929E7C2e54cb533dE,2
0xe5C54607E6246804Fa761Cc7d6db107186165B65,2
0xE5C86BDCFe4AF8de3f45AbC515cEAD6B0680268c,2
0xe5D39546EF4F63A8669E054e75254001177b2015,2
0xe5d7dCC7c74596F3C0A398a5b8825CFae4476e5B,2
0xe5da3dEd3ee2A670A15f7Ac8369489c2a9907f90,2
0xE5De172BCAb43E3dBd10EF0BA6A8B67B238B7733,2
0xe5Deb60EA9Bd225ea13D73550561D7326C0A21C5,2
0xE5e021E70042F31D03B7706fBB5eBeC8c15190e0,2
0xE5F0634EBDF958dd996bFC25CaA30Fd22EF960ed,2
0xE5F12Cc5BbA69b6d028F667630182dE97FB20277,2
0xe5Fae1A033AD8cb1355E8F19811380AfD15B8bBa,2
0xE601B1CD270Ea355405A3A700D7E4C2612E6486d,2
0xe607389a7eB3269C87Ab93e2FDF83d7F7505d921,2
0xE6114e254863d369e1eb2D11a709f9e1813bdF3d,2
0xE611b50517EAf67EFc9b55BF9eFe479D58D95fC5,2
0xE612b14bFcB6820aBCcFb5F6F9683778E0ec3cDd,2
0xE62094ab3023830253C068967fc7A74131ab4AA2,2
0xe62867a9084e58D4cbebb47E62f1588B6EE40084,2
0xE634A18437AD3Bb386fFB003A0250b6A55324C00,2
0xe6384f5bebCe89b061d7826A6f03F4D481d3a615,2
0xe63fA6524Fa2d252cC3B46fDb4839900BfBFBB49,2
0xE648e84540B447773Fa3b8bb44CA7222Ad44e574,2
0xe652e59B20e15c8172bA7c8904b1d07f0dCBf9CE,2
0xE65416B5dF07D1909792F33b885bcA3B565EBd94,2
0xe656DF09CCa0f9967fc326A807217eC2c4DeC9C8,2
0xE65a30d4270705E3a6e92917A9C944Bc8eaa5Ef2,2
0xe65b95DED595ee074D101B69fF8C4e7E46b66352,2
0xe65bfAc9066e4EeA778047DE4c57b77c9a9101A5,2
0xe65df632502883FA78247C04A2497d461360c7b7,2
0xe662DAB1b7F3B743e6e28a2E8462185639c8C4Ef,2
0xE66cbDb2d99FBf9cfcE49598A0a71b0C362FD2C9,2
0xe66e1E9E37E4e148b21Eb22001431818E980d060,2
0xe672389716e96dF545eb0DbA0dC364EDE77A967C,2
0xe673ebDa767f06B35105543f526FD4fC95A57333,2
0xE67564777e7691AD8c3F0b0Fb21C05a50a1F2b7D,2
0xe6786b71A8C6733DaeCc8d6b340AC7C4BdD03f95,2
0xe6787a6eA1C9FaA825C26640ccA4B43C3d8b8d95,2
0xE67C19D9Dd8fFa21658599FbFda4B040b99E17fe,2
0xe68348d49e266De8e7445aF8B92E24C3713b4874,2
0xE68E6F36c9036e9A2562e220c595B1CeBbea06fb,2
0xE68F1d0391b311c9F2Bbe61D00d4F37c4692D2cd,2
0xe699cC88353C80Fd79350Cb36733A44f05b451f9,2
0xe69B56Fc8Fc9A3D54FD6975A283b8Ac7e68081Fd,2
0xE69d03B8c3E00EA5feDA218d92b50c2c67a00000,2
0xE69dBA18f8BC83E2d5dF830A95f84cA1549780Aa,2
0xE6A1c0E7e079CD35c7C321124f1d7CcF1E41cde8,2
0xe6A2d99f1150A8c95C0542360FeAfca509774BC8,2
0xe6A3863664DAF7306b6790F55B0ce28e50464280,2
0xE6A57651B2E3f38f176c75E977EDE51D4dDf6629,2
0xE6A5f7f6De90d5693FAc766Fca4d0D3214F95083,2
0xe6BA026f09F0bB177b7d9027D3d80B57410CE5D8,2
0xe6bBB724468970370e46A2Ffd254D2f91f655Ee6,2
0xe6c75AD0864b4c690B9F2bea318BB0CC8eB13caC,2
0xE6C7b3E0d89dd56a0677bC23A023BD47D39fb921,2
0xE6CEb84E26CA0162f208Eb139268a92553522C81,2
0xe6d1c91af7c81205c777b4b227f6530aa2d1f132,2
0xe6ddB7Fda7767B82d9a027DB31cD7e63c4a87145,2
0xe6DDF6e3962592590883D22fE4a8B2156b23e3aA,2
0xE6eA861295af4e0d0D7F331c7B950f7DA3A9D265,2
0xE6ed939e307Ce33cF23a079A51414ad0A7Bfb488,2
0xe6f4e3C776Dd6e40966726ccB5fBbb8dB160166e,2
0xe6f723Bc9A27D904AEaEF3CaF1c1CAEB3EeECa40,2
0xe703C56E84DD497679E211Fb438131455C72037C,2
0xe70834109E7EfC836Fc6751733164e6B4ef7F684,2
0xe70b7e354c57Fd2a15FacdC7eE6b8AAd4085B9f2,2
0xE72013C9B98286A70bD5D9C6e42dddA285c577a7,2
0xE7210FFAfd2b11F33d1E9473A0cA74cBA02d8cf1,2
0xE7235BF158EE41876c64690265b844a9548796fe,2
0xe726E1336a8764D90208c9975c667260b4D8d26E,2
0xe72F5EAa43048A166cC7d0e4347Fa4a62c61CfDD,2
0xe735b1f5100d929eCB734eaBAa6bC94398de35c7,2
0xE73E08df6A2521C432C96E4C327E1B0646192404,2
0xE73fF3bb55e5B407EEbd10930C80449101a9F488,2
0xE751D56c31DC1B16595a2CdfC94388687E26a674,2
0xe757970b801e5b99ab24c5CD9b5152234Cff3001,2
0xe75fd2794c8a4ec5Dbfd8a574c1d7A4E2Fb96c00,2
0xe76053445F1795E882411813663556A0E4E1263A,2
0xE76164d919fa906ECF0bd2660C20b80f4DC04FEA,2
0xE76Dd6a005a17f960902659856d026Fbe74f7E29,2
0xE76ff5EE443a60F4B748Abe5282910E53119EB58,2
0xE7718A985B56618E827b8d97fFb57808300f691e,2
0xE7746a255f5B467bAf9f4d8d8c5c8c5BbDd434dE,2
0xe7786967708Fb503682B9F55177256974Bd3F608,2
0xe77A0B79F2bf15d8b3cf3004CF2245D112850924,2
0xe781B28e02Ed5Fc4b989905cb6848d318F4735Fd,2
0xe78209461CF584292d88ADd36040a2B119c3721A,2
0xe784112DE52cb0cC44E72c72150de4631Cf3322A,2
0xe7860c5b9F09e2cF760d16b50cf6675b44c1B73e,2
0xE788ee7bB9612B84e157783b00610E8Abc3b39CF,2
0xe7896A1724DA8f616De8A0eCB0eAEc8E552f4Bc3,2
0xE78b6277ae7728668C0C99491077c63D2cd23705,2
0xe78C02194de380C30686d9E81A91548feacbf20F,2
0xE79340B457Cd941C6ae01c75b9Eca2D93ffcdB39,2
0xE7968CFA660FbF62b68A614aaD3Bfd92185c21f6,2
0xE797FBb8756141Ba1823c663A6563f07a289ca2C,2
0xE79a4eCbab32212381b4aE6854ddC74B0A141b41,2
0xe7A583E7b850c7b1505538D65950b2Eb2e43DeB8,2
0xe7a8A504a82f0A829656261A54d0443F85e19604,2
0xe7b03B580BeEE0770e22181df63dc0ED72Da31F1,2
0xe7b992c786B89f74fDeC52475E54ca2099dcEA2b,2
0xE7bA082A114b5B9049A4c9213E60755c20351f79,2
0xe7bAB427aB878Ed96Bac7A6bf68EC322B591A58D,2
0xE7C43567F7C2EE18313c717747ff56a12b8dA01C,2
0xE7caB25d46bbD3E0eCf4F7F94b89E3d7a1bdeA3a,2
0xe7D3AbaA8622095d7E22ca61DB21Ee5DEc8d2446,2
0xe7D96B5FdaB3DCb6AB5Cb8B14b291E03A8AC496b,2
0xE7E1CD30Dd4ec40093Ff1A7f514DFA6B1932781e,2
0xE7e1d0D29D3dc35fa056a0e2B7A172C17597faa7,2
0xE7e5ab1fb1E69862846f0Ff4310FFb805Eb8f43b,2
0xe7E9E9439322C31C811f64e2F204a31FB478903B,2
0xe7EA12D0415Ae1322594AC58f15e8c738d9C3017,2
0xe802480d57bfA5661d0008797ba4c9D698031e3a,2
0xE802ED7C4a34CA6a0C9a1B3709f22c905B721887,2
0xe8068baf55CDe8ECA948B021C9A77272a9160E58,2
0xE8111035Af0b72e61759762088db2Cf8ED76c379,2
0xe81d228220BA50FFafF72E6492c781FaE58c0B8B,2
0xE827eD9f2aA1156dcBCBb450e0AEcD0689F4D4b9,2
0xE82A4D5eb82518f0DE40de37483533d2A18a55D5,2
0xE82Da3cfde0cE827A95a0ef00fa37c96abEc20C7,2
0xe83366A625F1E7374Bd76E631010207EDBc6d194,2
0xE837c3ba79b1e4E2Fd69ec747b0e7231b1Dc2591,2
0xE83A1670c654477F068728852Fe21F3523A548ae,2
0xe83Dae6e9cf819a37e09E17c75fd31591E65A01C,2
0xe8465b2b6A00c85441fE25A2c28F819bF41C29DE,2
0xE8467d4231855a2292e5a4e1E11dbE6cbB4595fF,2
0xE8490C8E5dC65ff0e102D8676FB771A3a5A529af,2
0xE84aCBDB68e8AF312e3d9a4c9459513Ffabd9872,2
0xE85068405f8176992A563Bac4d13b8895Ae21Be2,2
0xe85461096A0a7f9103d835c47325b0b19389EA78,2
0xe8577BF827afC7C33774f8EdF277a6b84E24B27d,2
0xE85C6232752a8C9326F6968079b9a7617d5CD17A,2
0xE8639EE410d4F36e58d318b22Ce4E0BceCB1B018,2
0xE867532188EeD229aca44b627DB6c64933B9ed05,2
0xE877BEc21E7F3132F8D40eCB17daC0e9da5C86c7,2
0xe878f404Db02A609BE2cF6F35242964e3Ef5e117,2
0xE87bFff3c69f58C8Bf30F1B29Bf11e60605780e1,2
0xE880B0d34F3AF49Fb8503Ad4971Ff882882ab12c,2
0xE880eB15C4e27762F86A720b70F3cD53E85bfe6B,2
0xE884E21fC83DB3d768ccb50011db5b68b2318DD0,2
0xE8866b49d62050FEA07f5F4AA29C5c5c58F7Ee6E,2
0xe88c988034d9a7AA063948098845E4E324a9f161,2
0xE88D72aC13c91Eeb7aF569e3192e520479C679dF,2
0xe88e8FB48705C5f45C22558cF78638A0A8aa3A85,2
0xe88Ee667C5A8Da4CA1A09a9FA6db8c85D3b89133,2
0xe88f6629Ca45FBe483921fCc6660Bae479BC476e,2
0xE893213307860F794Ae2aE08Ea66254D15e1cA9d,2
0xe895F4d37Da4A5e31E507B2420C3281eCBF9F3f9,2
0xE89825c4aF95e53e568a0d55963663255Ea9CF60,2
0xe8995A5b2bFB25Bb054Fc5c29E5fcDAABEdE5948,2
0xE89aEc4aA47F6113e752717Bc9566ee906d66666,2
0xe89eF5263739B5701a033D70E79EbB1963c203a4,2
0xE8a1c3e72CaFB25Ac21e1cb7700d1E7A5BD8adC8,2
0xe8a41Be45cD791aD7B8fa72262bA440a4a49C5C2,2
0xe8a87B7C274c7e78D581F2887774105CF82B1D8e,2
0xe8aB69a6DA998e00b285E2f39a9c41a80041a821,2
0xe8B3aBd4750926D686A9Ce11F5C05Fd01c893259,2
0xE8bE5f77AB668943f0e01Cc7870993088f0b9eC4,2
0xE8bf22F4F3511E69e79F4e887DFD0a8778f1474e,2
0xe8c3d90403D023F265B68C714A355deF5d01dba5,2
0xe8c6b76E721D99819f376685F686B3C5ba7C4Ca6,2
0xe8C6cEe0408D8fcb1E09dC13149b6D516c32ff70,2
0xE8cC3eDcA3803b5f836247089887D6Eb1C816194,2
0xE8d768060f5947a0f24cb87e3e8D4AaD0BAf144b,2
0xE8D992882E88532BD8875c0c82d54385942d6225,2
0xe8D9B60Ace41AF8bE38d8384C19919C8df63dD8B,2
0xE8DE0D9A2caBf5D811E2A4Cc8612f6f4231dbf05,2
0xe8e81716CAd217B5D00778B4333d639785f396C2,2
0xe8E8664eDe06221Cd4f5963434fA8E022300bb7B,2
0xE8F7eDE7a795BdDf594c9b739558690256AA71E9,2
0xe9028bEB60EB99D8BcF4c9B35D6f862A36E2167C,2
0xe904961f4Ed53A42f212C6903525E35882085761,2
0xE908ba570259E4bB1e1fDd2EDd9B15E092B13211,2
0xe91082AB845e869312858B4c61447773e4C2866A,2
0xE925dA4d5577cfe8D16d31131aBd8E6757327EA0,2
0xe92f49965aB4F04d11420c7Ca6d3273D5CE2A0eF,2
0xe930048235439d30F77eD998eFc22AF4E4Bb4222,2
0xe930155736A20b7430c733d04490E4E2cb68E9dB,2
0xe937F4C5faeF967bB8AcCeEEAcc8A066Ba59050B,2
0xE94a115b75048dEe69a0C40a064D69ABDe63D44c,2
0xE952D98A92D07C16948539a17ed516268e389a36,2
0xe954112De815f03c13545Eb1Dd89351642d25eba,2
0xe95850F71b9c33285E48315062cF93A79240C1f1,2
0xE95Fe75B8211fF7101EE6c68c3e743f5fF6c0B33,2
0xE9604054AA45F344086c30799e6FFe00A70f74dD,2
0xE96132A845d04243739da26761Ce84a921f32cf4,2
0xe96c0dD8887fD98799B4766E3EA6EEf09b8195F0,2
0xE9748a88595855b2D31CCc4d564e9c03F0055A9e,2
0xe97E0a58bCfb2209eAFC8b0cfADA7F5EF4cEEDB9,2
0xe97f42087ccF97e2212Bc6770153482d27d1f564,2
0xE97F8472c4AD2cE2b0909f04b366b028e4D4e29f,2
0xE981421187d8132b91f7309c3AF12C4b067734c0,2
0xe983FCa5fDd8fDa7E4a6A2a228367903C5a48D48,2
0xE98dC73A84054fB58adFA4824b54e148087ECc02,2
0xE990BF3fB2F77732f2169Fe10152B9c3172E9fa2,2
0xE9986545B8c4e7Da53344734E386e7747FfB7106,2
0xE9a0627A2Bdb5D3592d6F9D5e58b7e848825AAb3,2
0xE9A19CF61b2F5057E677554eb86b52F81A91b2fE,2
0xE9A31a5A628F6c917cca326b51bBEC5B9c80EC1A,2
0xe9A456945AD82cB3156d42b435d17CCacd15F164,2
0xE9A4cA561A8C49eD5E260f00Cd4b58161c42cB7A,2
0xE9A6AfC9B334D0963EFCb8172d02DCBfA8079512,2
0xE9A7AABDF13EFc2Cc1fa96E33B1CD1F665674B33,2
0xE9aEE0bA6fAc89a988FB26Bc07769AAE1E80FA18,2
0xe9AfE6aAFF914a0eBD87959dfF1Ff7eA4d417F4A,2
0xe9C9a7b3385796D48EF90cd8D6A31D2B18AaA284,2
0xe9cB8b943af43fD530d4Bc2aDfCEbA8EfA87bAfD,2
0xe9D678aCB476bC7bf9C08c86fe2F9dFe3DA583fD,2
0xE9dC8606E049A0D0f97d887f1Fd4d06E23D9DE95,2
0xE9EA640c0c689871cD7B4678C2bCEF55C5aEbd59,2
0xe9Ed55f1431fc6aB62F903790314A4144E406C63,2
0xe9Ef3400EB98D650B5Ff56E8072A3c6949FBa614,2
0xe9f21c54d79e216e043cC1371150BDC2ff3187Ed,2
0xe9F832425bF6817C79dEcaaeFcb0773A9b278898,2
0xeA0A07bD4de9F584b579fD0590AB45E990676821,2
0xea0BFAe1E99f013194A4E22209760D1046dDd885,2
0xeA207ef96465e22173752543400Bf78995DfeF29,2
0xeA20a18CFEeE8336CEEa5Bf9Ab1999fa5dddEdF5,2
0xEA21680CCb9E1B4B20b809F156d469E0DBc2CcB6,2
0xEA254D892d1c130F7c6fB6a9ab16128E6905B78F,2
0xEa2917b6397615531c3edC79345bf30C0c67EBDc,2
0xeA295710BB4631BfEc13314625b33984DB69a3Bb,2
0xeA2C755f6874F9a2258f54091F6fF4B35AabDf57,2
0xea3c4b511d74FD9984992d5F01726b32af95bd05,2
0xEa400c7FddBA00166d4D413e297BF432C07baC30,2
0xea4462bc6Fc8E679b31554AfbA337d089Ec59D0E,2
0xeA48A6b8440928a51b04f27B26D969173b423CA0,2
0xEA4f1F85B373da434f9eb2bc40902f7F0a7bDa30,2
0xea4f3aAd7c0dEDA9B6f34AA186D2D3E4a1F532f1,2
0xEA50d56307De1e59b31Bb8bBcDB02876Ccc20Eff,2
0xEa5794DF1d96D9da9cf19128d86386DF5923C77B,2
0xea5B0f52B9f1EF2a1991cFfEB872FBD7A943844D,2
0xeA5bE515f69661730f43F762FC6320d2DDC247F5,2
0xeA64a2659D8b7e46920a292A8Ab8D1Bf4283d690,2
0xEa6cd506B189DeCaA79cb618f35C9f18651f36a6,2
0xEA76A03de807834c600D1B96f1892B0b748047eD,2
0xea7Db8a2c551922b16967a0A90df6fefBdc78AfA,2
0xEa8093d1FAc1A1B5C0F40a5140a9409a0C81614C,2
0xEA87C49d2FE5E7D4b448f9e04c72D13E242142EC,2
0xEA89c0A7edA9A6261ef36Ac3a840baC2664DEDA8,2
0xeA8a5B58FBaE1ff68cB1A83a4aac24a5E6713BC0,2
0xeA8F927039c47bE6fe8e756DD7CB993278D2c2fB,2
0xEA919826858d8Aa71333409236c7b6C90d135cfD,2
0xeA9525425a4dbd8cebe12407F4F03BAf5fa17DC3,2
0xEa984fFb1Bd8c746b64dbb29c474531a5F3a3ac3,2
0xeA98A37CE62F2342A3eB0AD9eDD9181c383d8958,2
0xEaAf049c385b33f20A472Ad24046f4212868D055,2
0xeAb1A94a20c5AbD7E2f5bAC415b92f82e1Df0e73,2
0xEaB2a7375CEB6258728A9e2C42C7f3d324cFd002,2
0xeAB56E5F8482A4E9AD67FC02bBd8eB6f1771D94C,2
0xeAbBEAeF4475A5a7b9F16999FaF19b6ADEAFD7C9,2
0xEac0fbBA47ea4D3ffF69019527092568492f2450,2
0xeAC4819F6e0a4F67Fa7C6654a0c2932B06C45d86,2
0xeaC66cB9Cdc02f09D92CEFe3B1F3234402dcc138,2
0xEaC82318B1cD16A3233dB366038ABE384d5032eB,2
0xEac8aD58A86f8535F38c884356514f95a9601caf,2
0xeacC824764FFA4FAC43f3e46dcF1F37b25EF0D0D,2
0xEAd0575234bdf2fC4F86B6E4f11b4d92587964B0,2
0xead6605b9E105E28bd35e9F494131C10c1281ce9,2
0xEaD9B5098A44e859359ED458dafa329ba35B00a8,2
0xeadD3432c3e4C71c03769d8A929321D5c2573934,2
0xeaDDAAd6500dEb6b7aea9af6B0A378CD67557e40,2
0xEAE11256A6cD33e91a2835Ab186010D4Ac11eC2c,2
0xeaE7A6A8B21E371c13F115A1216E9EDe68df8166,2
0xeaeA64117e8368eF3FE99928E0ed59592871BC22,2
0xEaf4de5BF6D00b9848Ae7F3E12C32DaE25626076,2
0xeb026004c9903B367a6ED62dfB7E0E9E6EdccA51,2
0xeb0481B993f2F89eb5626E24a462CFBEF1991597,2
0xeb0939D7a8555106c187a17C9cFA8409d8Cc2cb8,2
0xEB0a85184F23D325593a5dF0DB3b82E823b52ff3,2
0xEb0d35caa7c212bBe64baFD59a2137f70CB67696,2
0xEB1473264d03C667703C21bc83c0e7405768933e,2
0xEb188b870D11C9AC04e4Ae68a0060118000Cc78d,2
0xeB1a01f25fcBD4D7a292F5E27F0dCB87C1c87a62,2
0xeB20F107d5Bac6C1C9c20A440d2713A8E6FB844C,2
0xeB3564537a3bCd5196FE03F7e14D55B2B97fd3dd,2
0xeB399b99b766A8F24B3cfd50E470E6E78dF7D023,2
0xEb3BA847938ebe91c66f79A20062BA0f24f31920,2
0xeB3bE5E25ea2F28Bd8E12D58554b21f77D9b81FE,2
0xEb42372a7B42751F5b67D94993411B3dfF689EB9,2
0xeB44f538fE81b2A1210FF3E7080Beab2F3e19993,2
0xEB4CeB90B44546D2Ab0d20b151Ce6b5757FaB7cc,2
0xEb4FcB3cdE8F5E2e44C6Cb44CA2399a101271Dd1,2
0xeb52eaf46aDa8527DD7fB2659E4C07eA13138A23,2
0xeb592102124159B01A05A6654D69563C114C404f,2
0xeb6A36195E5b127846130e14B461C7ca83e19fB0,2
0xEb6Ac2EdE3376C96714a2c22A4d1881e93153Adc,2
0xeB6d7AE5FC31121504e3ff80010aD7410f119Bd8,2
0xeB6da4D79791a15F3761140711D0cb4aB6D33504,2
0xeb6dAc11a9939b575690298aC00068C230c29ec2,2
0xEB700C8026951921BbB49BCF0cD54B24d64a10a9,2
0xEB702D9d89e3617AEE002b52B29142AF6706d87d,2
0xEB79459149DDB0cDa74AF1694c4AaC4EAEC77777,2
0xeb7bf53ebacc6bba96f125a79cbe83879584ac53,2
0xeB80595a4A046342DAf248Be1835C0619d02D6EA,2
0xeb82bAe43C6c75adFFC9131FD4819737bbDf1798,2
0xEb8716e68A147893898E8041F9dae4096D677654,2
0xeb88021af1B84aeb44447812b250aB3328C0fC64,2
0xEB8ca482eE0F547e9e3bE84c36A3aE014e49ea99,2
0xEb8Ebc67809C4d86314d34795B0694d80e29e4B5,2
0xEB8fA47C5571354aA799902686536aDa2698d5CB,2
0xeb97952c39C36aCE5Af7B2919ab058ab9BbCAD12,2
0xeB981e5cAf4d6f7dE2befcc58D2670D72B690BA3,2
0xeb999085f7d08C6a56036ab95ce3AfF8720Daf7e,2
0xeB9defC1Ef02510d676965bb5A398EF3B6D9c029,2
0xeB9f3cFe1203AE5583a15832A3aAB9A1Bf38761e,2
0xebA00b6747805c1B3B0822584b2bFf3a06e316F3,2
0xeBa077aB3ebcdD05E26eEDdF4b3e493e31deD246,2
0xebb6CeB4b9b038706a509E03F089fc4cbDE8B21A,2
0xEBb775BFd0F6Ae0B9B2021A23c4198e9CF25Bbb5,2
0xEBb821525dF1dC7214a70f4C413Dc27373eF298D,2
0xebb98811336Dc591B3f51F4D982F72469BB57Ff3,2
0xEBBE521D841A137C3804Ee4520316eE2fdCD0fC3,2
0xEbBFEBa5FD905530457ef397a284e0EF153EE209,2
0xebc3a0ba4ce2ea6c78d58294433b964c9c7c50bc,2
0xEBC54a9BC67FA676e0240d5327676EB9f30920Da,2
0xeBC71231de1e9173F696617ef1aFf38Bec0c9389,2
0xEBD15A9CA30874e8b11761F1A28A4199285A1e61,2
0xEbD52465828A538e6b2bfC36fb577158AC662dD2,2
0xebDC885c0A4B1Dc383310DC107891c9C5383E749,2
0xEBDc9E3ec20105D7cF977E4FFcCD7Fa145B3E576,2
0xeBe2ADcBc2448787EDffb030307BeB8eFBA583DA,2
0xeBe3f4ca487C366e204A441401cae48E2D41b33a,2
0xebE7E229783dC3fadfa4dD8b2e3C42e5E9180337,2
0xebF9F8f60D7266a0BA44caaBfD433c86268eA0d0,2
0xebfBBA415f50a48Fd2B3eF2dbAC477450498C056,2
0xEbfD774c1C2008E56cE40E0a4504Ebecc81b1921,2
0xec027Ed7a38f03A85D4DAA91D0c0626854F2184A,2
0xeC05E1827c35cB320223Bd5B738B9020ca696969,2
0xEC099DA9Ea96C4ccfeFC9F2438ca750991D44188,2
0xeC0c4FCA4ff038481F63a84039475a8Cb337122e,2
0xEc0d862a6a01d5aFE89b6362564E6c0749e3C6D5,2
0xEC129f8463722e39a8a5F507E6fA7a33E3576621,2
0xeC141476CB25c1629BA417C38769E6F11A9D9123,2
0xec1920b494b813E5DD03a0cb35E7c759fE721dfE,2
0xeC1EE05360F2c43A6965aEf8Ae1B1C730AD9B711,2
0xeC21d02807e84516f0A7fC18F8968fA992c4fb89,2
0xec2493eFB5803b41165Ef4F36eB895C8E3E0A9Ff,2
0xEC27383a702214A2fBd93Ec7C6eBc26a8d4D34e0,2
0xEC29ce0638088D5B8f9AE217D8C91406950aa530,2
0xec3033df520cEDBa025A5CCeD211cA1e5285c75e,2
0xeC32eB2ee1d9c16EB547608E867d3EC9c31339f1,2
0xEc34c720f562Ff3E7E87C444Be3Bf6087e43e6aE,2
0xEC3B14e730EBF78b82C661AB177e7cE430B8255d,2
0xec3Eb8781bbC993510afE6A4924Eb1552C0d1F30,2
0xEC4E63494d97090B0603286200306ca729FfA373,2
0xEC55D60A4A69e1f8672917655d8c1d7824192420,2
0xeC576ADdF76d9416b5Cd95018A34710Fd1cF6125,2
0xEC5bBe17Aa9006D936200c8f87547dACa4df7624,2
0xEC5d7e91ed67aD2E3D8B3be3e9f7713B9e25B5B5,2
0xec659B0486Ec004C3f08d19aa2FEeD9f6c1c036a,2
0xec69ef1B5a0b52d967b7ddb71c49bbf948D2B050,2
0xec7164F421aA7224CfeFA381Ea13dfDEd2F383Ab,2
0xEc730025DF71402F0BB476adEBa8405CeD242Dc3,2
0xec774525D7980cC938844d45177f90ba0e700000,2
0xec788B4BeB3eCCD61Ec2e9703E1a777a5f5626Bc,2
0xec7fb8075A8F06bE74C3a02faBb410395341B96c,2
0xEc7Fd42908a91c1810958DD6D3E85254a521dFeD,2
0xEc80717b446049DAB4417AE481431787A524b047,2
0xeC82708C311b1023EaF9b04f49cF71a3838B1234,2
0xEc82a7912AEEF74fB212e799F25468d96fb68635,2
0xEc8326ceafCf3979104A6eA580f60AA24afA3B6B,2
0xeC8501D13790E06441705c180a78065534c8360B,2
0xec8984ecFff79cCEd585bA63d431B42255b5a210,2
0xEc8B53E0237af2d54220Af9f0FfaAf0F0c65363f,2
0xEc8C6187A9552b29092536E5ed1C52EC4cb3d54D,2
0xEC91Ca2d1f06f451EfD652A184a55b63C4667FF9,2
0xeC98b1C7E78AeB8e162f5ecd061B8A5E82533333,2
0xEc9A78f2bE56a4c64f33B65428a928eF22Fef13f,2
0xec9eb06A84c34374f96584bC5c48d48aA238652D,2
0xEca30BC74aaC83b277DF7793193161745316d031,2
0xEcA85146092c3BE0ae36D36F39b3D6FE5A7E4B69,2
0xeCAA60FD335c5785047c199B7ffAF9d76901C42f,2
0xECAE600D694b9ba7A4497BD488E6B8A08B25ce55,2
0xECaE8aD5958bEC79d5262bD04694752Ff83683C0,2
0xecAF401a100ff4e390075a5D45f7dB021F90a0E4,2
0xEcB5160e61F801ad44B430B78Dc2d3ce5eC37A32,2
0xeCbd75374F488c3317E989A77873F4DD6504f094,2
0xeCC424C1fFB22bA13d84669F15107f53809B0Ee3,2
0xeCc5dEed9aF12E2633EbDaEAbbA84957ef6930f1,2
0xECD342973f9Ee0aa64902cE8FF5DEC02292526A0,2
0xEcD3C3501eF81275192554F63FeeFddC2CF153ad,2
0xeCD40e1e34406152b93D46892fcbfcF9cF3eFEB4,2
0xecd7d1bb7fFF1CFca3bEAda83d7d0082BdCf4b6A,2
0xEcE0a062439f942F93dF21C5630D44a9286FA05c,2
0xeCe3Aab55574A5822eC66C3Ef688d1d2005eBf57,2
0xECF799B1d1d9FBde97bb85A38D94cDE659EB16C6,2
0xEd00C04a5a8e45ae8EE3b5C20EE3749895B3F6C1,2
0xEd01cD7e29532408064ef681f3B5dcc5371d29b6,2
0xEd063D5b0DB0083bc3b6e2656579bb536Bb827Df,2
0xEd0b36dB8E68FEbDE0C9f63c0F613f5c51f5c65b,2
0xeD10b8791828bcFfBD829779aA1612A91ae741c3,2
0xed1411cd92E0Fec0B9c8e20C010C36d75145aECB,2
0xeD18383370F45A6104D76580Ec9E54E91c67828E,2
0xED1f94C6806d798e5bDC867c562851824b77150d,2
0xEd20f206DDE0DC1ca8c52f4c2A8368fCd3f9Eb02,2
0xeD29A49D71A95c88c533eb4ddE9c2368e06f47e7,2
0xed29e6eE84E0529C393A86D1d9424Af2151071e0,2
0xed2f72d8546b2983402c3029eC28FaF0b2487908,2
0xEd31f700E1355A81B2D27E92C5B67888D2d2517a,2
0xEd3AFd345EE37B6a0881Db261b0e9f7513695B32,2
0xED3b41Cc3e040A85fDD1415f1E9b28043EaDd12a,2
0xEd3C5d993166A5bcDc5Af4c5D86480873E8a934d,2
0xEd42738bdF8e2b4B6179fDaAaB84E97353939B6f,2
0xED42FA8f503080667aA574062756fDa5E53685B8,2
0xeD47681abCcFeaBb4549444341d949174EF44444,2
0xEd5064ba8ad2A8bB799580b6D8658135Fc1C5EE7,2
0xeD5850699c47C15bf223585ECe80126A7b1e86A0,2
0xeD585391B00219A0436ae484D6D1e8aB7a8ea970,2
0xEd59c22Ed5213D805d5dDABB359182eE9Ef7e1A6,2
0xED5e70dc3214CB0Dcb3Beb3f1B9B4bB6E087a508,2
0xeD761A0E35FBfD07d57e578b1ea4aa980f81068C,2
0xed7C8DbF998c95Cd8D4a3F1102eF671FD5515dAA,2
0xed898209AcC4ba06661A230a572cDE170772A8Ac,2
0xED8b4280bc1D739DD5F664cE28fBF3dDD556f2a3,2
0xED8BB4230D7cC0Af2b6D074DDbd7D6930BA6ec07,2
0xed8E9e8A193b2FDAe774F6c883473b257FaF7115,2
0xeD9B377cb8bc585901A64D3C819473779BA77B2f,2
0xEdA5636A5bcBff668c2A5B7f9d9E1FdAEd9d4929,2
0xeDa8123dF2F046317b6CecA4aa11995691246B13,2
0xeDB182bD13948eB26c824Fc9F9f13d89C7A14D48,2
0xeDb297FfF58fA0857606a22BeaAC48Bd226168bf,2
0xEDB5b73E6fA35C96FfDd8649fc7614067Ea3984F,2
0xEDC36Fa2eB63B58bafD9249E87522e4a1FD39ed8,2
0xEDcd49a674f8AbAb023e46fdF9198240b78Afe0d,2
0xEDcF619cb28b3f8179caF2eB1159a97DCFfF9917,2
0xedcf995D8040e8cd1015Ca85675f6B86d40540ff,2
0xeDD011efCE6f8c8b92493cF84AbC445b8e0992DC,2
0xeDd19012890fb3637991ee92c9ff2fdF9a647fED,2
0xEdD5b23154e31f315cB1842E197c7131f4b73D5F,2
0xeDdd2d7895f26B37263B8513D4fa029Db701D383,2
0xeDdEa56683De225391DC201857b9eF614F9bA025,2
0xeDe0B28fA44a9B6D1E6D25A5784f122bFCEb3671,2
0xEDe280D8ba76384b41504257FCF9aB65eF1f4974,2
0xeDe7e679aEbe468A6F91822C50Ec1F9506958480,2
0xedeA214Ec8a895521450ec2ED18271BBE365CF41,2
0xedEb5Cbf32D108163129958E8E6B22c4450F4323,2
0xedf12a2345d660737B8eAA433b258b04Cc6f5B3F,2
0xEdF26f4dC602183A876C170f647ab43D1120cb71,2
0xEDF37A7F778054AD0bc0305C1379DA3DC4E96Ec3,2
0xEdF551920Ee763151B8AdEE29D32e4BEb606994D,2
0xedf94C6C26A4CA77429f0e1C7eaaDEd19aCb4437,2
0xEDfAEa2D08Fcd8E814C480d3A55b49f9550c9Df6,2
0xEDFF746e2939991aDA1e00631DfD49E1d9a540DE,2
0xEE0a4Eee549311E4dF6E374E0Cff3d84aA263e44,2
0xEE0D1c14357c2B9C9d0c9a4CCfE36DbD014be73A,2
0xEe0FBE41DF2FF251dCCe2434Fe5cf0D3FE5EA514,2
0xEE11D85440a16ca3CDbd9e6b30Ba89822231B225,2
0xee1A2d50441421DD33724D4599eE614728F16Ae2,2
0xEE1ec0863F00aC8Eee9ab7786667b374A9E6B894,2
0xeE277C3B476E34A796E6Eb3938e33A07461bB087,2
0xEe2eBDaAAA29D7c4cB6D1116aD6F99DC23adc5F4,2
0xee33f3edA148A812313C3E53A6C229621Dc94bc8,2
0xee3df8ac4ce0a92a4282e7efAeE8DF20D3C2E3ac,2
0xeE41c24455FEd5d57525942c6A55EE9918d6Ceb8,2
0xeE4812638fe7caD8bCAcA25167Fb44b51476861d,2
0xeE48400CB9d58F4432A910245908BA65AbC0e2fa,2
0xee530591473178611C35C5082508A129Bf0D9aA9,2
0xeE57B0443Fa3B2659D02448B281440055F8B210b,2
0xEE601ED185ca359BFa7A1618044E03425C537cA8,2
0xEE667a3c89C7EE6E5a9595F998D32642DFd0931f,2
0xee6946f193792dAfBDd07081C706BdE5e52B962b,2
0xEe71424542Bb82DD26A35edCd9EbA51562E32520,2
0xEE74363938C9E3093d2dE39b23E9744a74689B8B,2
0xeE77BA39653C60E7B3fd8b795b696CbBF2DBcc00,2
0xEE80E2A3a7F590aD10cF8054516D6D06d8957A40,2
0xEE85Cb9C163f80e9d2B9bE0110EB65FB6CA41847,2
0xee87a057735D342e1F13e0839fAB4012b0F27C12,2
0xEe956511A3819339b22314aE18F95bb75c3d7160,2
0xee9E78b3Bc45b2Cf6Df830D941aeCFcA9FC2cD75,2
0xEea2247015EA978aA35183AA3417b90DC549E835,2
0xeEa328C1849E7F28695382Ea459A076B86BCa440,2
0xEeACD78E4650221b60BB7F283E39eBBe84E1b24A,2
0xEeB4e7601559733d3879f55d58502F8Cfb4D116E,2
0xeEB6073bC5782538ee92EF1aAbfdc69d01B8AEad,2
0xEEc67e61AEC29205901512F44a37B7d2Be534165,2
0xeec7F360c4D8D7aF3Ee4c8984FD4256e2e10A143,2
0xeeC89CDcF4B81ECB5Ede418b76fCf033B406E13e,2
0xEEc8e7C00BfC3824F350b871Cb17D1E14A6bdefA,2
0xEec8ECB76d0BBDd9abEe7FD9F7aBf706b40b172D,2
0xeecF943c7e58d4fD1156D670Cb17f6d229AbA009,2
0xEeD7877d22701589AFc6dBB19171Dd6a17DC92fB,2
0xeED8a0C8a9CfA5448053f0e4428a243d181A29d1,2
0xeEE29d1a6fa5873065Ad8789C6e15231B48318a0,2
0xeeE51B75348A2B3198491330BE1BA669E1C310ce,2
0xEEeF882960908aF2dcdf605caB677abEd3251d4F,2
0xeef2D3ebA44e5e3654EEdE5feC5675bD3B836491,2
0xeeF519061723895689A167Eec84e2f61Cf5B4147,2
0xeeF52dd4Ab1A8311D60961c6d312AaBeBc154F2E,2
0xeeFc1563342eaA9c50ae2969515850933029e3c3,2
0xEF07D8d2E66280D63e78Ab9EC61f346924945C45,2
0xEF0f2a469291Ba2a14CD9Bbe60fE000155b501bA,2
0xEf194c77e22BEb4d5eE385C1606da18484Aa336E,2
0xEF1A0E5DCc4a7227d3f4BCFd31C78847b00b5e3f,2
0xEF1c293317970771B3029f3936555126A64FeDCC,2
0xef4aFe80a39390008a6ac8f79764154717DAf396,2
0xEf528c12d521b5D7EA5c287B84c4ea682114A6D6,2
0xef5691ec9b7A367D4dBDa1a4aF27DAd5F1C0f755,2
0xeF6089FC1b0FD180ab5A6389BC4BD03b20E0AA30,2
0xef664E3Aa27Ff8aE65Fff226D3E231866180d921,2
0xeF6C755cf2041d2fdc4c18D93Aad9f1EB5ce6a9f,2
0xeF6D0cb8Cb72F3dC2058072EE7f0Ca48bA8967b2,2
0xeF73b721B9C638a7C3be085aAdbC6BEA9de04178,2
0xeF7A8B8735030C03ec97489aEe53088fA09B7b6d,2
0xEf7d4Fe89a9316E1A267f1Fd1A4de5267d573d31,2
0xEf83c8e224371Ac4BCB95f61c998F4CD4C16220E,2
0xEf92549802bAcdf0401F45734597C2F7fF8fD207,2
0xef9351E9d1DFe415Ab06D9eE00A832743A386065,2
0xEf987B15eB455f1a1E4a9F5107ff39d056EC9C5F,2
0xEf9c3572A7194D829F5742F5299418dB1f9F00a7,2
0xEf9C37634DE860353fCCcf821756f686b6b0bE4d,2
0xEf9F5873c3e82e79836d9216f47363BF13d185A9,2
0xeF9f68674581d4A3cC5994a2f41c7E8B559BBF98,2
0xefA704BbC01AD0F6d7671AE1C3E019deaEe436A8,2
0xEFAA010A0146A32Fce3Bb99E005C350cc06fC367,2
0xEfAf44213105453D4aeb9699159Eed34d3eA43d7,2
0xefb14D502AA1a935Ed6D8cA99477ddAAFe59BA10,2
0xeFB91791b4bC08ae15e75dDeff1Db07f59c28d95,2
0xefBb11e4b09D48A7ab524aD5BC300f121ACe7e9E,2
0xEfbC53e0AFdc9f649Bc1Ab692461df57E70A560f,2
0xEFbDD138000A1974fc257214f837A8Fb0FD04306,2
0xeFC76fa9eA09B15079981f1b24D594f744F720f2,2
0xefCaE1156065690bB2fA3a9Bec0AB1705d7D0B52,2
0xEFcfC638Bed2e3D3c890FF80492209F4229c6DFA,2
0xeFD01829A6eFd6E05474e125183dB1a06470F4b6,2
0xEfD4d844A931245f6c169cC94d4a34019127d28C,2
0xEfde73bfA7F6b501b9A421d9937Cb83559E54757,2
0xeFea3fa63E64Fe861350c4e9E5fd1A078C2d90A3,2
0xeFefd9D46aF1C8A0F301c9a6d3b7Ce6713839053,2
0xEFF20198755a74c2581951d99084d514A5362B91,2
0xEff6581FAbE84D5Ed21CAAD654d54414944B0b9a,2
0xeFF6A0588BCf8Eea12817d0a41a680EdaF4923CA,2
0xEfF72CFec5383957EA2EebE5849099e9F398962e,2
0xefFBeA88C5dA9dd1d470D4f0D8596BF8C898abeF,2
0xefFca14A4407e4A29870887173BB492CdF858ff2,2
0xF009A2F3E38C2FE62130fb5DcB0411De595ae35a,2
0xf00C9CAe156084EF119ABb5822fc5f86f79d184e,2
0xF00D34e37dAb48335c439358B5F83F71Ce7CFc7B,2
0xF0166ef1711D3604D8A292e0f96d5eAf3072ad37,2
0xf0186D8bAC960396fbe9C43C384A7c030Fa68583,2
0xf01acB12a87204693951954811761495B5476eB2,2
0xf02147c2F8961F070d6a4a4C76F77fd3D0d8c826,2
0xf023eC4787a381e4C851D5ebd6Ce4582404A82e0,2
0xF028CAD7aFc6623E017616D9AacFD6CE81C17bd5,2
0xf02e7E7aFC1ecE4cf7Ea5b06D2712c919F9923A1,2
0xf03DE392CE7A29f63FfDcCe778D7085679AEB3aE,2
0xf04A00DF890b69fB13aC4dAD814f2c1c5213F75f,2
0xf04a21625FC11126dCB25dffFdF2bA6D2CDd715C,2
0xF04CA290e93EC95749069708509509aC3d68cE3C,2
0xf04E2D36a33aF9e53Ed5042E9459E1B0B1DaD201,2
0xf05fCF75C023c47466C17C83fd35E2753eB04729,2
0xf06084f215D74621786EE6658922841Ca744BbC0,2
0xF065CEAAbDd9304c889823DAa40009A802375944,2
0xF06beD3f0DAd7932d8D00fe48C36751f5C10be23,2
0xf06dAb01eBe0577A51fC453e11345A15688736A3,2
0xF07111B6A886c787Dc18C9aA42ab6eE694cBFe92,2
0xf0746F454EeFFd14E9B4BCabBAE80FbE18B4230F,2
0xf0748e609F2e521B0392dbC7F6fd2d42acF97F9f,2
0xf08A8913F1D9693ea0285A3872Ed1E98854f8D47,2
0xf08Be0d6aD6f5Fe5C071E9dEEaE6C39F447b858B,2
0xF0919Cac894be50503CBE4dE3A7208aDDc23E347,2
0xF0942d0E1D1491E837764ba7A8f2102be2e50d4c,2
0xF097A2Dd5E1Dd998015c12035A71e7af0EAa9521,2
0xF0a013A0094f0259Cd8B42e7F2e2f7Ff93F4D12e,2
0xF0A1003EC54Bd889ba3CF22fe0179A32f51AFFd8,2
0xF0a4f20B63ce5999e1069eC181d258a400df16a6,2
0xf0A73F433C74f41eC168B4c3B345Db6e61c04875,2
0xf0a9CAaaFeAdED251D3C7A19517e4Ac173D8E89E,2
0xF0ae5456330A87F177e7f37389a10E434f460eB3,2
0xF0B18FDDAd37B6a3b6f3c762aca6008E27774e54,2
0xf0B92318017b9C0005c6e71aee56730fa6f69829,2
0xf0bFdB5D2A0362AA8543251d094808CbD9F1fdb5,2
0xF0d19e47cA2687e89AabaE246A7e946eb5509C92,2
0xF0d6e5113580FB6579ACDfa23a366bC120e61346,2
0xf0De77c2852288c67742Eec0391f011c73Ced8f1,2
0xF0e59037f7023B484d3E5e11BA8B9B28e0b85c01,2
0xf0F329C243A48A2b5d63CCA42d82C8a605BAd830,2
0xF0F5C5d2b15FE01BEAc2a38aF618ca2a805b46C8,2
0xf100D16C55aA43A0cF166bF641353EB8621535F0,2
0xf101d0886813690d40105EB7D237a55793c0cdf9,2
0xf1115D41FC6BB8f8985A1AB710bC43e74fed6DED,2
0xF11316f7a74217E1383A3e0988829831e0329306,2
0xF116bF68E5b1Cb61a539d2938ec0eD76D37A6222,2
0xf11B21F0A5077cfCa780e0D25ac47bA20c2D1a45,2
0xf120632Fb66C1C7719e82c9e6090023778E4D42e,2
0xf124C3bd6544cAebBF68824EAB8C009b3f448196,2
0xf12a4030e440F7f927075E7f112F77a8162938dC,2
0xf135414e55679c81Fb7B5E9ef4dd59F645501413,2
0xf137C70FABc93b5398F53993eAbaC8e9BeE6D73A,2
0xF1384fe6011B70B1563A0eA2E7757c9FD9849F29,2
0xF138929eC79F57E892E782AD85E57794d62ddE12,2
0xF1391934a2070da80370df86ff787BB660f0F9CB,2
0xf13e4B9a3fd3a742e8CddC097b6b0512357748Fc,2
0xF1451d1b55a210C03a41f7E618DA3DF3F7bf5F12,2
0xF152aca00cEdAdE94d523A78127f4b22164bC60a,2
0xF152B076b563A9e6BB3AfeD2e948C36E755c5632,2
0xf17D45d3e6ecC5a8125e0E056f4A01d40D47CaEc,2
0xF187EA44debD68f1F6b1E271843E18F7AF7913B3,2
0xF1882812AACAC1DF9A58195Dbbd2F97fe48f81f2,2
0xF189A955b8C797527D106b40F566923C364DeBBf,2
0xf18c30cF7cC32c44CDa9c641aF6Cc784333b43Eb,2
0xf18DB14a14d6D19e80d09b5D6326A7C3106b8117,2
0xF18e30936b6144b36CAC59913D43eaFC71F255ec,2
0xF18F6DD5d72C34115f56FCf35Bba1C3912e3b8CE,2
0xf1915882b3E135430a5efF04aC27C839a73D2e55,2
0xf19c49F48598d88dae124b50EDb417E02799361a,2
0xf1AB701767d22941151847B6fb7c036218d1D895,2
0xF1ba7b062a8e558bb7a286fA7e5eb866AC636372,2
0xF1BeE62e68E1b6b7987453B0443b57DC069415dA,2
0xF1c127BB8078cA4852EB31999459B0D75d174876,2
0xf1C3D825c9523895aF7f61637c3B84C763fa52Be,2
0xf1C4eb670E0C3081fC0432C236513AA9066cF69b,2
0xf1Cb228D80549fbEB68385519272fae7742ce4C6,2
0xf1D63E272025b09C58FAF6822bb2679397b83579,2
0xf1Da109278A9bD2e138946739644b5411e4C8dF5,2
0xF1e7317e73de04A1c02e561FD0489bc195BA4c45,2
0xF1f2a658160A4318aEE65A9a0691b3b78798a8f2,2
0xF1F2cA25176030c9eb2bc39701dF32dcfCd833B8,2
0xf1f7451e30eDBBa6a637E3023d9c778688A9583C,2
0xF1fF65fD50D74Fdbf330AB6Fb62722691810B608,2
0xF20240FEd72F6Cf93d680b41a2Ae1b2F6ddC26f7,2
0xf208044AbFcaB6bc6C35B10df499a3F52Df63264,2
0xF21277Aa4e4197591A3762c974a7df5C1291EDFd,2
0xf21d5B2F1D7b7870Ac5861451D8b619E3FC47AE8,2
0xF2203bE9e6A89F97f06F43F1B2E8069257418A0d,2
0xF22344f660A512fFb238263d0DB8238dC51ef720,2
0xF22538C161bFC38197F20A91cDA2CF277590779d,2
0xF22DfC173FC2442211bDcfA4013db7b3f979e35F,2
0xF2301a51e0ADDFCBF058848aec60392089317Bca,2
0xf2347e5f646Fad7b2D3fEAc7A1dE8d2910bEF61b,2
0xF23501405af25B23F7100B966DbdE51f61fd1389,2
0xf2353520089f3637bf61157732BadcF65a829930,2
0xf2369008053ca8e6FD7a0ccEA3BAF0915EFf1149,2
0xF236Ae906003B035631b4a924AdD7507499394aD,2
0xf23817F6D701F514861fE44371756E3226DE8fEf,2
0xF23Ec829697aB55435415e2f72ED63E969Da5b87,2
0xF245b710f00a1106Df9c129Bc0352680B1b1D988,2
0xF24784E183BbF0001A7C11d8C19cF3fc56854fDD,2
0xF25678aC1d616edAC06C5661436516766195A7AA,2
0xf25d4F8627f88D162369A07a6AA66bdfdED045aA,2
0xf25E3c5708984334f814C2c43f03AEceaeC0f05B,2
0xf264C5D6d41f6a65Cd2Ad53C480227FB6e50eeE0,2
0xF26f8B7387865F4EF3eB012Fbb3972309Be0912F,2
0xf2729371cCCe139bd28619c3AFc49E969c75C499,2
0xF2855eF7c734eC1F965915dAAfE668450e4b8212,2
0xf286eEF0a168EfeBF34b06917904AAd0DAFFD172,2
0xf28777950F533FA361509179a213e12A1acFC246,2
0xf28EcEeDb8a7931604d2C090a407793D4BDE73fd,2
0xF29838Bb8c041e50085d1C81CA8FaF1ABcb87E17,2
0xF29A1511fB5EE0d8dBcA7735B1c26E8039C542eE,2
0xf29C6bC1147a841519B382459a6D7A373C6B9971,2
0xf2A1c82b6Fe06d0CF96f24F93286b915296DE10e,2
0xf2bC68A498746b311d210a1468ae1508da011A5e,2
0xF2C0ebEF04490bB395C548dB233c66eD702cDEED,2
0xf2C28fa2aF36985a1a8Fd4e9A844D2afb4f0be7e,2
0xf2c440c17F30e7eBeb1fD4d0CBC1f415877526Aa,2
0xf2c908735d350a7057Dba61540f5F8e80D1BecB3,2
0xf2D112ddd05a2a0Edb987191e827f925EFe1BBE1,2
0xF2D1C0bD1f5Fa94123FBA4b7f330d99ABcc93A03,2
0xF2d5853751a890BEA6e7ba7dE2f2E992286f4419,2
0xF2dc1754f8609aca27426cf57aE02c432e2FFdb9,2
0xf2E3A0e448C3664D0Fa2Be628d8a55F88213F1E5,2
0xF2e3f4DBF684fE44F56A8f28E3f34424ddD6657b,2
0xF2e7789B42010b7C12F81e70c80a3158b88bc925,2
0xF2E77939137dE840C4e29915b2e445D7DAE2C586,2
0xf2e905350dFcd95072EBDc40DCDEffc7a1f3FF16,2
0xF2eF5e1D78b4B874CA08F87D068E8fD860aB10d2,2
0xF2f1D33ad25468b49f1B5d01d51Ce341f3328418,2
0xf2f5183BAfaf45215afd57fc84Cf818719b1A9b8,2
0xf2F5dA9a4Bc63F9aA77aC67f8Ca2700E8218dEB1,2
0xF2FAE450695C75291647F67aC3a4d3B5D168903D,2
0xF2fC0D71a474d012ba651A8453620D2bf1488888,2
0xF30aa55510bf38026fA08aA4656309dfa5bf7f65,2
0xf30D480E21d94678e5F62d01116bd4155F11DbA7,2
0xf30E09B6ed6f09e370d3Df209c08E57a104c40C7,2
0xF310b73bcd50Ea32F4dAEA05c3dA9Cf9c4e65761,2
0xF31dD630063397a1380999E4B4faC2294E217Fa9,2
0xf3218323E190c2010f964A7Cfd168d5cDaD4E6Be,2
0xf329Bb00E4bbC51F7Cfc6443A1fEBD6778e4666D,2
0xF32a474c93DA3655020d5EE6cc13fa74cC87bf20,2
0xF33aa5eaDd5013428EE022E59Bf30486E6d3488f,2
0xF341d4cdBBFD93F6670D066DD4CB05F4Ef7220B6,2
0xF34D8a2a49a9F62Ac10945e6E94F747234AaCc67,2
0xf34e8a6f9ceB01fc8fe169387B852Ee53F04B803,2
0xF35AfE935A5BADFa54529e3182721BA4A14B9651,2
0xF366E5C37737E5FCBC54e29f27e33B84E34f1414,2
0xF368Fb7f7Ddae23A23dAA6c82974dC6974050054,2
0xF36A444A76176Edf130908AFeA9F264C9af87B2C,2
0xf3710b65B63052c5b048537eD7602c4db79118c9,2
0xf37Ff9b33C884d8dA0775d8827F0B0444dbe4A99,2
0xf3806055720b89D53afE78C497B4869E8a8484cC,2
0xF3810fFf8Ace33E0ef0fedd084Ee11a2c9eE0125,2
0xF3882E5c78E9eF73900343B25d072D950a96917e,2
0xF3903E462291ea580eb883e926a51cc3F51445D1,2
0xF3965D88b3C7581f01902eB17e79c02e6B6273A4,2
0xF3998EcED96ae3cFe880aC9d2637B4118dA48E22,2
0xf3A3cB378D93a739102065d0Eb8732832Aa12D9f,2
0xF3b2c942488cAfd9FD64C432B4f7C07C4AcB97D7,2
0xF3B64a2820f2A118765145bfdaA539E6D7Eb8938,2
0xf3b8C18Eee02e283455c56fCE92AB5a6d9a089B9,2
0xF3C0EcB6E5B89969f30cfC52C157450Be1585cC7,2
0xF3c97EaCccE55f3dfb2183D8B03E44e507C2c73B,2
0xF3D40460d3582D477544e095d9f90E791abeDC5F,2
0xF3E636C5960b4030012DF5c87E7A5aEa0792181A,2
0xf3E9805ba953f7FbfBC7d40D0e1E9830Bf970CbE,2
0xF3eE4191c13af21D03d9093005fb64674354cEC3,2
0xF3f457AD676fD798210996219c7f868da83B6b35,2
0xF3Fb000803AB94cfF31b0B86cEE0eb0C32FEA628,2
0xf3Fbb2c0A711529eF9b81fE59a5Ef5b8f1E0eB27,2
0xF3FC1CD1998a7d58dD1B2c726143382b05eAebEe,2
0xF401573B9afb1FCd2f58ad73D038998F0bb62791,2
0xF404E9Cd24fF51b277131aA2E358B5f7ca6506f2,2
0xf406B3E752b9096673Ee25d3179E31e4c0CDCa18,2
0xF406ba2231e3F546A6C4D0e0bcBdaCcB0FbDd1Cf,2
0xf406c91b74Bc5546aF66712E6de3d477f2D485dc,2
0xF408D17dF0187B90d33FDFF1E604F08fC74a0c00,2
0xf41DE0130566d09e4cd38fdb7d7b40445eAbC45b,2
0xF41e3186861AfB9840EA3C87F00366440a648320,2
0xF41E39b6c0eEB47c569414E264F311F17b8c5fFC,2
0xF429D114B2C1BA116aCD0912e5a18b4f2eC0F813,2
0xf4345b69EF41a0f528952790F87aCAf6702B15A9,2
0xf4359D5b888772085F3184c1A5D1F28c70288888,2
0xf43B2bE4AA887F426F05f78604b364af667C608d,2
0xF43C8F4DF45b5bA8A6d5f4723284d260e5075F72,2
0xF443725493869457e6139Fba3CF4C55c7cC2E404,2
0xF451638e3466aC35264386909d3E738Da354C33d,2
0xf4516664D159973Fd7b254801A10A51aB2dB0C3c,2
0xF453F6244524EF372fcA08739e61D1CfdA97C551,2
0xF4549289EA03808AFB064fa36478c100f7D6cdC2,2
0xF4604a9Cb3b90860B5De52b15bFECa9eD78873c2,2
0xF461796a00145932E2c302636890b210c20Dc3eD,2
0xf467a7E6115012F5116022B3B0992D970736bD3c,2
0xF46d5249cc422D2F80064f5E2Bb4b5522d29A0Ea,2
0xf478F82889986937bf446F53d6b6a4C54163f90c,2
0xF47c95a6EfcF29C5E8864b260e87264bEc354E94,2
0xF47E0088A790E06E4028FB39f77A963CF3421f2A,2
0xF47eECBB65EF1Fe4e30140A1eB5b237D252B440D,2
0xF480Cb727BF5ab2F818e5D87D8f3E5f0BC90b448,2
0xf496913f34cC08cC68245dB081a86Fad87eeb3dd,2
0xf49FD865BF95d705a0f59523dd97280D7d9219C2,2
0xf4a048e9969485ED85779bf48928953F2defbA53,2
0xf4A143E33B2707EDdc0eE8427CE8Da13a3c56d58,2
0xf4a62B7693652e342886D08378C1C61f68962bCD,2
0xF4a6eb66Bb656735d62B17656859Bf32db07BD02,2
0xF4A7Ca09Ce07378977165A232590332138CFa5f3,2
0xf4aA7cC5c3c55BaeC3F249ef141bcE30BA67a255,2
0xf4B41d0052E969cdaA00067aF38100E5023e62b3,2
0xf4b55AF23C01B397bF88Ce8A19aee70b3519b456,2
0xf4bAba092bB9aAf76E0C03B856398b9EBED0819f,2
0xF4bBc0F20C9b4Ca73EC5Cd588e8A56232e3B2E05,2
0xf4c40bF7070Fdcf64Ecf020bCb583738A6cC3bcD,2
0xf4c597f8e847f2Ece806E788f5A7374CC2A3d18f,2
0xF4c5BFE04C5a92C98D97e88108C7b583457Ca3E8,2
0xf4c7c9b98Bdc37E71310A1957978Cb11C7bE62fD,2
0xF4caBE3EA428d821c1d6c9c99C41618c20a210EB,2
0xF4D28f9eF6F9990DE37983e58a49AB09337d5459,2
0xf4d7ee912DA28C6d9c804c85A9383720dB2d71a6,2
0xf4E14d778c2dbD6fd1A04F08721941Eb3E1c9d6C,2
0xf4e8DA1b4D1E9Cd1D948EF5DFE6e5226361410c8,2
0xf4eD05900BC520B022759D0278587b11Ab041602,2
0xF4F8C7DaFd5C217F7347E8315BBebE60e590c91B,2
0xF4f971CBF4bBd189bE8437dF5914fC6D0b2ACd0F,2
0xF4F9A3A718Ff9Bf6695afd3163dc698dd1dC6a5A,2
0xf4Fde3ecD86d225BAF5084ac6ec4e48BD1Ba8605,2
0xf50dad63482Ba97eA3784eAD7D22D1473A78200f,2
0xf51040e6104A86ec66B0ece14E09De7d24a1eC2A,2
0xf510795400Aa6530d1059c8984B96d59BDb36a5e,2
0xF510991a0D3A2A17D6393De438223ce806c079db,2
0xF51278b125e8a64CaE3A3409Fae9B7a141a39069,2
0xf51bF514fCD0014bADa561A026bC92C14d35743E,2
0xF51e930887Cf07744A1b2c24ad61B68E96cef3C9,2
0xf51fDb2dC9B1EC2B2BE6eED0a5Cc1Fb592f67894,2
0xf5208A1281bA08f9bcBa384Ec9beFB3dd5Aa921B,2
0xF5246B399F3f4dbDd059557aE41317859541AC4A,2
0xf52493031A40b1ccEbb482292FBf6148131d8963,2
0xf5297Bfa12504f8166baF03E4564cdf13d64F844,2
0xF53429b3CD17d1ee16D59683E9F901DC8f266441,2
0xF537299D940bd50625420B3c33032E9Ec662B0f5,2
0xf53A338220f9c34F0D30bd9b999165EA70AB93DE,2
0xf53Ece7255937f722C356F1ac90C39C1ffa2500C,2
0xf552C30Ae2FDB40c906a5DAF71181b4B887Fd887,2
0xF55369de9C417e6AeE657828217B6824961dF4e3,2
0xF5556a2FAA22029ad8660aA985e8586d3884C3ee,2
0xf556B18f1Bc4AD5Eba70337C8217219c041212e1,2
0xf56f739f73908F2eFe2341fc79d9080706D661E7,2
0xf570dB7c9022D365dF41d6FCe9045e13D347D392,2
0xF5771d44fb1899b255E24D050052284fab0A059f,2
0xF57a49b941F7725D858b657b9f82052C4D3FcB4d,2
0xF57a9B1f574B1F80C8CEbe252706bb8B4d783d21,2
0xF57D5CEf7a1d161BBc80bdB0ea922F31FD89565e,2
0xF58075493E95B5926cE4E740f4EEef4f06Cd82e3,2
0xf5850eB873F3e616bF0a44482759F0B8538F67C2,2
0xF58743FB6842E7621423A234447A9dA50408A70C,2
0xf593A7bfaE70848671C3F6129bBD475366fad867,2
0xF593fd0156a8fdF04d816F4E5C941E974c23FB1E,2
0xf594dB313ECb03F4fe64FdD97F2180c3e16D9c66,2
0xF5959D837fa85F90a1f97d29Dc2BC897c74A892b,2
0xF5A134fDb640d5398C3bFDc3343a74f39ae93b7A,2
0xf5A1E1b414c66C50A1a57004f4c0d51AE8b253fc,2
0xF5B0CeaaCA155648346Aaa613e48C2a3D75cD142,2
0xf5bDEDf73a234d8f2801417eeCd8ad617ce3C33b,2
0xF5bE59cE330cbcED0da4E78B71d7E82d4da1256B,2
0xf5be6F20316d44CDFA4E0733B645E7B953a4f1B1,2
0xF5C5ecbd1F9C60aACA082492895fA59B61ea3AeF,2
0xF5C7F48887536E4E8F4a947472546bA81E74c569,2
0xf5Cd2375974723539C8C544720B6EdE1F5d6f351,2
0xF5ce232175DF54d567B625586f87E43b421f713f,2
0xF5Cf20EbC18c8F334eFecD9E55E500F6D65b4527,2
0xf5D0cAe907E26D6bB1b5fD9b354E2642E35D0e07,2
0xf5d16d5a3e5F630655993832368084A28018C211,2
0xF5d481AAfc3fD095fcC3f4Fc1Bbd20E668caf1d8,2
0xF5d48dC3EB1c2DBad61e4505e9B36469B9105De6,2
0xf5dc682517e09342a6318BB284194cA540C82F08,2
0xf5DDE5F1207fA42B9bDD7309A413866521946292,2
0xF5dDFE02034c1019e1BEbCbC2c64E79def90bc7a,2
0xF5E97D212A3E4AE710fd6BF21b55013E08C70533,2
0xF5F1fB0f165cb33390b2A58f36922435d076950A,2
0xF5F26AFBaC9032B32F3F73abA75fa4098a3e68A1,2
0xf5F40262d0d138659ec03698435b1c86818e504F,2
0xf5f791A7271f0c2C4639E14EB27766687B0E7628,2
0xf5fD790Fdb4B1D90adf44f83A45EeF200e4E0C7C,2
0xf60bC6475C8ac3952a7e3A74B98d2Eb4a6ea2066,2
0xf60f02a151c8780ff017f7450EF0b9C17e74889E,2
0xf619B65ab706C7a9d0233ef04cAFD0AfeE8B52dc,2
0xf61B85a537B66C98d296Dd6a0D4d1D7BaA34D1C9,2
0xf61EDDfa3EBF49d8e6D6f7E48da7f1A08C203CB6,2
0xf63d7DBe24Ca439eBC699311001a661555a93040,2
0xf647053969636aAEE93B7afD1B551E1faa0aD708,2
0xF648c59De880De5b81A6c9E4b5AFc4336a9FedcA,2
0xF6518aD7786cFCF8238a225E83b1F3a3065D729D,2
0xf652649d645abecc163c000e17f4f2987bd820cb,2
0xF654bfc9670cfFE69B17d1933020d14E9735C390,2
0xf65e0DA124D62a05E1CA7d4dc1C71701552fFF71,2
0xf661b5958eA6D4bC75DFE647c3bf91737b029cB5,2
0xF6635B02FB73f1F75D9a90e675173040fcAd177b,2
0xF663F3Aaaf0b268B6833287909E323E661F657b1,2
0xF6692185C5186807EA5267BF4f4643A78061dC40,2
0xF66B35b576098892F9F99A07BEdeeBAcdB3B1fa3,2
0xF66F81c8C01EbCFe2752dbc253027cE06d95e8d4,2
0xf6784DbCd92b2eC36B496a303DE36ED427CE6CDb,2
0xf67cf743103a0d007A1F8DA9b1D1De08258671b8,2
0xf67E1997D8e60Db2597f8a7d9907D74595580488,2
0xf67E79d304aC4F414Ceab27DC0A871BBe441Ff76,2
0xf686F95DC20Fdb5688fD251513e9cbd1fef9848E,2
0xF68D2BfCecd7895BBa05a7451Dd09A1749026454,2
0xF68E69b9D78307320F54CA1a4C5F868d2C1D2A46,2
0xf68f9bfe40D1680482581Ba66348DEB0222Ae5Cf,2
0xf699B89a1Bc663258810125fb8844F3Ae10DDc64,2
0xf69a4f36895eF45Fa385169393B286A518d1CFa9,2
0xf69f897A1A69B53399D481e9d6dA5F756dcE061b,2
0xF6af8C821b7548840C1ba36F34965A76fA3de497,2
0xF6B1048658438B5ac98f296ab78AfAf509C70365,2
0xf6B296693Abbf58D63D7e54a1A3b7Ca7F726DBa1,2
0xf6bC8BcEf8b54165B825e18B0438768d1B9f0496,2
0xF6c7DC1f9D1BA5B17FEBE664bae7645C04b42067,2
0xF6C8A384928Acb9D6F92511601a74A41599686a7,2
0xf6CA4BF46B0f52185Fb3b1b55d015bdB04814FC8,2
0xf6DC0C3c687Db6E8CA8008DDD15426be77C86B96,2
0xF6E0b11F4FcBCe85504fd04DD9AdC6A8A02Ad90d,2
0xF6e5044b1188D6A5401aa4591Bef57B63E6267a7,2
0xF6eE3074b63536d2e102302E2D6903a3D5E3B6CB,2
0xf6f0F9ed0f755202Efd6E7bEB08dcf1089da5E9C,2
0xF6F146e9E6804CC7dFAD0C3B4c57c35b33d4AFa4,2
0xf6f461752D8ac4F017faEA61A959A77e69ce1c48,2
0xf6f49763360c890149e99000547D16061bae73f8,2
0xf6F6C1f08dB1628998c5aB99b8f8df834Eac29b4,2
0xf6F85d9B96a43c87fD29E2FaCbF644DF6Bb029b0,2
0xf6ffdf056ec0cD5AD48E1DfC2c480Ca30C147Cf5,2
0xF709aFfdD2195b17053Af5f6590cF1371F915295,2
0xf70BD5596F83110208db05b413Ff8ED907CF778F,2
0xF710bD574EAEec1A8C1A92dae01F4923037fC9DC,2
0xF717A3C10D4ed9e8756D19274eDa0050b31D09Dd,2
0xf719Beb13D8368387008CaD092F1911FDa429a56,2
0xf71aB4E4172730eD096b832f37982942935C7215,2
0xF72131e357295dDBED1C478096Bb81D90eFf0c19,2
0xF72508EEE75d3E3EB65ac2400Ad4409f4Aa42ED7,2
0xF725c30fB817576eB402Cc52243cdFE6D62e167E,2
0xF729BAA4675C7aE74c1dA5146C85024D3419f7BC,2
0xF72D27B103433ae6ab6E3E83BA31cCBb02A73024,2
0xf7321Cb3Ab5EaD1C78187380D89c3c6Afb492C84,2
0xf73238c9BeC896B8A682Df8F19B023039f9500Eb,2
0xF73892A76d50cff31A601e24d603E80EadFB2F25,2
0xF73ad705CE9B50162Ba3eCdC7074311FD8e57D06,2
0xF73c7Eb640ff4706A7d9AFA65148214d8Ff43824,2
0xF746362D8162Eeb3624c17654FFAa6EB8bD71820,2
0xF747bA92149945797b916E1702C0af639D5bec1B,2
0xF74f8aD40B17887B0379D87C55C063DC2861aA2F,2
0xF74fDc088a00E43DafBCA29007F37d3174fa8FC9,2
0xf7507e969A671CC336d52dED5607b2c8e2c9A37B,2
0xf75404A4B61cD01eb1B4939fc112512fe1C10f0e,2
0xf758FD6452578A26a4F6C122b625dC8D9ef0EDcd,2
0xf75B9ADB7562F11633f219481207D42Db501dEC0,2
0xF76184438e25B5cCCa5ae4E5761B0AAE60311051,2
0xF768A50F3660267EeE85ca4cF6a4266592342171,2
0xF76C606cfAf6c2b1664D0A4f318A69ce990Bf08d,2
0xf770E42Fd25d745e9f25ab57CCa3e96F7fE62D14,2
0xf7764568B698E5954892c00ed7D9A390B105C5f7,2
0xf77Ab92D1C3453f6a98102DE0Cec3fc6Ff597002,2
0xF77CE671E1310d4B983797889Dc3c50425Cc2E42,2
0xf7828FAC4a6454c38166f468f49f0aD1fd26B89c,2
0xF7899dBe34Db87F1A5c7eF7BA4762E33dFB624A4,2
0xf78a1568BDB5F0c639243C9FB4f3429984015b7c,2
0xf78d86b60320C4707a59737E96D8229BF0D63bf1,2
0xf78E163a65818054A5989c5676836a15454f04eE,2
0xF798E453910810f7581E5A5F8c8b926F8A158774,2
0xF79c706793c9733358c3fCC11970d2CeEB587e0D,2
0xf7af55B05bA5FFe0F5290b560b99F097EcCba1E7,2
0xF7b188d84192e23049dA2E659ddC2d79D7C85e1d,2
0xf7B3bbD497ff72c7616b401F99c032ed1ae16Ee4,2
0xF7C9E269bC9742aEE4e76C120408448d53970de4,2
0xF7d847d5a69782DA9F7332d86084e9b67F749e0d,2
0xf7D91b6E32B49720E9598249b6197F1194a15dC4,2
0xf7dB6f5BDADb0cd0A8385A04C0C7Fd0753D2cc04,2
0xf7e140B8701b10bc36D1E88c3c0B374FA89E93F2,2
0xF7e49Fe0A0dD6Ad5982923B727505956ddf448e3,2
0xf7E515BfcFa8c0ae9965716d63621d9a8a29B2d4,2
0xf7EaB8F33F57474387A57B898577aa9d1250298a,2
0xF7Ec29dcAf04c829946daFf2F3FEBEa603575E1C,2
0xF7eeBa93375E337FAEA0F205dE552E20B3c97E02,2
0xF7F0E292E8878C54FE7593963cC4ea1465EeC60E,2
0xF7f14A9b8dd5043E693eAD978A45Ec028163C221,2
0xF7f213b819fe66a7D1106001be3b84F221Ea7e18,2
0xf7f9319ca3CCa5E6A6B02FCc549EbcA9972C3c05,2
0xf7F97e0b45C230d209d0A721414fF7ABfCAcaE80,2
0xf7Fa355d877F4f49f7515b2FA9ebcA9db91f7B44,2
0xf7fD5B6f6fE62f913C29dBD4f4d454bbF2a9093F,2
0xf804a2D18aBcbFc21bBDda260a329FC83F3bA242,2
0xF8052298F589c47942b773DB58ae8b03F61b7E59,2
0xF8087180522B7C5CfBaA155E2423c2DbB82d7DAf,2
0xf8097bE11Afad1A333c563f0C469fd6188394d4C,2
0xf8105eF3EA823fC6816e1AE1dB53B1094C837841,2
0xf81526c62AB7780C5D052dC92F9e56978BA091B1,2
0xf819e5c0e7689F6B00c2fADb2355eDe6558C5698,2
0xF81f65a444F59E310F178aA3bDDF6D3dcBe3018c,2
0xF8221c886d3521F9360f791A2Dec047385672Fa5,2
0xf82469c764b55FFb7fe7b2BeE3205A0A4727f390,2
0xF824830FC643EA8AD3389F932b9B0761B7Ef2760,2
0xf82483c6F225ab34aAfbF6Ff3E0D11360ea289d3,2
0xF82d46E02DD50c280050D45f22D7e22aCEB0F0ae,2
0xf83Ef90470ecb718aa0DF4D54781C105F7073d01,2
0xf845862abfDC7E4aAB527Ee845E34A95f72A84B8,2
0xf845A40a01763ba1b83462BEeCee331bc4653ED1,2
0xF8467cAA728Ff2c958Cf02451D3888D6F541AF4A,2
0xF8481FA62F3c4530E870cE5794099ca889C4AeA5,2
0xF848E384e41d09DCe3DcAeD37e1714418e68ea7F,2
0xF84d020C8B1e5430B42f315Aed4472e9Ce465aFC,2
0xf867Ef4a089E904B9c2E926f83753ed6E17059Fe,2
0xf873543D645b90bD00dAfb012cF22Bb4E03dBFFC,2
0xf8777C332430dcc38aDF916f2E54F11ce1E739fF,2
0xf877B1C7998347344Ea030088d4CfDdf86322a8B,2
0xf880214E8647A7dCE530fe48401Bde8464CD68Db,2
0xf885167d8058E0b4Bc901Cf91579675A076D8316,2
0xf88951b0C0e387B182b7c5f16Dbd2F99bD28cB86,2
0xF88c733E6D061D5D60B71C78D855D42fAB7da55A,2
0xf8965016952390c6F793f9B061Ce13c0550e3D9A,2
0xf897Ee44abFAFC931e0B26e080b26aa19709D010,2
0xF899f549AaF979d8e451d42c31c48a4e39aC59C9,2
0xF89A49C6fa8EA34f312C07D9C088B5aC4aD774f8,2
0xf89C94f43B36719046b55E2AE60BacBfc0dB1C6a,2
0xF89eBd9ce434E7a218063b6eD5205085bBF22222,2
0xF8a77c470a333087d47A815e60E13A048697087f,2
0xF8a9Cf19BE9CC65DA49673c24Ae145a24290b42A,2
0xF8AF8b05323C61C6c48e4Df67f49f6CA4cEDC066,2
0xf8B08Ea8A3C9Be35A110038Dd93B0D6E96F3E180,2
0xf8Be29e7F85d85469E5e221440A58a014e7EcD19,2
0xF8c9Ca30470FCA91682869c7CCBE75a7106d3BD4,2
0xF8d0bf917DbdeAf6d75f01420E70627d05A32cd6,2
0xf8d32753c8A2a0A58F132622497CE4b41A6aF4d7,2
0xF8d34A9d9745fF0bf868f69ddf3837B65a562794,2
0xF8D4d982519695d1d39ceB1513A32722dB670Be4,2
0xf8D8B3b0F2b9f16522eF04b370c032d0EeDbE734,2
0xF8e2697898fA458C14B2956eb3a687DE8c987e6F,2
0xf8E9A439b27D7e211C6111BFBa435C50edd4D3d9,2
0xf8eD9f571e456030e8c0A1EEff26743A402e7181,2
0xF8F325b84b772979aE7EcFeA21422c4538671948,2
0xf8f67383ec0d902C72201413B659480616616D52,2
0xF8fbED112e90e9B97069cc99140734b1E528141E,2
0xF8fd723de7595864Ddbf345D05fdAf7790340aE8,2
0xF905049d614DDD21E4745417B3F05eb05e52C4fB,2
0xf9066F2dc390F1D8A95C6fB7cdd8bB4ea1530DCF,2
0xF906dB78aFCe853cF9Da2751c52c8fBd255BaCb7,2
0xf90952026572067E2f0A305a05E90A308Fc3868b,2
0xF90C9920B2564d31EA7648EeCF80f8C3F4DebEC8,2
0xf90Db314Cfe0149c66bd13B6b1c42F9c59E43bD3,2
0xf911420e133B125cA7819e1DDE6070C28c1FDF5B,2
0xF912679dBB8B03f2179E84bA5f62eEe6095D3cCd,2
0xF91fFbC8D384Bc2aA9c30c5d2b199e51ECf44690,2
0xf92984e9AfE34F9AB76E5e7DD68d9a93FDa20581,2
0xf92ae8a0b80FD44F909D9B19d7e3f2AB734629C3,2
0xf92eB64FA196B8e8c7aaA70575Ca8CA698fEdDAd,2
0xf92f571Fd4ed497f672D4F37F46ee02eb13b63C8,2
0xf931596243AE34653aE6D710c54ccCF957f19773,2
0xF932D08Bd5729c65bBA2dF581b25f4A7a48d011f,2
0xF932d1fd57AF67d4F35232a1df232dcE99E5b947,2
0xf943BBB0a69886b44910ef1Ae449b9d44e64C5bb,2
0xf94475C3fEE6533d7Dc4F93018D2803d7E96829E,2
0xF94818AbeE5B7Bff9E523b3d271E177aD4Dc27B4,2
0xF948b325E4770b5409DC40809681E1e67376ef11,2
0xF949F49AB389055b722c37168E339a4b514838a7,2
0xF94EEA1D315d32cAE8C0b2d7E95B2cc74b54d509,2
0xf9552dda9d80fe85339ead84010173eDB53239c1,2
0xF9590A3328876e23b750B68B79600E6AAb3B2385,2
0xf95b1161796Ff2b903d1f7754465242541dCa88F,2
0xF95ebc39693507407C53A90F60E73c5049444b62,2
0xf961Ce51648046fcFE75CB68B08917c688A95d46,2
0xF9640fd522d2228Ae90D148d656B49DB922c6f37,2
0xf964e7673D2778cfBc67b3eba6Af90aCAa111b6D,2
0xF9658961de313A45Ff8ab9b1281BD88353C2BBF2,2
0xF9693B8c4F3aae8b8D6741679478AD949A900000,2
0xf96Db34b0956A98EE4de5A543F8a63677a30A34B,2
0xf96DE68D37C5D77609EE91C6CD30B655B72Fe916,2
0xF988E760F62f15ee4e0Bf0e3c0E6BF9490d32D1f,2
0xF98c2cf470F703e9C46D9015Bb4B8Df17c41FAF1,2
0xf98FdF7d4212afDD5491e353aF0cc0b85491C1aC,2
0xF992AB5778514d37E23118594314f2eE23b239d6,2
0xf99583D39e0a967D45D7fAF0b28235BF4623c268,2
0xf99C15a02f3F9a9EdC08be6a6adC851227CcFaB0,2
0xF99dD946a771cb1584195aE9638D7d22200aF81A,2
0xf9A8f545d2E9F1994367Bb28a1bd32042320c18C,2
0xF9b421ce4DdE27aC57Bb94EF562566956DC1c97E,2
0xf9b4f185327e14d3a46c22c7c89d78736014f817,2
0xf9b7bc867140289E829336468dc769eb8FcC6dfb,2
0xf9C1B398cC1cC245509f0e36d513c9d984bA5527,2
0xF9c56C4Ad2c12E3c8C4d659a4b93ab447De4C69c,2
0xF9cAc0f3b9c678216897eA16D912f5D99280f491,2
0xf9Cce4CA10D5622678A7e12787c7C8699aAE570F,2
0xf9ce60e90e94694ceB82579E4B917459B1263a6b,2
0xF9D46eC23D40c6AbECF408C97281c00Ce713E046,2
0xF9DFEDf589c21a0F005D93B28069F566d8579bB8,2
0xf9e04d9bc12841777bE8451476d93De4878c31b1,2
0xF9e4AaCAde41f61bA204F7375BA1B89A1928b277,2
0xf9E63Ef9f31311B7c41012115033Ea0FFB58d72C,2
0xF9eEBDB625136da508c2098FDAf3559b5A044d4B,2
0xf9F58B6EFe98B52946fE74ACEE8FbE5811dEf17F,2
0xF9fa3278b32d7f06F5875EbC29c47B9f69803b9F,2
0xfa0233BDA8E79966e7BfaD1424410689bEB6C6d1,2
0xFa06D61a957f12D14d79F0117D9818c2288E9598,2
0xFa148500601D042ce5F9DbCee4Fa20720FA1AfC1,2
0xFa149083009d0425D9186FAAE5693FAe1932B286,2
0xfA1764495b2aAF04810D9f156E414c8EdB5A546e,2
0xfa1aFb8ab14fB360D5008a084287064266e04AeD,2
0xFa1b7919DC5499fabad027eF86DeDaeE2F5a147C,2
0xfA1D68310bf761264a9295C4bCe48c356eC9922a,2
0xfA205de7230687873B9c5cdAC94F79A6f5378d5B,2
0xfa280821e1a702D8A236952B5B5632Fe5CDFd49A,2
0xfa290C514cED379c8f677df47F1213873b7E2F71,2
0xfa35fff3211338aa21a24eff559143e16cb98e84,2
0xfA3C171445Ed171825EdAd0502594bB6d07c6bEd,2
0xFA4617d9af6D1570B9d8a6C5925961ac6BC4D814,2
0xFa4E45C0e1897c59C98276E78B3DE4E8d7a79436,2
0xFa4F91E32A24BA360adB308ddE7c6167291f623f,2
0xfa4fC136A9C63d27Fd1e699222459a45D2FB60A5,2
0xfA4Ff7E57dC6e6f3Da162e77b76e2605749efd1E,2
0xFA50dE214e13302E01BdF635d5204FF26b84ea60,2
0xFa6B97b8dA3Bf3606A8537740B12241e38942122,2
0xfA6c99b8100c8cC09B0a38C51D06a23b8BED4E49,2
0xfa6ed7C32b562Ef40EB8A036c95B705436035781,2
0xfA74B662eA5990a4539F90E774Dd645E1c5B5060,2
0xFa849c55876b321D461E4b73469F8C042A2705B0,2
0xfa8B78b1c7ABbBc3f4b2c5a12E1DBd6cB306c80E,2
0xFA922B4F845BbCBAFb647CB57C6bF82934769824,2
0xFa9A30FEf8DA5Bf0F2ac057BfE3A835efE7a42eb,2
0xfA9E8A9e8434c77AE1BA5cd57876Fc9d9d28C149,2
0xfaA7a04EB02931309c2F5B86fF37f96bf3817D64,2
0xfAae0e658a3A34F94ABEe94e9d05c1976757Eb7A,2
0xfAAe225d833E80A59aB93D23cA63ac27d39C83E2,2
0xFaB41B4a1888cE5069c30BC5bef4071a810A031D,2
0xFAbF323bf590779790CEbAaf7ca655a01FEec319,2
0xFAc2c5e7b3ed88cafD831fdE58229d7BF0F73eF4,2
0xFAc557659122ca9341D12e3961756fBf78b04322,2
0xfAc87105800373E22A649a4A85e1fd821B2604Be,2
0xFacC92520481dc7Aa9E9Adb5F0DEB3F7cB93596e,2
0xFAD4c8F1e71E4c56B87733BD916FF7CfF46c6C29,2
0xfAD61f7E3e6E574D9F06FFC293b7Dd8a5609c69B,2
0xFadA2dD9d8E2203853601677d6D7Fa0eb11D6606,2
0xFADEa625588aaE9790656fd1e634BdfF2C9197D0,2
0xFAE4e6e1DE30E9bd9D57C9d8ceC4D0Db7F924827,2
0xFaE7f47855b88390ff6C3a2cc83003730a6e7357,2
0xFAeB5D192A7336a6E635905D8d33a46AdBBA8513,2
0xfB0246D9Ecafb714623e7c32306753C48Fe647b4,2
0xfB0420d31F7c9929eC31D02B4b66051aaF47383B,2
0xfb0712BD44B5A4994E47093e9E72Bc53422B735E,2
0xfB0AfF4c931b1cF9737285980F5c28f980ae2E52,2
0xfb0C9ccD86659DD8bdB6286172aE8C72a1c1eca8,2
0xfB0f717EEC72432D14b910dE26d51eCA6a47B06A,2
0xfb14806be7255a99ee6674ccce0ed5ece127e3c0,2
0xFB15FDca593Ab6311c631c2fF3B3fe5f49a7e64c,2
0xFb167dbA79BB961c23e0c6781F2d6024919d3a9C,2
0xFB1999D90F347A67595EB9e1a348fB29cf0D1392,2
0xFB1ca9CaDb28227B3B3eaDEb2ec56E437dBD8282,2
0xfB1d342423997c02c7006B421509A7EDd1d9ab71,2
0xFB2282ff91e45AA2D5F3e72aDE40aB3b3617C163,2
0xFB228336E83a81B1DA21594c884551f87Fa079E7,2
0xFB252e1E19F36720dB4C6A1e0A889EA3AFfFC25D,2
0xFB27F35D4A27A80652Dcb0e0964173832abBF42A,2
0xfb32D1B2559ED7fb950b7A061968a8f344e8Fe67,2
0xFb33AdAEf6b62b26d14a3817158a4766b8a05267,2
0xfB33d3B1d39f31F3dA3c01B8e4d6d85D47a458D3,2
0xFB3CD641194E67177ba09B45467727B1746f2d18,2
0xFB3f5502F569852a9051Da0f5E0Cc03F22263b06,2
0xFb3FA9cF7C5a05FAd7DfC2C54DAbb1D086147d5B,2
0xFb40fFB4f402ce4030Ed089734c5864585E3C39f,2
0xfb410Cf8d4F76Fa03b06F91c674cF861bc1E8615,2
0xfB455150962853ec9130BfdC5707FCF9DAB6b7a9,2
0xFb47779fb0f59750fC714ba61a7859b059Bbd3e6,2
0xFB486dC0fE6F7604600810F0b40b62a5CA755555,2
0xFb4C7522c9831B0e8055437a7096dD9BAe7B2221,2
0xFB4c8311E5B8Dd5AD476A8035245CE4A178145Fb,2
0xfb4cbfe1BF4174fD60a6c6DF24D3fa05cF0Bf19B,2
0xfB4D83DC83Debf84e841EBBB6a07F2653722E974,2
0xfB4E403D084e03a45B59CC0a9c078fE3d7A29B80,2
0xfb58CdAE9Ad6FCCCE9b4A45966C51d7Dd10485c4,2
0xFB5cafD94Cc2AF5044d7D86630cB5E851bde8394,2
0xfb64968Ea54d01a5a5766535E98B1b4d7C4AcF74,2
0xFB66dCD149e8e962ed7C042E7bB52f535b9ca77c,2
0xfB7c0a5ea15fF6B57cB48e1b0f8373277cFAab3b,2
0xFb7D8284bDb09D56Ca118511bb7F287B9FcB48Be,2
0xfB800966533AA09D4e54D1Dd15B1BFF853894Aa7,2
0xfB80b7408B242f892D7F5611bF0738f6dAA22a18,2
0xfb8D1b1A05e61369F10C80703b56B4949C393939,2
0xFB97f782E37cbd7f85a11f2878aC14Ac95986c9d,2
0xFb9cE218176F07f333D0102fa975FB43385966B2,2
0xfbA2e598b1B4A57f2265eD19f3EB0C203e78e38e,2
0xfBa31a29d43dCf9627b64d01d13d5ed52E55B4BE,2
0xfBA9443BD0c867F3b2A681D7c495D900d414FdEC,2
0xfBaf43501B66b55a20B12b9b83D0bF1d3CeCae7f,2
0xFbB0F8B6a92A9dCFD38AACe7C24b71cE131a1Dd1,2
0xFBb1aa83C968BF92358dFDfa5f4196e3809E0b87,2
0xfBba53f2d3895659c1085825C86308624a00e508,2
0xfbbcaD6eC521ACb241E6944Ec28e1151fC3B12Ed,2
0xfbC00192a1B5cDe032d71B60dd33bF735Ab3b02B,2
0xfbCe8B9FECD33Eb9B6888E896506080c151a80EC,2
0xfBdA27dbC8720D9CC926b78ff655e9Fb2860f1B7,2
0xfBDA9A3f0fD9f48678399E92cC3BA7FBA926B3f0,2
0xfBDCC162a5eb3b064221EBf8EE2F1f603426Ee24,2
0xFbe0f86B81a4c11F5ED75c3BB8102fF96Cf8577b,2
0xfBE0f8947f769dDDE8E1A8977A062A6FAd444331,2
0xfBE37D048883F3D91FcF9DFA90B7586bF8a45322,2
0xfbEa89f3bafdC70595ece021f5080d65470e675F,2
0xFBeeB3A3d3e339a36A36e7808A67F1710CF41cef,2
0xfBF2CeA8F0DC573D8c7cdb08cF7882987733B80a,2
0xFbf4b6bFbE15dB2EE1a6A22755808896e8d986A3,2
0xFBf7399daeD7D24522ADcD9b544b0AD7d6DD2f72,2
0xFbFf4CAc51Fad0aB86467A2D6E451958293850c3,2
0xfbffD00d3B7F0b268Bb10Da80C5a1b1a1ff8Db14,2
0xFC00299715F2Cb1e685E505c6974D4a6317C54F6,2
0xfc0d565169D62907826cE66BAbc28cC27fEe6B69,2
0xfc22E2Db16C78E22C647CF6C531710590986f209,2
0xfc25895d3A481CA3d97D07e4F1d17007f3e372cb,2
0xFC2e070eD1717f179B7f1617678CD7A095A1C132,2
0xFc2F25e37151fb56F52772F4009565bC25e9a1b8,2
0xFC36aD9B8C3337D33184E1b176B4aE99697b1D09,2
0xfc36dB952de0156aD45a9C6654CAB1ba07daDec2,2
0xfc385f602370500a3d4b562Af721990e24d33820,2
0xFC3A0f2642C1cbD4aFbEf047175AFfA104a5D041,2
0xFc3E1e5CB699c29Eac22FfBE7f66b8816f7A1389,2
0xFc4139307a4B54A58eED192E638A52ca71a37Abb,2
0xfc45De08D425FD1ea47E1a779Bd9C67E642F86e7,2
0xFC4C857b07258Ea9Edb1972691098dE2008D8a59,2
0xfC51cf2A60e1fb00C8eEd34f1412D27a4099D970,2
0xfc5966AD07Fa7e445ccb6501C7d16DCfb5d0F034,2
0xfC5B382c3BBE13e6E24EF971D288054b12647899,2
0xfc5da6c393285D7937e9B4F9ECd5a8f23F7005d7,2
0xfC6D8a4038088D76AAF63Af98b5f51bc02445A93,2
0xfc7506d541eE119a64f0d75f907D21408b71A562,2
0xFc7af206E1a69F7886fB47fF8e1287fFf4406D03,2
0xFc7b59FfceF7f414C0058d1b3759066cdb9328BE,2
0xFC8146b555666b5fA2402f6D6419522b6010431c,2
0xFC81c9c482F9890ee16B9145EAAF75698342880e,2
0xfC8b5D623d3618fb98EE623b3bC2867985062a8B,2
0xFc950A30a646deb1c9B5078f30999F9dAFCaAFcd,2
0xFC9acdf74a95F1D941182605C310906F5Aa46DA8,2
0xfC9c006e40736Cde0fe1f40F8e26581040C51A86,2
0xFCa59912c05B08561077416EE4405541b5566666,2
0xfcA5c36169A85b0D0701cA255333646b906a234e,2
0xFcA815D4e122d56C89D37c6a41316F9ef7A8e1F1,2
0xFCabe6fBa95EBaddb435983E83ec419325312180,2
0xfcb6b92C2f573c853Fb07FF0Ba4fc81734369D69,2
0xFCb85D4139123B1eC6746d1C487A2201045b9F72,2
0xFcBD8383A60596855515040cE2b8E99150e5Aea3,2
0xfcc27B999c8c37FE5a220BC5817CFf95f7C51494,2
0xfCC35E97645C809E7497E4d1A91A9f261Bd59088,2
0xFcC4743852C4B5101A8CCcA05AeD7C2Bb5E6463d,2
0xFcc55C19087B8d9f26B36Edf1085e63eF8090c26,2
0xFCc781691e18A7E9CE5d6035fa3da3329e58e5F2,2
0xfCc8234d5ff2A8C748DEC68b600f9a18deDe81Ce,2
0xFcD5aCE720304944747EB2A17c210212c26f3292,2
0xFcD6B531d1f36424ca8bed67A978C019e84F7e01,2
0xfcDc0D3f443386BCFcF4F2F191569318f994C982,2
0xfCDDE3aF8066515C918A27d3f180055D54DefDb7,2
0xfce278926E5Ac3Ed03187C7362880856f7366089,2
0xFce2D9151861F0B0ea0F68631659ffc48F613219,2
0xFce309B0D1ED15069be75e8350938E787ec2aC90,2
0xfCF82721182AfE347961Aeb44F289C3aB6144Ddc,2
0xFD053cdDf15b6ACd73e48824ccAF89cbB903Efa4,2
0xFD06F87719e5029d93Ba9E96979Da6a28401d7c1,2
0xfd0725B9fD15B983514b8B99fb70e2ae018c9a8D,2
0xFD0B27C65ebea637624AD38f9aFa6894610a4662,2
0xfd0E1caAaD8Fa8C74FB5975521F56C350B62688f,2
0xFd12e0329DFd8207840bb37793D1a6B355Af3Bba,2
0xFd15874d6b9b9BefFe0585Ec0Ef1570515600A34,2
0xFd183eD9003db58FacbBA0138b134Eb26BbDAC07,2
0xfD19AA328D34FFf71a9c635BA9Bbe712468678Ea,2
0xfD208e7Ab15e60B1d410396AF02C5F4711a8ED14,2
0xFD29517DF78E34dcdcfc747Fa851f7950825a560,2
0xfD2aEe0e02039C3330987fA697be27966136ee30,2
0xfD2FE54c6A29541e79a7d2c39E3a012E03c074cA,2
0xFD328dF133CeeFBdE78a819B62AB776fd88B4D1C,2
0xFD35b299E2Fc096198d1033F395979AF11A5bB52,2
0xFd3BF962d61b83994BA0ABc97a7B8797768f98D9,2
0xfd4497E5ba0565C88c5e2f8F51BF49fCb632B500,2
0xfd4c9717331a211E7eC66825BDb3D7e11A401d68,2
0xFD54Fb6790240b27cB12eA102E2B899D70D7Cd60,2
0xfd5EC96a7D18a44CeAb5CAbCe06d3fF429Aa990B,2
0xFd63d9503e4F0D538b48c163C224d93e0Cc9537C,2
0xFD6cdb7fD57642d2BF3C95F9d73665990E8C89D5,2
0xFD6e86cf9AECA787CFFB198BCA859d459a44a847,2
0xfd6f9512D23Adc26789c37a745f38530c00ea20E,2
0xFd7B472291e94A7d51CE25AE37d56375EaFfE866,2
0xFd826BBc9120E81097da803FECc5e610b6559815,2
0xFd84958C76fA6332C79bfD0C34b9baAE258a814b,2
0xFd91c1e39F3f3d44917Ec0450818B9Bcb0CF7217,2
0xfd99ae505a3bf8a40a2e2c3eaa403936fed0b81c,2
0xFd9a350C0F48a2E76CBB9D5a24bF10d804fCe20D,2
0xFdb0490f793108D8fC692C709C27E4a7855A9142,2
0xFDB2c570780606371e8cc1D02Da67Ac555F2b18F,2
0xFdBe8e062fD9a036B4e0e3D31aF1E7dD477e27E1,2
0xFdc0D5bac28F67bafF2d06885Eb961512ce1ec28,2
0xFdC75731792b6EfCc8C02429f61B9eEF536A6F2e,2
0xfdD0a628cDe83b05A738F7E91f60b2922a99B153,2
0xFdD7992da8764c9e8eFB443b956f0a2FCBd359fb,2
0xfDDc90A275f414288c0D508c1602C4553C9489F3,2
0xFde0f509db90B7760478a4e9f4DE5Da70c3a0731,2
0xFDE55a6aAdf032e3c1FD766571a8D1779C484d1F,2
0xfDE6dc84bCE58dD66682996788a23035fe7Ea868,2
0xFde70f76bdf27486a5db15fbC64Bc8AF7D972580,2
0xFDe8a631d811Aac6A6D6e3DA95FABd7e7990BC51,2
0xFde8ed3441Fa6Cea91dAF4e796192D53BD52720A,2
0xFDEa63A9699Eb906BcacD396147717c4b14FB7C8,2
0xFdEa9DDac06911Bb6671e2774BB303E0F6813C9E,2
0xfDF06f5d30A184FeA53BEb280292f3324787D22a,2
0xfDFcd391AaF789E04b62F7Ce8194af540599348B,2
0xFDfE3E555f44D926b70Ebdb94F174Dc7E7c46B81,2
0xfe015de2d2176A0e1D6e328a374Eacb9D4dDa2eB,2
0xFe028C244075A49669f1D36e2a72aeb71aC2178d,2
0xfE0932c906516ae108A38e8B1B2Cba53002AA5B6,2
0xfe0A8f02f3ebe6430189f9E9e65c9Efa6b519f3D,2
0xfE11F1567d1F6C12a1106b7860Cf909e62B48583,2
0xFe1761A6437F4B09ac30e72C846e1a206C3BB0f5,2
0xFE1Ded8bff0E41E358Be6Dd2306Dd9ccF6D9fBEc,2
0xFe2FDB1172A70e6eF2D3B973685d74C5a6bE7e59,2
0xFE3C70b8258C2Be7d210a79E2dbdDe2d8CcC8D52,2
0xFE4B04ADe5478F3B649614221CDCc43EE31fA27e,2
0xfe4F2045ef03c227930123bdA4271ee356294590,2
0xFe5573C66273313034F7fF6050c54b5402553716,2
0xFE561c45f0A7DE70E9d94C744A951107F98bE529,2
0xFe5944b946b848090496c0377B9faAd78f2007F0,2
0xFe5dC2F9bB5613F1E43770F80863A92b7221c6Ae,2
0xFE619834cAff68E5673B01835fc1222a449A3aF5,2
0xFE66df936fd4F63A8007c9fB3cE3C562f474115d,2
0xfE6b1c493e4E3229D8E260C5dDF8d2d5d91112b8,2
0xFE6f209d21D86d2DB3aA7C7Fa92669DCA9082F6d,2
0xFe7037B55bA786B958E0F71395b2C0Bb13DA45d0,2
0xFe79C3968da1ACb4d09734b52A439df8755D64db,2
0xfe842b2c60819d9cf46044ac8478facc1029333d,2
0xfe8cC72D95633e3a40CF3D221a609ef0C4807745,2
0xfE8e222D42F684350782EB0587eb723c2331dc02,2
0xfE8e9273aB86B12C0102202F3DaA073Eb14a509F,2
0xfE90b996aeB7051bDFfd5d840988B8673394297b,2
0xFE90d28F864498571F0c343bEb370f09cAd51F38,2
0xFE944Bc4e4B6556B05Cf7c71d5279DcF827D9a5A,2
0xFe9D3889B5E36b3216a756e0c752220dBf24Dac8,2
0xfEa85820649010898D75AdA26026816aD7e57fC8,2
0xfEaBA25cF41e3219635424c2612849E6Cbcd7377,2
0xfeaC8A9bF4048503333903Ed54aFA2eB1393f1Ac,2
0xfEAF4D8ba2772BC225e6C940F1D002F8460c51bE,2
0xfeb3eb903C9B5D925e2e4CA8Be859d5eEF54AF01,2
0xFeB4F8Cd950524C3E40d82585d8eD412766a12f7,2
0xFeB5443492648ce5D660Ba5f29A26eB70553ab82,2
0xFEbb3f6D61F90a09de21377a579a41d9e3F8458C,2
0xFebBdB2d18Ec440AB76cAE93D0001091D6359c8A,2
0xFEC4732A8AE2aca4677b27B5753058AeF68529E8,2
0xFeC7998d991C385348d2c2e0953BB437755A0c7c,2
0xfeC9d9bc49D64325CA01BC5f35B9Ec9eDfdB5d72,2
0xfECb26fe05eF20F5E616912F3A4F2060Dc7f6D70,2
0xfed0354ceDfF53d6c977F69A3C8463b744d2A362,2
0xfeD0a2CE4603483A67061528FB8266270f7c7Dc7,2
0xfeD98ad9867A2F044327e7D681da7442A3963b13,2
0xFEED827Af2afF6Ca61091d61D5c9878a86b69Ca3,2
0xfeFFeF19a08cc53b80D6d96bBC628E623490b786,2
0xff012Ac365D5852D919944056521e8FAB0c28A22,2
0xff020680284f9E941aBA0Cbafcd57De78E01c828,2
0xFF04127B17585F6DC969091D21Ba9adA14c2D425,2
0xfF0512636765E4B808050513B9c248044a9142C8,2
0xff05163ACe5931715C0E905ad613aCE82D52D3a1,2
0xFf0D8723Ce3def5517c5f51783486C7B2C4aa68f,2
0xfF131C85771F4cD157F356cb22F5efd937bBc250,2
0xfF1c6AB4289DE866f04a131bBdd518f63d2Dc2A7,2
0xFF1c96c853FF388BeeFe4b85cdB4f3649F3fab00,2
0xFF1f837eA32058b67a50B9b64aB5c8B1193a5225,2
0xff28ebb2Fbf837e72e7eEe1575dfd6510D4f3431,2
0xfF2c23771505cEEe3fB50643f918641BcD7099C2,2
0xff345D9Ba458CeC68C65b968eB7849ACf531E995,2
0xFF3a1dfb65bF1A2bA6766136F943439E6984B1ae,2
0xFF3C247d176c0F2E55b42b3DC985eC36E1041Fc7,2
0xfF3cD2f11c77288CDFBb3565Fcee4Ccd5C4B0b3b,2
0xfF491bc7666A807fb03b533d44205190F7DD34c5,2
0xff5C3238258053218D3c4c43403905963145F4b9,2
0xFf5CE5006cc05E43E155Cd19a722b3769BD765F3,2
0xFF60c38F0343a8b8De07c9770266764c452A368F,2
0xff61a35A5FD7F079e03e5024943712FF84De03A1,2
0xff747F983AD8364699236D4bC959B4287b4100D5,2
0xfF748E6B10082a435b9b0ecccf358c42C7f34Dc0,2
0xFF7c333363167A05f5C67dcD52Bf69A5330C25F5,2
0xFf7E81A236F052699b96532baE39b60d109fc3E7,2
0xfF81D04968006dC186c250c74CF6e30852A681E3,2
0xFF89071aF63780c87cAf2d4D444fE92Ea5c6DC91,2
0xfF8BA48f19979a2fa42fA56ce3B85979c6170671,2
0xfF8d5B43f0530BD314e1f5A6D1aa4b20d7e75022,2
0xFf992a32ff9985cc5553238B771dd95115356938,2
0xFF9A10C05d4E36989444356315505dBbFE23e052,2
0xfFA21F44D9444E14049Ed7043B56b3fAa93a1947,2
0xFFA2A428b683950754A0177C2d5bd8cC9fa93280,2
0xFFA2d739ac75b875b8F53661BB2586f2BF8E9d53,2
0xFfa46e3D892834C2FA98d5228e698ba7CE0B8e0a,2
0xFFAD4cC9b880a1217211544360757118a239b0FF,2
0xffaF3FE15D8a00183EEB4fAb74DE5965Ff6c099e,2
0xffB281c74998aD58C018DB4fF211a8907bc96239,2
0xFFb498498B8219f4c001AdBb1922456315E90B57,2
0xFfb6e768f8DBEE429c7db2eD059F62847D8289CC,2
0xffB9552F2340E6d585484aEf9B2073e93053eDd5,2
0xffc44844828d260f93c05903E115E94F09dfF278,2
0xFfcaf6D7F4030d4cc816886ef818aabedae91f37,2
0xffd193dD0C563b5669190aC8Bf969b78BB8a9582,2
0xfFd675De3e40c25C2Ecc0422C860ff7c1A7ae3e5,2
0xFfDA03A768535823F6c7b216e490d58be9BFa22c,2
0xFFDAaEf63790D3Aa790524c76B3F51dd99DF8fdA,2
0xfFdb94DD33B8326aE2D8069aA0Ed79623a4aD319,2
0xffdf088A88CD757148838B70e1B2B2f3eeD0F126,2
0xffe49bA41C7F32d73a53510d4A6309d4Cc211895,2
0xffe9309A3c8eB35c587130B9d5d1BaF60eAFB61b,2
0xFfeEe7880B3Fb0109BD3E66F8481294B5Fd9d27e,2
0xffFdC552B772a1F2e33ad9d22e5F5426b1cA77e1,2
